country_name,country_iso2,region_group,continent,content_id,title_key,is_k_content,first_week,last_week,best_rank,avg_rank,max_weeks_in_top10
Argentina,AR,Non-Asia,Latin America,All of Us Are Dead: Season 1,all of us are dead,True,2022-01-30,2022-03-06,2,4.5,6
Argentina,AR,Non-Asia,Latin America,Bloodhounds: Season 1,bloodhounds,True,2023-06-18,2023-07-09,4,6.75,4
Argentina,AR,Non-Asia,Latin America,Bloodhounds: Season 2,bloodhounds,True,2026-04-05,2026-04-19,1,4.666666666666667,3
Argentina,AR,Non-Asia,Latin America,Extraordinary Attorney Woo: Season 1,extraordinary attorney woo,True,2022-08-14,2022-09-11,4,6.2,5
Argentina,AR,Non-Asia,Latin America,Gyeongseong Creature: Season 1,gyeongseong creature,True,2023-12-31,2023-12-31,9,9.0,1
Argentina,AR,Non-Asia,Latin America,Hellbound: Season 1,hellbound,True,2021-11-21,2021-12-05,3,6.333333333333333,3
Argentina,AR,Non-Asia,Latin America,Hierarchy,hierarchy,True,2026-03-01,2026-03-15,3,4.333333333333333,3
Argentina,AR,Non-Asia,Latin America,Hierarchy: Limited Series,hierarchy,True,2024-06-16,2024-06-16,5,5.0,1
Argentina,AR,Non-Asia,Latin America,Juvenile Justice: Season 1,juvenile justice,True,2022-03-27,2022-04-03,6,7.5,2
Argentina,AR,Non-Asia,Latin America,King the Land: Limited Series,king the land,True,2023-07-16,2023-08-13,4,7.2,5
Argentina,AR,Non-Asia,Latin America,Little Women,little women,True,2023-02-26,2023-03-05,9,9.5,2
Argentina,AR,Non-Asia,Latin America,Love Next Door: Limited Series,love next door,True,2024-09-08,2024-09-15,6,7.5,2
Argentina,AR,Non-Asia,Latin America,Mask Girl: Limited Series,mask girl,True,2023-08-27,2023-08-27,7,7.0,1
Argentina,AR,Non-Asia,Latin America,My Demon: Limited Series,my demon,True,2023-12-03,2023-12-31,8,9.0,5
Argentina,AR,Non-Asia,Latin America,Narco-Saints: Season 1,narco-saints,True,2022-09-18,2022-09-18,6,6.0,1
Argentina,AR,Non-Asia,Latin America,Parasyte: The Grey: Limited Series,parasyte: the grey,True,2024-04-07,2024-04-21,5,7.333333333333333,3
Argentina,AR,Non-Asia,Latin America,Physical: 100: Season 1,physical: 100,True,2023-02-12,2023-02-26,7,8.333333333333334,3
Argentina,AR,Non-Asia,Latin America,Physical: 100: Season 2,physical: 100,True,2024-03-24,2024-03-24,7,7.0,1
Argentina,AR,Non-Asia,Latin America,Queen of Tears: Limited Series,queen of tears,True,2024-03-31,2024-05-12,10,10.0,3
Argentina,AR,Non-Asia,Latin America,Squid Game: Season 1,squid game,True,2021-09-19,2025-07-06,1,4.125,16
Argentina,AR,Non-Asia,Latin America,Squid Game: Season 2,squid game,True,2024-12-29,2025-07-13,1,3.7777777777777777,9
Argentina,AR,Non-Asia,Latin America,Squid Game: Season 3,squid game,True,2025-06-29,2025-07-27,1,4.0,5
Argentina,AR,Non-Asia,Latin America,The 8 Show: Limited Series,the 8 show,True,2024-05-26,2024-05-26,9,9.0,1
Argentina,AR,Non-Asia,Latin America,The Glory: Season 1,the glory,True,2023-03-12,2023-03-26,2,4.666666666666667,3
Argentina,AR,Non-Asia,Latin America,When the Phone Rings: Limited Series,when the phone rings,True,2024-12-01,2024-12-29,9,9.4,5
Australia,AU,Non-Asia,Oceania,A Killer Paradox: Season 1,a killer paradox,True,2024-02-18,2024-02-18,9,9.0,1
Australia,AU,Non-Asia,Oceania,All of Us Are Dead: Season 1,all of us are dead,True,2022-01-30,2022-02-27,1,5.4,5
Australia,AU,Non-Asia,Oceania,Bloodhounds: Season 1,bloodhounds,True,2023-06-18,2023-06-18,8,8.0,1
Australia,AU,Non-Asia,Oceania,Bloodhounds: Season 2,bloodhounds,True,2026-04-12,2026-04-12,9,9.0,1
Australia,AU,Non-Asia,Oceania,Business Proposal: Limited Series,business proposal,True,2022-04-03,2022-04-10,7,8.5,2
Australia,AU,Non-Asia,Oceania,Culinary Class Wars: Season 1,culinary class wars,True,2024-09-29,2024-09-29,8,8.0,1
Australia,AU,Non-Asia,Oceania,Extraordinary Attorney Woo: Season 1,extraordinary attorney woo,True,2022-07-24,2022-08-21,4,7.6,5
Australia,AU,Non-Asia,Oceania,Gyeongseong Creature: Season 1,gyeongseong creature,True,2023-12-31,2023-12-31,9,9.0,1
Australia,AU,Non-Asia,Oceania,Hellbound: Season 1,hellbound,True,2021-11-28,2021-11-28,4,4.0,1
Australia,AU,Non-Asia,Oceania,King the Land: Limited Series,king the land,True,2023-06-25,2023-06-25,8,8.0,1
Australia,AU,Non-Asia,Oceania,Little Women,little women,True,2022-04-10,2022-04-17,8,9.0,2
Australia,AU,Non-Asia,Oceania,Mask Girl: Limited Series,mask girl,True,2023-08-27,2023-08-27,8,8.0,1
Australia,AU,Non-Asia,Oceania,Narco-Saints: Season 1,narco-saints,True,2022-09-18,2022-09-18,9,9.0,1
Australia,AU,Non-Asia,Oceania,Parasyte: The Grey: Limited Series,parasyte: the grey,True,2024-04-14,2024-04-14,6,6.0,1
Australia,AU,Non-Asia,Oceania,Physical: 100: Season 1,physical: 100,True,2023-01-29,2023-03-05,2,4.666666666666667,6
Australia,AU,Non-Asia,Oceania,Physical: 100: Season 2,physical: 100,True,2024-03-24,2024-03-31,4,5.0,2
Australia,AU,Non-Asia,Oceania,Queen of Tears: Limited Series,queen of tears,True,2024-03-17,2024-03-24,7,8.0,2
Australia,AU,Non-Asia,Oceania,Single’s Inferno: Season 5,single's inferno,True,2026-01-25,2026-02-01,10,10.0,2
Australia,AU,Non-Asia,Oceania,Squid Game: Season 1,squid game,True,2021-09-19,2025-01-12,1,4.0,14
Australia,AU,Non-Asia,Oceania,Squid Game: Season 2,squid game,True,2024-12-29,2025-02-02,1,3.5,6
Australia,AU,Non-Asia,Oceania,Squid Game: Season 3,squid game,True,2025-06-29,2025-07-27,1,3.0,5
Australia,AU,Non-Asia,Oceania,The Glory: Season 1,the glory,True,2023-01-08,2023-03-26,2,4.75,4
Australia,AU,Non-Asia,Oceania,The Silent Sea: Season 1,the silent sea,True,2022-01-02,2022-01-02,5,5.0,1
Austria,AT,Non-Asia,Europe,All of Us Are Dead: Season 1,all of us are dead,True,2022-01-30,2022-02-27,1,3.8,5
Austria,AT,Non-Asia,Europe,Bloodhounds: Season 1,bloodhounds,True,2023-06-18,2023-06-25,6,7.0,2
Austria,AT,Non-Asia,Europe,Bloodhounds: Season 2,bloodhounds,True,2026-04-05,2026-04-12,5,6.0,2
Austria,AT,Non-Asia,Europe,Culinary Class Wars: Season 1,culinary class wars,True,2024-09-29,2024-09-29,10,10.0,1
Austria,AT,Non-Asia,Europe,Gyeongseong Creature: Season 1,gyeongseong creature,True,2023-12-31,2023-12-31,9,9.0,1
Austria,AT,Non-Asia,Europe,Hellbound: Season 1,hellbound,True,2021-11-21,2021-11-28,3,5.5,2
Austria,AT,Non-Asia,Europe,Hierarchy: Limited Series,hierarchy,True,2024-06-16,2024-06-16,10,10.0,1
Austria,AT,Non-Asia,Europe,Little Women,little women,True,2022-01-02,2022-01-02,3,3.0,1
Austria,AT,Non-Asia,Europe,Mask Girl: Limited Series,mask girl,True,2023-08-27,2023-08-27,9,9.0,1
Austria,AT,Non-Asia,Europe,Narco-Saints: Season 1,narco-saints,True,2022-09-18,2022-09-18,6,6.0,1
Austria,AT,Non-Asia,Europe,Parasyte: The Grey: Limited Series,parasyte: the grey,True,2024-04-07,2024-04-14,8,8.5,2
Austria,AT,Non-Asia,Europe,Physical: 100: Season 1,physical: 100,True,2023-02-05,2023-02-26,2,4.0,4
Austria,AT,Non-Asia,Europe,Physical: 100: Season 2,physical: 100,True,2024-03-24,2024-04-07,5,6.666666666666667,3
Austria,AT,Non-Asia,Europe,Squid Game: Season 1,squid game,True,2021-09-19,2025-01-19,1,3.625,16
Austria,AT,Non-Asia,Europe,Squid Game: Season 2,squid game,True,2024-12-29,2025-07-06,1,3.7142857142857144,7
Austria,AT,Non-Asia,Europe,Squid Game: Season 3,squid game,True,2025-06-29,2025-07-27,1,2.2,5
Austria,AT,Non-Asia,Europe,The 8 Show: Limited Series,the 8 show,True,2024-05-26,2024-06-02,6,8.0,2
Austria,AT,Non-Asia,Europe,The Glory: Season 1,the glory,True,2023-01-08,2023-03-19,4,7.0,3
Austria,AT,Non-Asia,Europe,The Silent Sea: Season 1,the silent sea,True,2022-01-02,2022-01-02,7,7.0,1
Bahamas,BS,Non-Asia,North America,Alchemy of Souls: Part 1,alchemy of souls,True,2022-12-18,2022-12-18,8,8.0,1
Bahamas,BS,Non-Asia,North America,All of Us Are Dead: Season 1,all of us are dead,True,2022-01-30,2022-02-27,2,4.6,5
Bahamas,BS,Non-Asia,North America,Bloodhounds: Season 1,bloodhounds,True,2023-06-11,2023-06-25,3,5.333333333333333,3
Bahamas,BS,Non-Asia,North America,Bloodhounds: Season 2,bloodhounds,True,2026-04-12,2026-04-12,9,9.0,1
Bahamas,BS,Non-Asia,North America,Gyeongseong Creature: Season 1,gyeongseong creature,True,2023-12-24,2023-12-31,8,9.0,2
Bahamas,BS,Non-Asia,North America,Hellbound: Season 1,hellbound,True,2021-11-21,2021-11-28,1,1.5,2
Bahamas,BS,Non-Asia,North America,Hierarchy: Limited Series,hierarchy,True,2024-06-16,2024-06-16,4,4.0,1
Bahamas,BS,Non-Asia,North America,Juvenile Justice: Season 1,juvenile justice,True,2022-03-06,2022-03-06,8,8.0,1
Bahamas,BS,Non-Asia,North America,Kingdom,kingdom,True,2023-07-23,2023-07-23,10,10.0,1
Bahamas,BS,Non-Asia,North America,Narco-Saints: Season 1,narco-saints,True,2022-09-11,2022-09-25,1,4.333333333333333,3
Bahamas,BS,Non-Asia,North America,Parasyte: The Grey: Limited Series,parasyte: the grey,True,2024-04-07,2024-04-14,2,2.5,2
Bahamas,BS,Non-Asia,North America,Physical: 100: Season 1,physical: 100,True,2023-02-12,2023-02-19,4,7.0,2
Bahamas,BS,Non-Asia,North America,Remarriage & Desires: Season 1,remarriage & desires,True,2022-07-24,2022-07-24,8,8.0,1
Bahamas,BS,Non-Asia,North America,Squid Game: Season 1,squid game,True,2021-09-19,2025-01-05,1,4.363636363636363,11
Bahamas,BS,Non-Asia,North America,Squid Game: Season 2,squid game,True,2024-12-29,2025-01-19,1,2.5,4
Bahamas,BS,Non-Asia,North America,Squid Game: Season 3,squid game,True,2025-06-29,2025-07-13,1,1.3333333333333333,3
Bahamas,BS,Non-Asia,North America,The Bequeathed: Limited Series,the bequeathed,True,2024-01-28,2024-01-28,8,8.0,1
Bahamas,BS,Non-Asia,North America,The Glory: Season 1,the glory,True,2023-01-08,2023-03-26,3,6.75,4
Bahamas,BS,Non-Asia,North America,The Silent Sea: Season 1,the silent sea,True,2022-01-02,2022-01-02,6,6.0,1
Bahrain,BH,Asia,Asia,A Killer Paradox: Season 1,a killer paradox,True,2024-02-11,2024-02-18,6,7.5,2
Bahrain,BH,Asia,Asia,A Time Called You: Limited Series,a time called you,True,2023-09-17,2023-09-17,9,9.0,1
Bahrain,BH,Asia,Asia,Alchemy of Souls: Part 1,alchemy of souls,True,2022-07-10,2022-12-18,4,7.9,10
Bahrain,BH,Asia,Asia,Alchemy of Souls: Part 2,alchemy of souls,True,2022-12-18,2023-01-15,5,6.6,5
Bahrain,BH,Asia,Asia,All of Us Are Dead: Season 1,all of us are dead,True,2022-01-30,2022-03-06,1,3.3333333333333335,6
Bahrain,BH,Asia,Asia,Behind Your Touch: Limited Series,behind your touch,True,2023-08-20,2023-08-20,7,7.0,1
Bahrain,BH,Asia,Asia,Bloodhounds: Season 1,bloodhounds,True,2023-06-18,2026-04-12,3,6.0,4
Bahrain,BH,Asia,Asia,Bloodhounds: Season 2,bloodhounds,True,2026-04-05,2026-04-19,2,3.3333333333333335,3
Bahrain,BH,Asia,Asia,Business Proposal: Limited Series,business proposal,True,2022-03-13,2022-05-08,1,4.777777777777778,9
Bahrain,BH,Asia,Asia,Castaway Diva: Limited Series,castaway diva,True,2023-11-05,2023-11-05,6,6.0,1
Bahrain,BH,Asia,Asia,Celebrity: Limited Series,celebrity,True,2023-07-09,2023-07-16,2,5.0,2
Bahrain,BH,Asia,Asia,Culinary Class Wars: Season 1,culinary class wars,True,2024-09-22,2024-10-13,6,7.75,4
Bahrain,BH,Asia,Asia,Culinary Class Wars: Season 2,culinary class wars,True,2025-12-21,2025-12-28,7,8.0,2
Bahrain,BH,Asia,Asia,Doctor Cha: Limited Series,doctor cha,True,2023-04-30,2023-06-11,3,5.142857142857143,7
Bahrain,BH,Asia,Asia,Doona!: Season 1,doona!,True,2023-10-22,2023-10-29,5,7.5,2
Bahrain,BH,Asia,Asia,Extraordinary Attorney Woo: Season 1,extraordinary attorney woo,True,2022-07-17,2022-09-04,1,4.0,8
Bahrain,BH,Asia,Asia,Forecasting Love and Weather: Limited Series,forecasting love and weather,True,2022-04-03,2022-04-10,9,9.0,2
Bahrain,BH,Asia,Asia,Gyeongseong Creature: Season 1,gyeongseong creature,True,2023-12-31,2024-01-14,2,5.666666666666667,3
Bahrain,BH,Asia,Asia,Gyeongseong Creature: Season 2,gyeongseong creature,True,2024-09-29,2024-10-06,4,7.0,2
Bahrain,BH,Asia,Asia,Hellbound: Season 1,hellbound,True,2021-11-21,2021-12-05,1,2.0,3
Bahrain,BH,Asia,Asia,Hellbound: Season 2,hellbound,True,2024-11-03,2024-11-03,9,9.0,1
Bahrain,BH,Asia,Asia,Hierarchy: Limited Series,hierarchy,True,2024-06-09,2024-06-30,2,6.25,4
Bahrain,BH,Asia,Asia,Hometown Cha-Cha-Cha: Limited Series,hometown cha-cha-cha,True,2021-09-19,2021-11-07,4,6.125,8
Bahrain,BH,Asia,Asia,Juvenile Justice: Season 1,juvenile justice,True,2022-03-06,2022-03-13,6,7.5,2
Bahrain,BH,Asia,Asia,King the Land: Limited Series,king the land,True,2023-06-25,2023-08-13,2,5.0,8
Bahrain,BH,Asia,Asia,Kingdom,kingdom,True,2023-07-23,2025-09-21,4,7.75,3
Bahrain,BH,Asia,Asia,Little Women: Limited Series,little women,True,2022-10-02,2022-10-23,4,5.0,4
Bahrain,BH,Asia,Asia,Love Next Door: Limited Series,love next door,True,2024-08-25,2024-09-22,4,5.6,5
Bahrain,BH,Asia,Asia,Love to Hate You: Season 1,love to hate you,True,2023-02-19,2023-02-19,6,6.0,1
Bahrain,BH,Asia,Asia,Mask Girl: Limited Series,mask girl,True,2023-08-27,2023-09-03,4,4.5,2
Bahrain,BH,Asia,Asia,Miss Night and Day: Limited Series,miss night and day,True,2024-06-23,2024-08-11,3,4.125,8
Bahrain,BH,Asia,Asia,Mr. Plankton: Limited Series,mr. plankton,True,2024-11-17,2024-11-24,6,7.0,2
Bahrain,BH,Asia,Asia,My Demon: Limited Series,my demon,True,2023-11-26,2024-01-28,3,6.2,10
Bahrain,BH,Asia,Asia,Narco-Saints: Season 1,narco-saints,True,2022-09-18,2022-09-25,3,4.0,2
Bahrain,BH,Asia,Asia,Parasyte: The Grey: Limited Series,parasyte: the grey,True,2024-04-07,2024-04-28,1,4.25,4
Bahrain,BH,Asia,Asia,Physical: 100: Season 1,physical: 100,True,2023-01-29,2023-02-26,1,4.2,5
Bahrain,BH,Asia,Asia,Physical: 100: Season 2,physical: 100,True,2024-03-24,2024-04-07,3,5.333333333333333,3
Bahrain,BH,Asia,Asia,Queen of Tears: Limited Series,queen of tears,True,2024-03-17,2024-05-05,2,5.25,8
Bahrain,BH,Asia,Asia,See You in My 19th Life: Limited Series,see you in my 19th life,True,2023-06-25,2023-06-25,8,8.0,1
Bahrain,BH,Asia,Asia,Single’s Inferno: Season 1,single's inferno,True,2022-01-09,2022-01-16,7,7.0,2
Bahrain,BH,Asia,Asia,Single’s Inferno: Season 3,single's inferno,True,2023-12-17,2023-12-24,7,8.0,2
Bahrain,BH,Asia,Asia,Single’s Inferno: Season 4,single's inferno,True,2025-01-19,2025-01-19,8,8.0,1
Bahrain,BH,Asia,Asia,Single’s Inferno: Season 5,single's inferno,True,2026-01-25,2026-02-08,5,6.666666666666667,3
Bahrain,BH,Asia,Asia,Squid Game: Season 1,squid game,True,2021-09-19,2025-07-13,1,4.3478260869565215,23
Bahrain,BH,Asia,Asia,Squid Game: Season 2,squid game,True,2024-12-29,2025-07-20,1,2.909090909090909,11
Bahrain,BH,Asia,Asia,Squid Game: Season 3,squid game,True,2025-06-29,2025-08-03,1,2.5,6
Bahrain,BH,Asia,Asia,Sweet Home: Season 2,sweet home,True,2023-12-10,2023-12-10,5,5.0,1
Bahrain,BH,Asia,Asia,Sweet Home: Season 3,sweet home,True,2024-07-28,2024-07-28,7,7.0,1
Bahrain,BH,Asia,Asia,The 8 Show: Limited Series,the 8 show,True,2024-05-26,2024-06-02,3,4.0,2
Bahrain,BH,Asia,Asia,The Bequeathed: Limited Series,the bequeathed,True,2024-01-28,2024-01-28,7,7.0,1
Bahrain,BH,Asia,Asia,The Frog: Limited Series,the frog,True,2024-08-25,2024-09-01,7,8.5,2
Bahrain,BH,Asia,Asia,The Glory: Season 1,the glory,True,2023-01-01,2023-04-16,1,4.4,10
Bahrain,BH,Asia,Asia,The Good Bad Mother: Limited Series,the good bad mother,True,2023-05-14,2023-06-11,4,6.2,5
Bahrain,BH,Asia,Asia,The Silent Sea: Season 1,the silent sea,True,2022-01-02,2022-01-09,4,7.0,2
Bahrain,BH,Asia,Asia,Tomorrow: Limited Series,tomorrow,True,2022-05-01,2022-05-29,5,8.0,3
Bahrain,BH,Asia,Asia,Twenty Five Twenty One: Limited Series,twenty five twenty one,True,2022-03-20,2022-04-17,4,5.4,5
Bahrain,BH,Asia,Asia,Under the Queen's Umbrella: Limited Series,under the queen's umbrella,True,2022-11-27,2022-12-11,5,7.0,3
Bahrain,BH,Asia,Asia,When the Phone Rings: Limited Series,when the phone rings,True,2024-11-24,2025-01-05,1,3.7142857142857144,7
Bangladesh,BD,Asia,Asia,A Killer Paradox: Season 1,a killer paradox,True,2024-02-11,2024-03-03,1,3.75,4
Bangladesh,BD,Asia,Asia,A Time Called You: Limited Series,a time called you,True,2023-09-10,2023-10-01,3,6.0,4
Bangladesh,BD,Asia,Asia,Alchemy of Souls: Part 1,alchemy of souls,True,2022-07-10,2023-01-22,3,6.538461538461538,13
Bangladesh,BD,Asia,Asia,Alchemy of Souls: Part 2,alchemy of souls,True,2022-12-18,2023-01-15,4,5.8,5
Bangladesh,BD,Asia,Asia,All of Us Are Dead: Season 1,all of us are dead,True,2022-01-30,2022-10-09,1,4.909090909090909,22
Bangladesh,BD,Asia,Asia,Behind Your Touch: Limited Series,behind your touch,True,2023-08-20,2023-08-20,8,8.0,1
Bangladesh,BD,Asia,Asia,Bloodhounds: Season 1,bloodhounds,True,2023-06-18,2026-04-19,4,6.75,4
Bangladesh,BD,Asia,Asia,Bloodhounds: Season 2,bloodhounds,True,2026-04-05,2026-04-26,2,4.0,4
Bangladesh,BD,Asia,Asia,Business Proposal: Limited Series,business proposal,True,2022-03-06,2023-04-09,1,6.172413793103448,29
Bangladesh,BD,Asia,Asia,Celebrity: Limited Series,celebrity,True,2023-07-02,2023-07-30,2,6.4,5
Bangladesh,BD,Asia,Asia,Crash Landing on You: Limited Series,crash landing on you,True,2021-07-11,2022-04-17,8,9.0,2
Bangladesh,BD,Asia,Asia,Doctor Cha: Limited Series,doctor cha,True,2023-05-07,2023-06-11,2,5.833333333333333,6
Bangladesh,BD,Asia,Asia,Doona!: Season 1,doona!,True,2023-10-29,2023-10-29,2,2.0,1
Bangladesh,BD,Asia,Asia,Extraordinary Attorney Woo: Season 1,extraordinary attorney woo,True,2022-07-17,2022-09-04,1,3.875,8
Bangladesh,BD,Asia,Asia,Forecasting Love and Weather: Limited Series,forecasting love and weather,True,2022-02-27,2022-04-10,6,8.0,7
Bangladesh,BD,Asia,Asia,Gyeongseong Creature: Season 1,gyeongseong creature,True,2023-12-24,2024-10-06,2,5.166666666666667,6
Bangladesh,BD,Asia,Asia,Gyeongseong Creature: Season 2,gyeongseong creature,True,2024-09-29,2024-10-20,2,3.25,4
Bangladesh,BD,Asia,Asia,Hellbound: Season 1,hellbound,True,2021-11-21,2024-11-03,1,3.8,5
Bangladesh,BD,Asia,Asia,Hellbound: Season 2,hellbound,True,2024-10-27,2024-11-10,5,6.0,3
Bangladesh,BD,Asia,Asia,Hierarchy: Limited Series,hierarchy,True,2024-06-09,2024-07-21,2,6.142857142857143,7
Bangladesh,BD,Asia,Asia,Hometown Cha-Cha-Cha: Limited Series,hometown cha-cha-cha,True,2021-09-05,2021-12-05,2,4.857142857142857,14
Bangladesh,BD,Asia,Asia,Hospital Playlist: Season 2,hospital playlist,True,2021-08-22,2021-08-29,8,9.0,2
Bangladesh,BD,Asia,Asia,Juvenile Justice: Season 1,juvenile justice,True,2022-03-06,2022-03-06,7,7.0,1
Bangladesh,BD,Asia,Asia,King the Land: Limited Series,king the land,True,2023-06-25,2023-08-27,2,3.6,10
Bangladesh,BD,Asia,Asia,Kingdom,kingdom,True,2025-08-31,2025-09-21,4,4.25,4
Bangladesh,BD,Asia,Asia,Little Women,little women,True,2022-05-01,2022-05-01,9,9.0,1
Bangladesh,BD,Asia,Asia,Little Women: Limited Series,little women,True,2022-09-11,2022-10-30,2,5.375,8
Bangladesh,BD,Asia,Asia,Love Next Door: Limited Series,love next door,True,2024-08-18,2024-10-20,2,4.6,10
Bangladesh,BD,Asia,Asia,Love to Hate You: Season 1,love to hate you,True,2023-02-19,2023-02-26,6,7.0,2
Bangladesh,BD,Asia,Asia,Mask Girl: Limited Series,mask girl,True,2023-08-27,2023-09-10,3,6.0,3
Bangladesh,BD,Asia,Asia,Mr. Plankton: Limited Series,mr. plankton,True,2024-11-17,2024-12-08,1,4.75,4
Bangladesh,BD,Asia,Asia,My Demon: Limited Series,my demon,True,2023-11-26,2024-08-11,2,4.615384615384615,13
Bangladesh,BD,Asia,Asia,My Liberation Notes: Limited Series,my liberation notes,True,2022-06-05,2022-06-05,10,10.0,1
Bangladesh,BD,Asia,Asia,Narco-Saints: Season 1,narco-saints,True,2022-09-18,2022-09-25,1,2.5,2
Bangladesh,BD,Asia,Asia,Our Beloved Summer: Limited Series,our beloved summer,True,2021-12-26,2022-02-06,6,8.333333333333334,6
Bangladesh,BD,Asia,Asia,Parasyte: The Grey: Limited Series,parasyte: the grey,True,2024-04-07,2024-05-05,2,4.0,5
Bangladesh,BD,Asia,Asia,Physical: 100: Season 2,physical: 100,True,2024-03-24,2024-03-24,9,9.0,1
Bangladesh,BD,Asia,Asia,Queen of Tears: Limited Series,queen of tears,True,2024-03-10,2024-08-18,2,6.35,20
Bangladesh,BD,Asia,Asia,Resident Playbook: Limited Series,resident playbook,True,2025-05-11,2025-05-25,9,9.5,2
Bangladesh,BD,Asia,Asia,See You in My 19th Life: Limited Series,see you in my 19th life,True,2023-06-25,2023-07-30,5,6.4,5
Bangladesh,BD,Asia,Asia,Single’s Inferno: Season 5,single's inferno,True,2026-01-25,2026-01-25,9,9.0,1
Bangladesh,BD,Asia,Asia,Squid Game: Season 1,squid game,True,2021-09-19,2025-07-20,1,5.4324324324324325,37
Bangladesh,BD,Asia,Asia,Squid Game: Season 2,squid game,True,2024-12-29,2025-07-27,1,4.35,20
Bangladesh,BD,Asia,Asia,Squid Game: Season 3,squid game,True,2025-06-29,2025-08-24,1,4.222222222222222,9
Bangladesh,BD,Asia,Asia,Sweet Home: Season 1,sweet home,True,2023-12-10,2024-08-11,5,6.75,4
Bangladesh,BD,Asia,Asia,Sweet Home: Season 2,sweet home,True,2023-12-03,2024-08-04,3,6.2,5
Bangladesh,BD,Asia,Asia,Sweet Home: Season 3,sweet home,True,2024-07-28,2024-08-18,2,4.75,4
Bangladesh,BD,Asia,Asia,The 8 Show: Limited Series,the 8 show,True,2024-05-26,2024-06-02,4,4.5,2
Bangladesh,BD,Asia,Asia,The Bequeathed: Limited Series,the bequeathed,True,2024-01-28,2024-01-28,7,7.0,1
Bangladesh,BD,Asia,Asia,The Frog: Limited Series,the frog,True,2024-08-25,2024-09-15,2,4.25,4
Bangladesh,BD,Asia,Asia,The Glory: Season 1,the glory,True,2023-01-08,2023-05-28,2,5.333333333333333,15
Bangladesh,BD,Asia,Asia,The Good Bad Mother: Limited Series,the good bad mother,True,2023-05-14,2023-06-11,4,4.6,5
Bangladesh,BD,Asia,Asia,The Silent Sea: Season 1,the silent sea,True,2021-12-26,2022-01-16,3,6.0,4
Bangladesh,BD,Asia,Asia,Thirty-Nine: Limited Series,thirty-nine,True,2022-04-03,2022-04-03,10,10.0,1
Bangladesh,BD,Asia,Asia,Tomorrow: Limited Series,tomorrow,True,2022-05-08,2022-05-29,4,6.75,4
Bangladesh,BD,Asia,Asia,Twenty Five Twenty One: Limited Series,twenty five twenty one,True,2022-02-27,2022-05-22,3,5.076923076923077,13
Bangladesh,BD,Asia,Asia,Under the Queen's Umbrella: Limited Series,under the queen's umbrella,True,2022-12-04,2022-12-04,8,8.0,1
Bangladesh,BD,Asia,Asia,Vincenzo: Season 1,vincenzo,True,2021-07-04,2023-05-28,3,8.166666666666666,18
Bangladesh,BD,Asia,Asia,When the Phone Rings: Limited Series,when the phone rings,True,2024-11-24,2025-01-12,2,4.625,8
Belgium,BE,Non-Asia,Europe,All of Us Are Dead: Season 1,all of us are dead,True,2022-01-30,2022-03-06,1,3.1666666666666665,6
Belgium,BE,Non-Asia,Europe,Bloodhounds: Season 1,bloodhounds,True,2023-06-18,2023-06-25,5,6.5,2
Belgium,BE,Non-Asia,Europe,Bloodhounds: Season 2,bloodhounds,True,2026-04-05,2026-04-12,5,6.0,2
Belgium,BE,Non-Asia,Europe,Hellbound: Season 1,hellbound,True,2021-11-21,2021-12-05,1,5.0,3
Belgium,BE,Non-Asia,Europe,Hierarchy: Limited Series,hierarchy,True,2024-06-16,2024-06-16,9,9.0,1
Belgium,BE,Non-Asia,Europe,Little Women,little women,True,2021-11-07,2021-12-19,7,8.5,2
Belgium,BE,Non-Asia,Europe,Mask Girl: Limited Series,mask girl,True,2023-08-27,2023-08-27,7,7.0,1
Belgium,BE,Non-Asia,Europe,Narco-Saints: Season 1,narco-saints,True,2022-09-18,2022-09-18,7,7.0,1
Belgium,BE,Non-Asia,Europe,Parasyte: The Grey: Limited Series,parasyte: the grey,True,2024-04-07,2024-04-14,6,7.5,2
Belgium,BE,Non-Asia,Europe,Physical: 100: Season 1,physical: 100,True,2023-02-05,2023-02-26,2,5.0,4
Belgium,BE,Non-Asia,Europe,Physical: 100: Season 2,physical: 100,True,2024-03-24,2024-03-31,5,5.0,2
Belgium,BE,Non-Asia,Europe,Squid Game: Season 1,squid game,True,2021-09-19,2025-01-19,1,3.6,15
Belgium,BE,Non-Asia,Europe,Squid Game: Season 2,squid game,True,2024-12-29,2025-07-06,1,3.7142857142857144,7
Belgium,BE,Non-Asia,Europe,Squid Game: Season 3,squid game,True,2025-06-29,2025-08-10,1,3.0,7
Belgium,BE,Non-Asia,Europe,The 8 Show: Limited Series,the 8 show,True,2024-05-26,2024-05-26,6,6.0,1
Belgium,BE,Non-Asia,Europe,The Glory: Season 1,the glory,True,2023-01-08,2023-03-26,3,5.5,4
Belgium,BE,Non-Asia,Europe,The Silent Sea: Season 1,the silent sea,True,2022-01-02,2022-01-02,6,6.0,1
Bolivia,BO,Non-Asia,Latin America,A Killer Paradox: Season 1,a killer paradox,True,2024-02-11,2024-02-18,4,6.5,2
Bolivia,BO,Non-Asia,Latin America,A Time Called You: Limited Series,a time called you,True,2023-09-17,2023-09-17,3,3.0,1
Bolivia,BO,Non-Asia,Latin America,Alchemy of Souls: Part 1,alchemy of souls,True,2022-08-28,2023-01-29,5,7.0,6
Bolivia,BO,Non-Asia,Latin America,Alchemy of Souls: Part 2,alchemy of souls,True,2023-02-12,2023-02-19,8,8.0,2
Bolivia,BO,Non-Asia,Latin America,All of Us Are Dead: Season 1,all of us are dead,True,2022-01-30,2024-02-04,1,4.875,16
Bolivia,BO,Non-Asia,Latin America,Behind Your Touch: Limited Series,behind your touch,True,2023-08-20,2023-10-01,5,7.142857142857143,7
Bolivia,BO,Non-Asia,Latin America,Bloodhounds: Season 1,bloodhounds,True,2023-06-11,2026-04-19,1,4.571428571428571,7
Bolivia,BO,Non-Asia,Latin America,Bloodhounds: Season 2,bloodhounds,True,2026-04-05,2026-05-03,2,4.6,5
Bolivia,BO,Non-Asia,Latin America,Business Proposal: Limited Series,business proposal,True,2022-04-17,2022-12-18,3,7.066666666666666,15
Bolivia,BO,Non-Asia,Latin America,Castaway Diva: Limited Series,castaway diva,True,2023-11-12,2023-11-26,3,5.666666666666667,3
Bolivia,BO,Non-Asia,Latin America,Celebrity: Limited Series,celebrity,True,2023-07-02,2023-07-16,1,4.666666666666667,3
Bolivia,BO,Non-Asia,Latin America,Culinary Class Wars: Season 1,culinary class wars,True,2024-09-29,2024-09-29,10,10.0,1
Bolivia,BO,Non-Asia,Latin America,Daily Dose of Sunshine: Season 1,daily dose of sunshine,True,2023-11-12,2023-11-19,7,8.0,2
Bolivia,BO,Non-Asia,Latin America,Doctor Cha: Limited Series,doctor cha,True,2023-05-28,2023-07-09,5,6.285714285714286,7
Bolivia,BO,Non-Asia,Latin America,Doona!: Season 1,doona!,True,2023-10-22,2023-11-05,4,5.0,3
Bolivia,BO,Non-Asia,Latin America,Extraordinary Attorney Woo: Season 1,extraordinary attorney woo,True,2022-07-24,2022-10-23,1,3.2142857142857144,14
Bolivia,BO,Non-Asia,Latin America,Gyeongseong Creature: Season 1,gyeongseong creature,True,2023-12-31,2023-12-31,5,5.0,1
Bolivia,BO,Non-Asia,Latin America,Hellbound: Season 1,hellbound,True,2021-11-21,2021-12-05,3,5.333333333333333,3
Bolivia,BO,Non-Asia,Latin America,Hierarchy,hierarchy,True,2026-03-01,2026-03-08,4,4.5,2
Bolivia,BO,Non-Asia,Latin America,Hierarchy: Limited Series,hierarchy,True,2024-06-09,2024-07-07,2,3.8,5
Bolivia,BO,Non-Asia,Latin America,Hometown Cha-Cha-Cha: Limited Series,hometown cha-cha-cha,True,2021-11-07,2021-12-12,6,6.833333333333333,6
Bolivia,BO,Non-Asia,Latin America,Juvenile Justice: Season 1,juvenile justice,True,2022-03-06,2022-04-03,4,6.2,5
Bolivia,BO,Non-Asia,Latin America,King the Land: Limited Series,king the land,True,2023-07-16,2023-09-17,1,3.3,10
Bolivia,BO,Non-Asia,Latin America,Little Women: Limited Series,little women,True,2022-10-23,2022-11-20,5,6.6,5
Bolivia,BO,Non-Asia,Latin America,Love Next Door: Limited Series,love next door,True,2024-09-01,2024-11-03,1,4.1,10
Bolivia,BO,Non-Asia,Latin America,Love to Hate You: Season 1,love to hate you,True,2023-02-19,2023-02-19,6,6.0,1
Bolivia,BO,Non-Asia,Latin America,Mask Girl: Limited Series,mask girl,True,2023-08-20,2023-09-10,1,5.75,4
Bolivia,BO,Non-Asia,Latin America,Miss Night and Day: Limited Series,miss night and day,True,2024-07-14,2024-09-15,2,3.8,10
Bolivia,BO,Non-Asia,Latin America,Mr. Plankton: Limited Series,mr. plankton,True,2024-11-17,2024-11-24,5,6.5,2
Bolivia,BO,Non-Asia,Latin America,My Demon: Limited Series,my demon,True,2023-12-03,2024-02-04,1,4.2,10
Bolivia,BO,Non-Asia,Latin America,Narco-Saints: Season 1,narco-saints,True,2022-09-18,2022-09-18,6,6.0,1
Bolivia,BO,Non-Asia,Latin America,Parasyte: The Grey: Limited Series,parasyte: the grey,True,2024-04-07,2024-05-05,1,3.2,5
Bolivia,BO,Non-Asia,Latin America,Physical: 100: Season 1,physical: 100,True,2023-02-12,2023-02-26,4,5.0,3
Bolivia,BO,Non-Asia,Latin America,Physical: 100: Season 2,physical: 100,True,2024-03-24,2024-04-07,3,7.0,3
Bolivia,BO,Non-Asia,Latin America,Queen of Tears: Limited Series,queen of tears,True,2024-03-24,2024-05-26,2,3.6,10
Bolivia,BO,Non-Asia,Latin America,See You in My 19th Life: Limited Series,see you in my 19th life,True,2023-07-02,2023-07-30,5,7.8,5
Bolivia,BO,Non-Asia,Latin America,Single’s Inferno: Season 3,single's inferno,True,2023-12-17,2023-12-24,7,7.5,2
Bolivia,BO,Non-Asia,Latin America,Single’s Inferno: Season 5,single's inferno,True,2026-01-25,2026-02-01,7,7.5,2
Bolivia,BO,Non-Asia,Latin America,Squid Game: Season 1,squid game,True,2021-09-19,2025-07-20,1,4.321428571428571,28
Bolivia,BO,Non-Asia,Latin America,Squid Game: Season 2,squid game,True,2024-12-29,2025-07-27,1,3.4375,16
Bolivia,BO,Non-Asia,Latin America,Squid Game: Season 3,squid game,True,2025-06-29,2025-08-17,1,3.75,8
Bolivia,BO,Non-Asia,Latin America,Sweet Home: Season 1,sweet home,True,2023-12-10,2023-12-10,7,7.0,1
Bolivia,BO,Non-Asia,Latin America,Sweet Home: Season 2,sweet home,True,2023-12-03,2023-12-17,4,6.666666666666667,3
Bolivia,BO,Non-Asia,Latin America,Sweet Home: Season 3,sweet home,True,2024-07-21,2024-08-04,5,6.333333333333333,3
Bolivia,BO,Non-Asia,Latin America,The 8 Show: Limited Series,the 8 show,True,2024-05-26,2024-06-02,4,7.0,2
Bolivia,BO,Non-Asia,Latin America,The Frog: Limited Series,the frog,True,2024-09-01,2024-09-01,8,8.0,1
Bolivia,BO,Non-Asia,Latin America,The Glory: Season 1,the glory,True,2023-01-08,2023-04-09,1,4.75,8
Bolivia,BO,Non-Asia,Latin America,The Good Bad Mother: Limited Series,the good bad mother,True,2023-05-28,2023-07-09,3,5.142857142857143,7
Bolivia,BO,Non-Asia,Latin America,Twenty Five Twenty One: Limited Series,twenty five twenty one,True,2022-04-17,2022-05-15,7,8.0,4
Bolivia,BO,Non-Asia,Latin America,When the Phone Rings: Limited Series,when the phone rings,True,2024-11-24,2025-01-12,1,3.625,8
Brazil,BR,Non-Asia,Latin America,A Time Called You: Limited Series,a time called you,True,2023-09-17,2023-09-17,7,7.0,1
Brazil,BR,Non-Asia,Latin America,Alchemy of Souls: Part 1,alchemy of souls,True,2022-08-28,2023-02-19,3,7.2,10
Brazil,BR,Non-Asia,Latin America,Alchemy of Souls: Part 2,alchemy of souls,True,2023-02-05,2023-02-19,4,4.666666666666667,3
Brazil,BR,Non-Asia,Latin America,All of Us Are Dead: Season 1,all of us are dead,True,2022-01-30,2022-02-27,1,3.8,5
Brazil,BR,Non-Asia,Latin America,Bloodhounds: Season 1,bloodhounds,True,2023-06-11,2026-04-12,4,6.75,4
Brazil,BR,Non-Asia,Latin America,Bloodhounds: Season 2,bloodhounds,True,2026-04-05,2026-04-19,3,5.0,3
Brazil,BR,Non-Asia,Latin America,Business Proposal: Limited Series,business proposal,True,2022-05-01,2022-05-15,3,3.6666666666666665,3
Brazil,BR,Non-Asia,Latin America,Castaway Diva: Limited Series,castaway diva,True,2023-11-12,2023-12-03,3,6.25,4
Brazil,BR,Non-Asia,Latin America,Celebrity: Limited Series,celebrity,True,2023-07-09,2023-07-09,7,7.0,1
Brazil,BR,Non-Asia,Latin America,Daily Dose of Sunshine: Season 1,daily dose of sunshine,True,2023-11-12,2023-11-12,8,8.0,1
Brazil,BR,Non-Asia,Latin America,Doctor Cha: Limited Series,doctor cha,True,2023-05-28,2023-06-11,7,8.0,3
Brazil,BR,Non-Asia,Latin America,Doona!: Season 1,doona!,True,2023-10-29,2023-10-29,7,7.0,1
Brazil,BR,Non-Asia,Latin America,Extraordinary Attorney Woo: Season 1,extraordinary attorney woo,True,2022-07-31,2022-10-23,1,4.615384615384615,13
Brazil,BR,Non-Asia,Latin America,Gyeongseong Creature: Season 1,gyeongseong creature,True,2023-12-31,2023-12-31,8,8.0,1
Brazil,BR,Non-Asia,Latin America,Hellbound: Season 1,hellbound,True,2021-11-21,2021-11-28,2,2.5,2
Brazil,BR,Non-Asia,Latin America,Hierarchy,hierarchy,True,2026-03-01,2026-03-15,2,5.0,3
Brazil,BR,Non-Asia,Latin America,Hierarchy: Limited Series,hierarchy,True,2024-06-09,2024-06-23,3,6.0,3
Brazil,BR,Non-Asia,Latin America,Hometown Cha-Cha-Cha: Limited Series,hometown cha-cha-cha,True,2021-11-21,2021-12-05,8,9.0,3
Brazil,BR,Non-Asia,Latin America,King the Land: Limited Series,king the land,True,2023-07-16,2023-08-20,1,4.666666666666667,6
Brazil,BR,Non-Asia,Latin America,Little Women: Limited Series,little women,True,2022-10-23,2022-10-30,9,9.0,2
Brazil,BR,Non-Asia,Latin America,Love Next Door: Limited Series,love next door,True,2024-09-01,2024-10-27,3,4.888888888888889,9
Brazil,BR,Non-Asia,Latin America,Love to Hate You: Season 1,love to hate you,True,2023-02-12,2023-02-19,5,7.0,2
Brazil,BR,Non-Asia,Latin America,Miss Night and Day: Limited Series,miss night and day,True,2024-07-21,2024-08-11,7,8.75,4
Brazil,BR,Non-Asia,Latin America,Mr. Plankton: Limited Series,mr. plankton,True,2024-11-17,2024-11-17,7,7.0,1
Brazil,BR,Non-Asia,Latin America,My Demon: Limited Series,my demon,True,2023-12-03,2024-02-04,3,6.1,10
Brazil,BR,Non-Asia,Latin America,Narco-Saints: Season 1,narco-saints,True,2022-09-18,2022-09-18,8,8.0,1
Brazil,BR,Non-Asia,Latin America,Parasyte: The Grey: Limited Series,parasyte: the grey,True,2024-04-07,2024-04-14,2,2.0,2
Brazil,BR,Non-Asia,Latin America,Physical: 100: Season 1,physical: 100,True,2023-02-05,2023-02-26,3,5.5,4
Brazil,BR,Non-Asia,Latin America,Physical: 100: Season 2,physical: 100,True,2024-03-24,2024-04-07,3,6.0,3
Brazil,BR,Non-Asia,Latin America,Queen of Tears: Limited Series,queen of tears,True,2024-03-24,2024-05-19,2,3.6666666666666665,9
Brazil,BR,Non-Asia,Latin America,Single’s Inferno: Season 4,single's inferno,True,2025-01-19,2025-01-19,8,8.0,1
Brazil,BR,Non-Asia,Latin America,Single’s Inferno: Season 5,single's inferno,True,2026-01-25,2026-02-01,6,6.5,2
Brazil,BR,Non-Asia,Latin America,Squid Game: Season 1,squid game,True,2021-09-19,2025-07-06,1,5.0,14
Brazil,BR,Non-Asia,Latin America,Squid Game: Season 2,squid game,True,2024-12-29,2025-07-06,1,3.142857142857143,7
Brazil,BR,Non-Asia,Latin America,Squid Game: Season 3,squid game,True,2025-06-29,2025-07-27,1,2.8,5
Brazil,BR,Non-Asia,Latin America,The 8 Show: Limited Series,the 8 show,True,2024-05-26,2024-05-26,10,10.0,1
Brazil,BR,Non-Asia,Latin America,The Glory: Season 1,the glory,True,2023-01-08,2023-03-26,1,4.5,4
Brazil,BR,Non-Asia,Latin America,The Silent Sea: Season 1,the silent sea,True,2022-01-02,2022-01-02,8,8.0,1
Brazil,BR,Non-Asia,Latin America,When the Phone Rings: Limited Series,when the phone rings,True,2024-11-24,2025-01-12,1,3.625,8
Bulgaria,BG,Non-Asia,Europe,All of Us Are Dead: Season 1,all of us are dead,True,2022-01-30,2022-03-06,1,4.333333333333333,6
Bulgaria,BG,Non-Asia,Europe,Bloodhounds: Season 1,bloodhounds,True,2023-06-18,2026-04-12,6,6.5,2
Bulgaria,BG,Non-Asia,Europe,Bloodhounds: Season 2,bloodhounds,True,2026-04-05,2026-04-19,2,4.0,3
Bulgaria,BG,Non-Asia,Europe,Business Proposal: Limited Series,business proposal,True,2022-04-03,2022-04-10,7,7.5,2
Bulgaria,BG,Non-Asia,Europe,Gyeongseong Creature: Season 1,gyeongseong creature,True,2023-12-31,2023-12-31,7,7.0,1
Bulgaria,BG,Non-Asia,Europe,Hellbound: Season 1,hellbound,True,2021-11-21,2021-12-05,2,5.666666666666667,3
Bulgaria,BG,Non-Asia,Europe,Hierarchy: Limited Series,hierarchy,True,2024-06-16,2024-06-16,7,7.0,1
Bulgaria,BG,Non-Asia,Europe,Little Women,little women,True,2021-10-10,2021-10-17,7,8.5,2
Bulgaria,BG,Non-Asia,Europe,Mask Girl: Limited Series,mask girl,True,2023-08-27,2023-08-27,8,8.0,1
Bulgaria,BG,Non-Asia,Europe,My Demon: Limited Series,my demon,True,2023-11-26,2023-12-17,6,8.0,4
Bulgaria,BG,Non-Asia,Europe,Narco-Saints: Season 1,narco-saints,True,2022-09-18,2022-09-18,8,8.0,1
Bulgaria,BG,Non-Asia,Europe,Parasyte: The Grey: Limited Series,parasyte: the grey,True,2024-04-07,2024-04-14,3,4.0,2
Bulgaria,BG,Non-Asia,Europe,Physical: 100: Season 1,physical: 100,True,2023-02-05,2023-02-26,2,3.5,4
Bulgaria,BG,Non-Asia,Europe,Physical: 100: Season 2,physical: 100,True,2024-03-24,2024-03-31,3,3.5,2
Bulgaria,BG,Non-Asia,Europe,Single’s Inferno: Season 3,single's inferno,True,2023-12-17,2023-12-24,9,9.0,2
Bulgaria,BG,Non-Asia,Europe,Single’s Inferno: Season 5,single's inferno,True,2026-01-25,2026-01-25,9,9.0,1
Bulgaria,BG,Non-Asia,Europe,Squid Game: Season 1,squid game,True,2021-09-19,2025-07-20,1,4.321428571428571,28
Bulgaria,BG,Non-Asia,Europe,Squid Game: Season 2,squid game,True,2024-12-29,2025-07-20,1,3.642857142857143,14
Bulgaria,BG,Non-Asia,Europe,Squid Game: Season 3,squid game,True,2025-06-29,2025-08-24,1,3.3333333333333335,9
Bulgaria,BG,Non-Asia,Europe,The 8 Show: Limited Series,the 8 show,True,2024-05-26,2024-05-26,7,7.0,1
Bulgaria,BG,Non-Asia,Europe,The Glory: Season 1,the glory,True,2023-03-12,2023-03-19,4,6.0,2
Bulgaria,BG,Non-Asia,Europe,The Silent Sea: Season 1,the silent sea,True,2021-12-26,2022-01-09,5,8.333333333333334,3
Bulgaria,BG,Non-Asia,Europe,When the Phone Rings: Limited Series,when the phone rings,True,2024-12-01,2024-12-01,10,10.0,1
Canada,CA,Non-Asia,North America,A Killer Paradox: Season 1,a killer paradox,True,2024-02-18,2024-02-18,10,10.0,1
Canada,CA,Non-Asia,North America,All of Us Are Dead: Season 1,all of us are dead,True,2022-01-30,2022-02-27,1,4.0,5
Canada,CA,Non-Asia,North America,Bloodhounds: Season 1,bloodhounds,True,2023-06-18,2023-06-18,9,9.0,1
Canada,CA,Non-Asia,North America,Business Proposal: Limited Series,business proposal,True,2022-04-03,2022-04-03,9,9.0,1
Canada,CA,Non-Asia,North America,Culinary Class Wars: Season 1,culinary class wars,True,2024-09-29,2024-09-29,8,8.0,1
Canada,CA,Non-Asia,North America,Extraordinary Attorney Woo: Season 1,extraordinary attorney woo,True,2022-08-21,2022-08-21,7,7.0,1
Canada,CA,Non-Asia,North America,Hellbound: Season 1,hellbound,True,2021-11-21,2021-11-28,4,5.5,2
Canada,CA,Non-Asia,North America,Hierarchy: Limited Series,hierarchy,True,2024-06-16,2024-06-16,9,9.0,1
Canada,CA,Non-Asia,North America,Mask Girl: Limited Series,mask girl,True,2023-08-27,2023-08-27,10,10.0,1
Canada,CA,Non-Asia,North America,Narco-Saints: Season 1,narco-saints,True,2022-09-18,2022-09-18,7,7.0,1
Canada,CA,Non-Asia,North America,Parasyte: The Grey: Limited Series,parasyte: the grey,True,2024-04-14,2024-04-14,5,5.0,1
Canada,CA,Non-Asia,North America,Physical: 100: Season 1,physical: 100,True,2023-01-29,2023-02-26,2,3.4,5
Canada,CA,Non-Asia,North America,Physical: 100: Season 2,physical: 100,True,2024-03-24,2024-03-31,4,5.0,2
Canada,CA,Non-Asia,North America,Single’s Inferno: Season 1,single's inferno,True,2022-01-09,2022-01-09,10,10.0,1
Canada,CA,Non-Asia,North America,Single’s Inferno: Season 3,single's inferno,True,2023-12-17,2023-12-17,10,10.0,1
Canada,CA,Non-Asia,North America,Single’s Inferno: Season 4,single's inferno,True,2025-01-19,2025-01-19,10,10.0,1
Canada,CA,Non-Asia,North America,Squid Game: Season 1,squid game,True,2021-09-19,2025-01-12,1,4.285714285714286,14
Canada,CA,Non-Asia,North America,Squid Game: Season 2,squid game,True,2024-12-29,2025-07-06,1,3.3333333333333335,6
Canada,CA,Non-Asia,North America,Squid Game: Season 3,squid game,True,2025-06-29,2025-07-27,1,3.0,5
Canada,CA,Non-Asia,North America,The Glory: Season 1,the glory,True,2023-01-08,2023-03-26,4,6.0,4
Canada,CA,Non-Asia,North America,The Silent Sea: Season 1,the silent sea,True,2022-01-02,2022-01-02,7,7.0,1
Chile,CL,Non-Asia,Latin America,A Killer Paradox: Season 1,a killer paradox,True,2024-02-18,2024-02-18,9,9.0,1
Chile,CL,Non-Asia,Latin America,A Time Called You: Limited Series,a time called you,True,2023-09-17,2023-09-17,6,6.0,1
Chile,CL,Non-Asia,Latin America,All of Us Are Dead: Season 1,all of us are dead,True,2022-01-30,2022-03-13,2,4.285714285714286,7
Chile,CL,Non-Asia,Latin America,Behind Your Touch: Limited Series,behind your touch,True,2023-08-20,2023-08-20,10,10.0,1
Chile,CL,Non-Asia,Latin America,Bloodhounds: Season 1,bloodhounds,True,2023-06-11,2026-04-12,4,6.666666666666667,6
Chile,CL,Non-Asia,Latin America,Bloodhounds: Season 2,bloodhounds,True,2026-04-05,2026-04-19,2,4.0,3
Chile,CL,Non-Asia,Latin America,Business Proposal: Limited Series,business proposal,True,2022-04-24,2022-05-22,6,7.4,5
Chile,CL,Non-Asia,Latin America,Castaway Diva: Limited Series,castaway diva,True,2023-11-12,2023-11-26,4,5.666666666666667,3
Chile,CL,Non-Asia,Latin America,Celebrity: Limited Series,celebrity,True,2023-07-09,2023-07-16,4,7.0,2
Chile,CL,Non-Asia,Latin America,Daily Dose of Sunshine: Season 1,daily dose of sunshine,True,2023-11-12,2023-11-12,8,8.0,1
Chile,CL,Non-Asia,Latin America,Doctor Cha: Limited Series,doctor cha,True,2023-05-28,2023-06-25,8,8.6,5
Chile,CL,Non-Asia,Latin America,Doona!: Season 1,doona!,True,2023-10-29,2023-10-29,6,6.0,1
Chile,CL,Non-Asia,Latin America,Extraordinary Attorney Woo: Season 1,extraordinary attorney woo,True,2022-07-24,2022-10-23,1,5.142857142857143,14
Chile,CL,Non-Asia,Latin America,Gyeongseong Creature: Season 1,gyeongseong creature,True,2023-12-31,2023-12-31,6,6.0,1
Chile,CL,Non-Asia,Latin America,Hellbound: Season 1,hellbound,True,2021-11-21,2021-11-28,4,5.0,2
Chile,CL,Non-Asia,Latin America,Hierarchy,hierarchy,True,2026-03-01,2026-03-15,2,4.666666666666667,3
Chile,CL,Non-Asia,Latin America,Hierarchy: Limited Series,hierarchy,True,2024-06-09,2024-06-23,4,6.666666666666667,3
Chile,CL,Non-Asia,Latin America,Hometown Cha-Cha-Cha: Limited Series,hometown cha-cha-cha,True,2021-11-07,2021-12-12,6,7.166666666666667,6
Chile,CL,Non-Asia,Latin America,Juvenile Justice: Season 1,juvenile justice,True,2022-03-20,2022-03-20,10,10.0,1
Chile,CL,Non-Asia,Latin America,King the Land: Limited Series,king the land,True,2023-07-16,2023-09-03,1,4.75,8
Chile,CL,Non-Asia,Latin America,Little Women,little women,True,2023-03-05,2023-03-05,10,10.0,1
Chile,CL,Non-Asia,Latin America,Little Women: Limited Series,little women,True,2022-11-13,2022-11-13,7,7.0,1
Chile,CL,Non-Asia,Latin America,Love Next Door: Limited Series,love next door,True,2024-09-01,2024-10-20,4,6.625,8
Chile,CL,Non-Asia,Latin America,Love to Hate You: Season 1,love to hate you,True,2023-02-19,2023-02-19,10,10.0,1
Chile,CL,Non-Asia,Latin America,Mask Girl: Limited Series,mask girl,True,2023-08-27,2023-09-03,3,5.5,2
Chile,CL,Non-Asia,Latin America,Miss Night and Day: Limited Series,miss night and day,True,2024-07-21,2024-09-01,4,5.714285714285714,7
Chile,CL,Non-Asia,Latin America,Mr. Plankton: Limited Series,mr. plankton,True,2024-11-17,2024-11-17,7,7.0,1
Chile,CL,Non-Asia,Latin America,My Demon: Limited Series,my demon,True,2023-12-03,2024-01-28,3,5.444444444444445,9
Chile,CL,Non-Asia,Latin America,Narco-Saints: Season 1,narco-saints,True,2022-09-18,2022-09-18,8,8.0,1
Chile,CL,Non-Asia,Latin America,Parasyte: The Grey: Limited Series,parasyte: the grey,True,2024-04-07,2024-04-21,1,3.6666666666666665,3
Chile,CL,Non-Asia,Latin America,Physical: 100: Season 1,physical: 100,True,2023-02-12,2023-02-26,5,5.666666666666667,3
Chile,CL,Non-Asia,Latin America,Physical: 100: Season 2,physical: 100,True,2024-03-24,2024-03-31,4,6.0,2
Chile,CL,Non-Asia,Latin America,Queen of Tears: Limited Series,queen of tears,True,2024-03-24,2024-05-19,4,6.111111111111111,9
Chile,CL,Non-Asia,Latin America,See You in My 19th Life: Limited Series,see you in my 19th life,True,2023-07-02,2023-07-09,6,7.0,2
Chile,CL,Non-Asia,Latin America,Single’s Inferno: Season 3,single's inferno,True,2023-12-17,2023-12-24,8,9.0,2
Chile,CL,Non-Asia,Latin America,Single’s Inferno: Season 5,single's inferno,True,2026-01-25,2026-02-01,8,9.0,2
Chile,CL,Non-Asia,Latin America,Squid Game: Season 1,squid game,True,2021-09-19,2025-07-06,1,3.75,16
Chile,CL,Non-Asia,Latin America,Squid Game: Season 2,squid game,True,2024-12-29,2025-07-13,1,3.5,10
Chile,CL,Non-Asia,Latin America,Squid Game: Season 3,squid game,True,2025-06-29,2025-08-03,1,3.8333333333333335,6
Chile,CL,Non-Asia,Latin America,Sweet Home: Season 2,sweet home,True,2023-12-10,2023-12-10,10,10.0,1
Chile,CL,Non-Asia,Latin America,The 8 Show: Limited Series,the 8 show,True,2024-05-26,2024-05-26,10,10.0,1
Chile,CL,Non-Asia,Latin America,The Glory: Season 1,the glory,True,2023-01-08,2023-04-02,1,4.2,5
Chile,CL,Non-Asia,Latin America,The Good Bad Mother: Limited Series,the good bad mother,True,2023-06-25,2023-06-25,10,10.0,1
Chile,CL,Non-Asia,Latin America,The Silent Sea: Season 1,the silent sea,True,2022-01-02,2022-01-02,10,10.0,1
Chile,CL,Non-Asia,Latin America,When the Phone Rings: Limited Series,when the phone rings,True,2024-11-24,2025-01-12,2,5.75,8
Colombia,CO,Non-Asia,Latin America,A Killer Paradox: Season 1,a killer paradox,True,2024-02-18,2024-02-18,7,7.0,1
Colombia,CO,Non-Asia,Latin America,A Time Called You: Limited Series,a time called you,True,2023-09-17,2023-09-17,6,6.0,1
Colombia,CO,Non-Asia,Latin America,Alchemy of Souls: Part 1,alchemy of souls,True,2022-10-09,2023-01-29,8,9.0,2
Colombia,CO,Non-Asia,Latin America,Alchemy of Souls: Part 2,alchemy of souls,True,2023-02-12,2023-02-19,8,8.0,2
Colombia,CO,Non-Asia,Latin America,All of Us Are Dead: Season 1,all of us are dead,True,2022-01-30,2022-03-27,1,4.111111111111111,9
Colombia,CO,Non-Asia,Latin America,Bloodhounds: Season 1,bloodhounds,True,2023-06-18,2026-04-12,4,7.0,4
Colombia,CO,Non-Asia,Latin America,Bloodhounds: Season 2,bloodhounds,True,2026-04-05,2026-04-19,3,7.333333333333333,3
Colombia,CO,Non-Asia,Latin America,Business Proposal: Limited Series,business proposal,True,2022-04-24,2022-05-22,5,6.2,5
Colombia,CO,Non-Asia,Latin America,Castaway Diva: Limited Series,castaway diva,True,2023-11-12,2023-11-26,7,9.0,3
Colombia,CO,Non-Asia,Latin America,Celebrity: Limited Series,celebrity,True,2023-07-09,2023-07-16,5,6.0,2
Colombia,CO,Non-Asia,Latin America,Doctor Cha: Limited Series,doctor cha,True,2023-06-25,2023-06-25,10,10.0,1
Colombia,CO,Non-Asia,Latin America,Doona!: Season 1,doona!,True,2023-10-29,2023-10-29,6,6.0,1
Colombia,CO,Non-Asia,Latin America,Extraordinary Attorney Woo: Season 1,extraordinary attorney woo,True,2022-08-07,2022-10-16,2,6.111111111111111,9
Colombia,CO,Non-Asia,Latin America,Gyeongseong Creature: Season 1,gyeongseong creature,True,2023-12-31,2023-12-31,6,6.0,1
Colombia,CO,Non-Asia,Latin America,Hellbound: Season 1,hellbound,True,2021-11-21,2021-11-28,3,4.5,2
Colombia,CO,Non-Asia,Latin America,Hierarchy,hierarchy,True,2026-03-01,2026-03-15,2,2.3333333333333335,3
Colombia,CO,Non-Asia,Latin America,Hierarchy: Limited Series,hierarchy,True,2024-06-09,2024-07-07,2,4.6,5
Colombia,CO,Non-Asia,Latin America,Hometown Cha-Cha-Cha: Limited Series,hometown cha-cha-cha,True,2021-11-28,2021-11-28,9,9.0,1
Colombia,CO,Non-Asia,Latin America,King the Land: Limited Series,king the land,True,2023-07-16,2023-09-17,1,4.7,10
Colombia,CO,Non-Asia,Latin America,Love Next Door: Limited Series,love next door,True,2024-09-01,2024-10-27,4,5.666666666666667,9
Colombia,CO,Non-Asia,Latin America,Love to Hate You: Season 1,love to hate you,True,2023-02-19,2023-02-19,9,9.0,1
Colombia,CO,Non-Asia,Latin America,Mask Girl: Limited Series,mask girl,True,2023-08-27,2023-09-03,3,5.5,2
Colombia,CO,Non-Asia,Latin America,Miss Night and Day: Limited Series,miss night and day,True,2024-07-21,2024-09-01,6,7.142857142857143,7
Colombia,CO,Non-Asia,Latin America,Mr. Plankton: Limited Series,mr. plankton,True,2024-11-17,2024-11-24,6,8.0,2
Colombia,CO,Non-Asia,Latin America,My Demon: Limited Series,my demon,True,2023-12-03,2024-02-04,1,3.9,10
Colombia,CO,Non-Asia,Latin America,Narco-Saints: Season 1,narco-saints,True,2022-09-18,2022-09-18,6,6.0,1
Colombia,CO,Non-Asia,Latin America,Parasyte: The Grey: Limited Series,parasyte: the grey,True,2024-04-07,2024-04-28,2,4.75,4
Colombia,CO,Non-Asia,Latin America,Physical: 100: Season 1,physical: 100,True,2023-02-12,2023-02-26,6,6.333333333333333,3
Colombia,CO,Non-Asia,Latin America,Physical: 100: Season 2,physical: 100,True,2024-03-24,2024-03-31,4,6.5,2
Colombia,CO,Non-Asia,Latin America,Queen of Tears: Limited Series,queen of tears,True,2024-03-24,2024-05-19,4,4.888888888888889,9
Colombia,CO,Non-Asia,Latin America,Remarriage & Desires: Season 1,remarriage & desires,True,2022-07-24,2022-07-24,10,10.0,1
Colombia,CO,Non-Asia,Latin America,See You in My 19th Life: Limited Series,see you in my 19th life,True,2023-07-09,2023-07-23,10,10.0,2
Colombia,CO,Non-Asia,Latin America,Single’s Inferno: Season 3,single's inferno,True,2023-12-24,2023-12-24,9,9.0,1
Colombia,CO,Non-Asia,Latin America,Squid Game: Season 1,squid game,True,2021-09-19,2025-07-06,1,4.7894736842105265,19
Colombia,CO,Non-Asia,Latin America,Squid Game: Season 2,squid game,True,2024-12-29,2025-07-13,1,4.0,11
Colombia,CO,Non-Asia,Latin America,Squid Game: Season 3,squid game,True,2025-06-29,2025-08-10,1,4.428571428571429,7
Colombia,CO,Non-Asia,Latin America,Sweet Home: Season 2,sweet home,True,2023-12-10,2023-12-10,8,8.0,1
Colombia,CO,Non-Asia,Latin America,The 8 Show: Limited Series,the 8 show,True,2024-05-26,2024-05-26,6,6.0,1
Colombia,CO,Non-Asia,Latin America,The Frog: Limited Series,the frog,True,2024-09-01,2024-09-01,9,9.0,1
Colombia,CO,Non-Asia,Latin America,The Glory: Season 1,the glory,True,2023-01-08,2023-04-02,2,6.0,5
Colombia,CO,Non-Asia,Latin America,When the Phone Rings: Limited Series,when the phone rings,True,2024-11-24,2025-01-12,1,4.375,8
Costa Rica,CR,Non-Asia,Latin America,A Time Called You: Limited Series,a time called you,True,2023-09-17,2023-09-17,8,8.0,1
Costa Rica,CR,Non-Asia,Latin America,All of Us Are Dead: Season 1,all of us are dead,True,2022-01-30,2022-02-27,2,4.8,5
Costa Rica,CR,Non-Asia,Latin America,Bloodhounds: Season 1,bloodhounds,True,2023-06-18,2023-06-25,5,6.5,2
Costa Rica,CR,Non-Asia,Latin America,Bloodhounds: Season 2,bloodhounds,True,2026-04-12,2026-04-12,4,4.0,1
Costa Rica,CR,Non-Asia,Latin America,Business Proposal: Limited Series,business proposal,True,2022-05-01,2022-05-15,5,7.0,3
Costa Rica,CR,Non-Asia,Latin America,Castaway Diva: Limited Series,castaway diva,True,2023-11-19,2023-11-26,8,8.5,2
Costa Rica,CR,Non-Asia,Latin America,Celebrity: Limited Series,celebrity,True,2023-07-09,2023-07-09,6,6.0,1
Costa Rica,CR,Non-Asia,Latin America,Daily Dose of Sunshine: Season 1,daily dose of sunshine,True,2023-11-12,2023-11-12,8,8.0,1
Costa Rica,CR,Non-Asia,Latin America,Doctor Cha: Limited Series,doctor cha,True,2023-06-18,2023-06-18,10,10.0,1
Costa Rica,CR,Non-Asia,Latin America,Doona!: Season 1,doona!,True,2023-10-29,2023-10-29,6,6.0,1
Costa Rica,CR,Non-Asia,Latin America,Extraordinary Attorney Woo: Season 1,extraordinary attorney woo,True,2022-07-31,2022-09-18,2,4.875,8
Costa Rica,CR,Non-Asia,Latin America,Gyeongseong Creature: Season 1,gyeongseong creature,True,2023-12-31,2023-12-31,9,9.0,1
Costa Rica,CR,Non-Asia,Latin America,Hellbound: Season 1,hellbound,True,2021-11-21,2021-11-28,5,6.5,2
Costa Rica,CR,Non-Asia,Latin America,Hierarchy,hierarchy,True,2026-03-01,2026-03-15,3,6.0,3
Costa Rica,CR,Non-Asia,Latin America,Hierarchy: Limited Series,hierarchy,True,2024-06-09,2024-06-23,3,5.333333333333333,3
Costa Rica,CR,Non-Asia,Latin America,Hometown Cha-Cha-Cha: Limited Series,hometown cha-cha-cha,True,2021-11-14,2021-12-12,6,7.8,5
Costa Rica,CR,Non-Asia,Latin America,King the Land: Limited Series,king the land,True,2023-07-16,2023-09-03,1,3.7142857142857144,7
Costa Rica,CR,Non-Asia,Latin America,Little Women,little women,True,2023-02-26,2023-03-05,6,7.0,2
Costa Rica,CR,Non-Asia,Latin America,Love Next Door: Limited Series,love next door,True,2024-09-01,2024-10-20,4,7.0,8
Costa Rica,CR,Non-Asia,Latin America,Mask Girl: Limited Series,mask girl,True,2023-08-27,2023-08-27,6,6.0,1
Costa Rica,CR,Non-Asia,Latin America,Miss Night and Day: Limited Series,miss night and day,True,2024-07-21,2024-09-01,6,8.0,6
Costa Rica,CR,Non-Asia,Latin America,Mr. Plankton: Limited Series,mr. plankton,True,2024-11-17,2024-11-17,8,8.0,1
Costa Rica,CR,Non-Asia,Latin America,My Demon: Limited Series,my demon,True,2023-12-03,2024-01-28,3,6.0,9
Costa Rica,CR,Non-Asia,Latin America,Parasyte: The Grey: Limited Series,parasyte: the grey,True,2024-04-07,2024-04-14,3,5.0,2
Costa Rica,CR,Non-Asia,Latin America,Physical: 100: Season 1,physical: 100,True,2023-02-12,2023-02-26,6,7.0,3
Costa Rica,CR,Non-Asia,Latin America,Physical: 100: Season 2,physical: 100,True,2024-03-24,2024-04-07,4,6.666666666666667,3
Costa Rica,CR,Non-Asia,Latin America,Queen of Tears: Limited Series,queen of tears,True,2024-03-24,2024-05-19,3,5.555555555555555,9
Costa Rica,CR,Non-Asia,Latin America,See You in My 19th Life: Limited Series,see you in my 19th life,True,2023-07-09,2023-07-09,9,9.0,1
Costa Rica,CR,Non-Asia,Latin America,Squid Game: Season 1,squid game,True,2021-09-19,2025-07-06,1,4.357142857142857,14
Costa Rica,CR,Non-Asia,Latin America,Squid Game: Season 2,squid game,True,2024-12-29,2025-07-13,1,4.4,10
Costa Rica,CR,Non-Asia,Latin America,Squid Game: Season 3,squid game,True,2025-06-29,2025-07-27,1,2.6,5
Costa Rica,CR,Non-Asia,Latin America,The 8 Show: Limited Series,the 8 show,True,2024-05-26,2024-05-26,9,9.0,1
Costa Rica,CR,Non-Asia,Latin America,The Frog: Limited Series,the frog,True,2024-09-01,2024-09-01,10,10.0,1
Costa Rica,CR,Non-Asia,Latin America,The Glory: Season 1,the glory,True,2023-03-12,2023-04-02,1,4.5,4
Costa Rica,CR,Non-Asia,Latin America,When the Phone Rings: Limited Series,when the phone rings,True,2024-11-24,2025-01-12,1,5.625,8
Croatia,HR,Non-Asia,Europe,All of Us Are Dead: Season 1,all of us are dead,True,2022-01-30,2022-02-27,2,6.2,5
Croatia,HR,Non-Asia,Europe,Bloodhounds: Season 2,bloodhounds,True,2026-04-12,2026-04-12,6,6.0,1
Croatia,HR,Non-Asia,Europe,Hellbound: Season 1,hellbound,True,2021-11-28,2021-11-28,1,1.0,1
Croatia,HR,Non-Asia,Europe,Little Women,little women,True,2021-10-10,2021-10-17,5,6.5,2
Croatia,HR,Non-Asia,Europe,Narco-Saints: Season 1,narco-saints,True,2022-09-18,2022-09-25,8,9.0,2
Croatia,HR,Non-Asia,Europe,Parasyte: The Grey: Limited Series,parasyte: the grey,True,2024-04-14,2024-04-14,6,6.0,1
Croatia,HR,Non-Asia,Europe,Physical: 100: Season 1,physical: 100,True,2023-02-05,2023-02-26,4,5.75,4
Croatia,HR,Non-Asia,Europe,Physical: 100: Season 2,physical: 100,True,2024-03-24,2024-03-31,5,7.0,2
Croatia,HR,Non-Asia,Europe,Squid Game: Season 1,squid game,True,2021-09-19,2025-01-19,1,4.526315789473684,19
Croatia,HR,Non-Asia,Europe,Squid Game: Season 2,squid game,True,2024-12-29,2025-07-06,1,3.7142857142857144,7
Croatia,HR,Non-Asia,Europe,Squid Game: Season 3,squid game,True,2025-06-29,2025-08-03,1,3.6666666666666665,6
Croatia,HR,Non-Asia,Europe,The Glory: Season 1,the glory,True,2023-03-19,2023-03-19,5,5.0,1
Croatia,HR,Non-Asia,Europe,The Silent Sea: Season 1,the silent sea,True,2021-12-26,2022-01-02,6,6.5,2
Cyprus,CY,Non-Asia,Europe,All of Us Are Dead: Season 1,all of us are dead,True,2022-01-30,2022-02-20,4,7.0,4
Cyprus,CY,Non-Asia,Europe,Bloodhounds: Season 1,bloodhounds,True,2023-06-11,2023-06-25,5,7.666666666666667,3
Cyprus,CY,Non-Asia,Europe,Bloodhounds: Season 2,bloodhounds,True,2026-04-05,2026-04-12,4,5.5,2
Cyprus,CY,Non-Asia,Europe,Gyeongseong Creature: Season 1,gyeongseong creature,True,2023-12-31,2023-12-31,8,8.0,1
Cyprus,CY,Non-Asia,Europe,Hellbound: Season 1,hellbound,True,2021-11-21,2021-11-28,3,5.0,2
Cyprus,CY,Non-Asia,Europe,Hierarchy: Limited Series,hierarchy,True,2024-06-16,2024-06-16,10,10.0,1
Cyprus,CY,Non-Asia,Europe,My Demon: Limited Series,my demon,True,2023-11-26,2023-12-03,8,8.5,2
Cyprus,CY,Non-Asia,Europe,Narco-Saints: Season 1,narco-saints,True,2022-09-18,2022-09-18,5,5.0,1
Cyprus,CY,Non-Asia,Europe,Parasyte: The Grey: Limited Series,parasyte: the grey,True,2024-04-07,2024-04-14,5,7.0,2
Cyprus,CY,Non-Asia,Europe,Physical: 100: Season 1,physical: 100,True,2023-01-29,2023-02-26,2,5.2,5
Cyprus,CY,Non-Asia,Europe,Physical: 100: Season 2,physical: 100,True,2024-03-24,2024-03-31,7,7.0,2
Cyprus,CY,Non-Asia,Europe,Squid Game: Season 1,squid game,True,2021-09-26,2025-07-06,1,4.0,17
Cyprus,CY,Non-Asia,Europe,Squid Game: Season 2,squid game,True,2024-12-29,2025-07-13,1,4.125,8
Cyprus,CY,Non-Asia,Europe,Squid Game: Season 3,squid game,True,2025-06-29,2025-08-03,1,3.0,6
Cyprus,CY,Non-Asia,Europe,The Glory: Season 1,the glory,True,2023-03-12,2023-03-19,4,7.0,2
Czech Republic,CZ,Non-Asia,Europe,All of Us Are Dead: Season 1,all of us are dead,True,2022-01-30,2022-03-06,1,4.666666666666667,6
Czech Republic,CZ,Non-Asia,Europe,Bloodhounds: Season 1,bloodhounds,True,2023-06-18,2023-06-25,4,5.0,2
Czech Republic,CZ,Non-Asia,Europe,Bloodhounds: Season 2,bloodhounds,True,2026-04-05,2026-04-19,4,6.0,3
Czech Republic,CZ,Non-Asia,Europe,Gyeongseong Creature: Season 1,gyeongseong creature,True,2023-12-31,2023-12-31,4,4.0,1
Czech Republic,CZ,Non-Asia,Europe,Gyeongseong Creature: Season 2,gyeongseong creature,True,2024-10-06,2024-10-06,10,10.0,1
Czech Republic,CZ,Non-Asia,Europe,Hellbound: Season 1,hellbound,True,2021-11-21,2021-11-28,2,3.0,2
Czech Republic,CZ,Non-Asia,Europe,Little Women,little women,True,2021-10-10,2021-10-17,8,8.0,2
Czech Republic,CZ,Non-Asia,Europe,Mask Girl: Limited Series,mask girl,True,2023-08-27,2023-08-27,6,6.0,1
Czech Republic,CZ,Non-Asia,Europe,Parasyte: The Grey: Limited Series,parasyte: the grey,True,2024-04-07,2024-04-14,2,4.0,2
Czech Republic,CZ,Non-Asia,Europe,Physical: 100: Season 1,physical: 100,True,2023-02-05,2023-02-26,4,7.0,4
Czech Republic,CZ,Non-Asia,Europe,Physical: 100: Season 2,physical: 100,True,2024-03-24,2024-03-31,5,6.0,2
Czech Republic,CZ,Non-Asia,Europe,Squid Game: Season 1,squid game,True,2021-09-19,2025-07-13,1,4.862068965517241,29
Czech Republic,CZ,Non-Asia,Europe,Squid Game: Season 2,squid game,True,2024-12-29,2025-07-20,1,4.166666666666667,12
Czech Republic,CZ,Non-Asia,Europe,Squid Game: Season 3,squid game,True,2025-06-29,2025-08-10,1,3.5714285714285716,7
Czech Republic,CZ,Non-Asia,Europe,The 8 Show: Limited Series,the 8 show,True,2024-05-19,2025-01-05,4,8.0,4
Czech Republic,CZ,Non-Asia,Europe,The Glory: Season 1,the glory,True,2023-01-08,2023-03-19,4,7.333333333333333,3
Czech Republic,CZ,Non-Asia,Europe,The Silent Sea: Season 1,the silent sea,True,2021-12-26,2022-01-02,7,7.5,2
Denmark,DK,Non-Asia,Europe,All of Us Are Dead: Season 1,all of us are dead,True,2022-01-30,2022-02-20,1,4.25,4
Denmark,DK,Non-Asia,Europe,Hellbound: Season 1,hellbound,True,2021-11-28,2021-11-28,6,6.0,1
Denmark,DK,Non-Asia,Europe,Little Women,little women,True,2022-03-13,2022-03-20,5,6.5,2
Denmark,DK,Non-Asia,Europe,Physical: 100: Season 1,physical: 100,True,2023-01-29,2023-02-26,2,4.4,5
Denmark,DK,Non-Asia,Europe,Physical: 100: Season 2,physical: 100,True,2024-03-24,2024-03-31,4,6.0,2
Denmark,DK,Non-Asia,Europe,Squid Game: Season 1,squid game,True,2021-09-19,2025-01-26,1,4.1875,16
Denmark,DK,Non-Asia,Europe,Squid Game: Season 2,squid game,True,2024-12-29,2025-07-06,1,4.714285714285714,7
Denmark,DK,Non-Asia,Europe,Squid Game: Season 3,squid game,True,2025-06-29,2025-08-10,1,3.4285714285714284,7
Denmark,DK,Non-Asia,Europe,The Silent Sea: Season 1,the silent sea,True,2022-01-02,2022-01-02,9,9.0,1
Dominican Republic,DO,Non-Asia,Latin America,A Killer Paradox: Season 1,a killer paradox,True,2024-02-11,2024-02-11,9,9.0,1
Dominican Republic,DO,Non-Asia,Latin America,A Time Called You: Limited Series,a time called you,True,2023-09-17,2023-09-17,8,8.0,1
Dominican Republic,DO,Non-Asia,Latin America,Alchemy of Souls: Part 1,alchemy of souls,True,2022-08-28,2023-01-29,6,8.166666666666666,6
Dominican Republic,DO,Non-Asia,Latin America,Alchemy of Souls: Part 2,alchemy of souls,True,2023-02-05,2023-02-19,6,7.333333333333333,3
Dominican Republic,DO,Non-Asia,Latin America,All of Us Are Dead: Season 1,all of us are dead,True,2022-01-30,2022-03-06,2,4.333333333333333,6
Dominican Republic,DO,Non-Asia,Latin America,Bloodhounds: Season 1,bloodhounds,True,2023-06-11,2026-04-19,2,5.166666666666667,6
Dominican Republic,DO,Non-Asia,Latin America,Bloodhounds: Season 2,bloodhounds,True,2026-04-05,2026-04-26,1,4.5,4
Dominican Republic,DO,Non-Asia,Latin America,Business Proposal: Limited Series,business proposal,True,2022-04-17,2022-05-22,2,5.666666666666667,6
Dominican Republic,DO,Non-Asia,Latin America,Castaway Diva: Limited Series,castaway diva,True,2023-11-12,2023-11-26,5,6.333333333333333,3
Dominican Republic,DO,Non-Asia,Latin America,Celebrity: Limited Series,celebrity,True,2023-07-02,2023-07-16,3,5.666666666666667,3
Dominican Republic,DO,Non-Asia,Latin America,Daily Dose of Sunshine: Season 1,daily dose of sunshine,True,2023-11-12,2023-11-12,10,10.0,1
Dominican Republic,DO,Non-Asia,Latin America,Doctor Cha: Limited Series,doctor cha,True,2023-06-04,2023-06-25,6,7.75,4
Dominican Republic,DO,Non-Asia,Latin America,Doona!: Season 1,doona!,True,2023-10-29,2023-10-29,5,5.0,1
Dominican Republic,DO,Non-Asia,Latin America,Extraordinary Attorney Woo: Season 1,extraordinary attorney woo,True,2022-07-31,2022-09-25,3,5.777777777777778,9
Dominican Republic,DO,Non-Asia,Latin America,Gyeongseong Creature: Season 1,gyeongseong creature,True,2023-12-31,2023-12-31,5,5.0,1
Dominican Republic,DO,Non-Asia,Latin America,Hellbound: Season 1,hellbound,True,2021-11-21,2021-12-05,3,5.666666666666667,3
Dominican Republic,DO,Non-Asia,Latin America,Hierarchy,hierarchy,True,2026-03-01,2026-03-15,1,3.3333333333333335,3
Dominican Republic,DO,Non-Asia,Latin America,Hierarchy: Limited Series,hierarchy,True,2024-06-09,2024-06-30,2,2.75,4
Dominican Republic,DO,Non-Asia,Latin America,Hometown Cha-Cha-Cha: Limited Series,hometown cha-cha-cha,True,2021-11-07,2021-12-12,5,6.666666666666667,6
Dominican Republic,DO,Non-Asia,Latin America,King the Land: Limited Series,king the land,True,2023-07-16,2023-09-03,1,3.75,8
Dominican Republic,DO,Non-Asia,Latin America,Little Women: Limited Series,little women,True,2022-10-23,2022-11-13,8,9.25,4
Dominican Republic,DO,Non-Asia,Latin America,Love Next Door: Limited Series,love next door,True,2024-09-01,2024-10-20,4,6.428571428571429,7
Dominican Republic,DO,Non-Asia,Latin America,Love to Hate You: Season 1,love to hate you,True,2023-02-19,2023-02-19,5,5.0,1
Dominican Republic,DO,Non-Asia,Latin America,Mask Girl: Limited Series,mask girl,True,2023-08-27,2023-08-27,3,3.0,1
Dominican Republic,DO,Non-Asia,Latin America,Miss Night and Day: Limited Series,miss night and day,True,2024-07-14,2024-09-08,3,4.888888888888889,9
Dominican Republic,DO,Non-Asia,Latin America,Mr. Plankton: Limited Series,mr. plankton,True,2024-11-17,2024-11-24,5,7.5,2
Dominican Republic,DO,Non-Asia,Latin America,My Demon: Limited Series,my demon,True,2023-12-03,2024-02-04,1,3.5,10
Dominican Republic,DO,Non-Asia,Latin America,Narco-Saints: Season 1,narco-saints,True,2022-09-18,2022-09-25,2,5.0,2
Dominican Republic,DO,Non-Asia,Latin America,Parasyte: The Grey: Limited Series,parasyte: the grey,True,2024-04-07,2024-04-28,1,3.0,4
Dominican Republic,DO,Non-Asia,Latin America,Physical: 100: Season 2,physical: 100,True,2024-03-24,2024-03-24,8,8.0,1
Dominican Republic,DO,Non-Asia,Latin America,Queen of Tears: Limited Series,queen of tears,True,2024-03-24,2024-05-26,2,4.1,10
Dominican Republic,DO,Non-Asia,Latin America,Remarriage & Desires: Season 1,remarriage & desires,True,2022-07-24,2022-07-24,7,7.0,1
Dominican Republic,DO,Non-Asia,Latin America,Squid Game: Season 1,squid game,True,2021-09-19,2025-07-06,1,3.6923076923076925,13
Dominican Republic,DO,Non-Asia,Latin America,Squid Game: Season 2,squid game,True,2024-12-29,2025-07-06,1,3.857142857142857,7
Dominican Republic,DO,Non-Asia,Latin America,Squid Game: Season 3,squid game,True,2025-06-29,2025-07-27,1,3.0,5
Dominican Republic,DO,Non-Asia,Latin America,Sweet Home: Season 1,sweet home,True,2023-12-10,2024-07-28,9,9.5,2
Dominican Republic,DO,Non-Asia,Latin America,Sweet Home: Season 2,sweet home,True,2023-12-03,2023-12-10,7,8.5,2
Dominican Republic,DO,Non-Asia,Latin America,Sweet Home: Season 3,sweet home,True,2024-07-21,2024-08-04,6,7.666666666666667,3
Dominican Republic,DO,Non-Asia,Latin America,The 8 Show: Limited Series,the 8 show,True,2024-05-26,2024-05-26,4,4.0,1
Dominican Republic,DO,Non-Asia,Latin America,The Frog: Limited Series,the frog,True,2024-09-01,2024-09-01,9,9.0,1
Dominican Republic,DO,Non-Asia,Latin America,The Glory: Season 1,the glory,True,2023-01-08,2023-04-02,1,5.4,5
Dominican Republic,DO,Non-Asia,Latin America,When the Phone Rings: Limited Series,when the phone rings,True,2024-11-24,2025-01-12,1,4.0,8
Ecuador,EC,Non-Asia,Latin America,A Killer Paradox: Season 1,a killer paradox,True,2024-02-18,2024-02-18,9,9.0,1
Ecuador,EC,Non-Asia,Latin America,A Time Called You: Limited Series,a time called you,True,2023-09-17,2023-09-17,6,6.0,1
Ecuador,EC,Non-Asia,Latin America,Alchemy of Souls: Part 1,alchemy of souls,True,2022-09-04,2023-01-29,9,9.0,2
Ecuador,EC,Non-Asia,Latin America,All of Us Are Dead: Season 1,all of us are dead,True,2022-01-30,2022-03-27,2,3.7777777777777777,9
Ecuador,EC,Non-Asia,Latin America,Behind Your Touch: Limited Series,behind your touch,True,2023-08-20,2023-08-20,9,9.0,1
Ecuador,EC,Non-Asia,Latin America,Bloodhounds: Season 1,bloodhounds,True,2023-06-18,2026-04-12,4,5.25,4
Ecuador,EC,Non-Asia,Latin America,Bloodhounds: Season 2,bloodhounds,True,2026-04-05,2026-04-19,2,4.666666666666667,3
Ecuador,EC,Non-Asia,Latin America,Business Proposal: Limited Series,business proposal,True,2022-04-17,2022-05-22,4,6.666666666666667,6
Ecuador,EC,Non-Asia,Latin America,Castaway Diva: Limited Series,castaway diva,True,2023-11-12,2023-11-26,5,7.666666666666667,3
Ecuador,EC,Non-Asia,Latin America,Celebrity: Limited Series,celebrity,True,2023-07-09,2023-07-16,4,6.0,2
Ecuador,EC,Non-Asia,Latin America,Daily Dose of Sunshine: Season 1,daily dose of sunshine,True,2023-11-12,2023-11-12,9,9.0,1
Ecuador,EC,Non-Asia,Latin America,Doctor Cha: Limited Series,doctor cha,True,2023-06-04,2023-07-09,7,8.333333333333334,6
Ecuador,EC,Non-Asia,Latin America,Doona!: Season 1,doona!,True,2023-10-22,2023-11-05,4,7.666666666666667,3
Ecuador,EC,Non-Asia,Latin America,Extraordinary Attorney Woo: Season 1,extraordinary attorney woo,True,2022-07-24,2022-09-25,2,5.0,9
Ecuador,EC,Non-Asia,Latin America,Gyeongseong Creature: Season 1,gyeongseong creature,True,2023-12-31,2023-12-31,8,8.0,1
Ecuador,EC,Non-Asia,Latin America,Hellbound: Season 1,hellbound,True,2021-11-21,2021-11-28,5,5.5,2
Ecuador,EC,Non-Asia,Latin America,Hierarchy,hierarchy,True,2026-03-01,2026-03-08,4,4.5,2
Ecuador,EC,Non-Asia,Latin America,Hierarchy: Limited Series,hierarchy,True,2024-06-09,2024-06-30,2,2.75,4
Ecuador,EC,Non-Asia,Latin America,Hometown Cha-Cha-Cha: Limited Series,hometown cha-cha-cha,True,2021-11-07,2021-12-12,5,6.833333333333333,6
Ecuador,EC,Non-Asia,Latin America,King the Land: Limited Series,king the land,True,2023-07-16,2023-09-17,1,4.0,10
Ecuador,EC,Non-Asia,Latin America,Little Women: Limited Series,little women,True,2022-10-30,2022-11-13,9,9.5,2
Ecuador,EC,Non-Asia,Latin America,Love Next Door: Limited Series,love next door,True,2024-09-01,2024-10-27,3,4.666666666666667,9
Ecuador,EC,Non-Asia,Latin America,Mask Girl: Limited Series,mask girl,True,2023-08-27,2023-09-03,2,6.0,2
Ecuador,EC,Non-Asia,Latin America,Miss Night and Day: Limited Series,miss night and day,True,2024-07-21,2024-09-08,4,4.625,8
Ecuador,EC,Non-Asia,Latin America,Mr. Plankton: Limited Series,mr. plankton,True,2024-11-17,2024-11-24,7,7.5,2
Ecuador,EC,Non-Asia,Latin America,My Demon: Limited Series,my demon,True,2023-12-03,2024-02-11,1,4.363636363636363,11
Ecuador,EC,Non-Asia,Latin America,Narco-Saints: Season 1,narco-saints,True,2022-09-18,2022-09-18,8,8.0,1
Ecuador,EC,Non-Asia,Latin America,Parasyte: The Grey: Limited Series,parasyte: the grey,True,2024-04-07,2024-04-28,1,2.75,4
Ecuador,EC,Non-Asia,Latin America,Physical: 100: Season 2,physical: 100,True,2024-03-24,2024-03-31,4,6.5,2
Ecuador,EC,Non-Asia,Latin America,Queen of Tears: Limited Series,queen of tears,True,2024-03-24,2024-05-26,2,3.8,10
Ecuador,EC,Non-Asia,Latin America,See You in My 19th Life: Limited Series,see you in my 19th life,True,2023-07-02,2023-07-09,4,6.0,2
Ecuador,EC,Non-Asia,Latin America,Squid Game: Season 1,squid game,True,2021-09-19,2025-07-13,1,4.473684210526316,19
Ecuador,EC,Non-Asia,Latin America,Squid Game: Season 2,squid game,True,2024-12-29,2025-07-13,1,4.166666666666667,12
Ecuador,EC,Non-Asia,Latin America,Squid Game: Season 3,squid game,True,2025-06-29,2025-08-10,1,4.142857142857143,7
Ecuador,EC,Non-Asia,Latin America,Sweet Home: Season 2,sweet home,True,2023-12-03,2023-12-10,6,7.5,2
Ecuador,EC,Non-Asia,Latin America,Sweet Home: Season 3,sweet home,True,2024-07-21,2024-07-28,7,7.5,2
Ecuador,EC,Non-Asia,Latin America,The 8 Show: Limited Series,the 8 show,True,2024-05-26,2024-05-26,8,8.0,1
Ecuador,EC,Non-Asia,Latin America,The Glory: Season 1,the glory,True,2023-03-12,2023-03-26,1,3.3333333333333335,3
Ecuador,EC,Non-Asia,Latin America,The Good Bad Mother: Limited Series,the good bad mother,True,2023-06-18,2023-07-02,9,9.333333333333334,3
Ecuador,EC,Non-Asia,Latin America,Twenty Five Twenty One: Limited Series,twenty five twenty one,True,2022-05-08,2022-05-08,10,10.0,1
Ecuador,EC,Non-Asia,Latin America,When the Phone Rings: Limited Series,when the phone rings,True,2024-11-24,2025-01-12,1,3.875,8
Egypt,EG,Non-Asia,Africa,Alchemy of Souls: Part 1,alchemy of souls,True,2022-09-04,2022-09-04,8,8.0,1
Egypt,EG,Non-Asia,Africa,Alchemy of Souls: Part 2,alchemy of souls,True,2022-12-25,2023-01-08,10,10.0,2
Egypt,EG,Non-Asia,Africa,All of Us Are Dead: Season 1,all of us are dead,True,2022-01-30,2022-03-06,2,3.5,6
Egypt,EG,Non-Asia,Africa,Bloodhounds: Season 1,bloodhounds,True,2023-06-18,2026-04-19,5,7.2,5
Egypt,EG,Non-Asia,Africa,Bloodhounds: Season 2,bloodhounds,True,2026-04-05,2026-05-03,3,5.6,5
Egypt,EG,Non-Asia,Africa,Business Proposal: Limited Series,business proposal,True,2022-03-20,2022-04-17,3,4.8,5
Egypt,EG,Non-Asia,Africa,Celebrity: Limited Series,celebrity,True,2023-07-09,2023-07-09,5,5.0,1
Egypt,EG,Non-Asia,Africa,Doctor Cha: Limited Series,doctor cha,True,2023-05-21,2023-06-04,7,8.0,3
Egypt,EG,Non-Asia,Africa,Extraordinary Attorney Woo: Season 1,extraordinary attorney woo,True,2022-07-17,2022-08-28,3,7.0,7
Egypt,EG,Non-Asia,Africa,Gyeongseong Creature: Season 1,gyeongseong creature,True,2023-12-31,2023-12-31,6,6.0,1
Egypt,EG,Non-Asia,Africa,Hellbound: Season 1,hellbound,True,2021-11-21,2021-12-12,1,4.25,4
Egypt,EG,Non-Asia,Africa,Hierarchy: Limited Series,hierarchy,True,2024-06-16,2024-06-16,7,7.0,1
Egypt,EG,Non-Asia,Africa,Hometown Cha-Cha-Cha: Limited Series,hometown cha-cha-cha,True,2021-10-10,2021-10-24,7,7.666666666666667,3
Egypt,EG,Non-Asia,Africa,King the Land: Limited Series,king the land,True,2023-06-25,2023-08-13,3,5.375,8
Egypt,EG,Non-Asia,Africa,Little Women: Limited Series,little women,True,2022-10-09,2022-10-16,8,8.5,2
Egypt,EG,Non-Asia,Africa,Love Next Door: Limited Series,love next door,True,2024-08-25,2024-09-22,3,5.8,5
Egypt,EG,Non-Asia,Africa,Love to Hate You: Season 1,love to hate you,True,2023-02-19,2023-02-19,9,9.0,1
Egypt,EG,Non-Asia,Africa,Mask Girl: Limited Series,mask girl,True,2023-08-27,2023-09-03,4,6.0,2
Egypt,EG,Non-Asia,Africa,Miss Night and Day: Limited Series,miss night and day,True,2024-07-07,2024-08-04,8,9.333333333333334,3
Egypt,EG,Non-Asia,Africa,Mr. Plankton: Limited Series,mr. plankton,True,2024-11-17,2024-11-17,10,10.0,1
Egypt,EG,Non-Asia,Africa,My Demon: Limited Series,my demon,True,2023-11-26,2024-01-28,4,5.428571428571429,7
Egypt,EG,Non-Asia,Africa,Narco-Saints: Season 1,narco-saints,True,2022-09-18,2022-09-18,10,10.0,1
Egypt,EG,Non-Asia,Africa,Parasyte: The Grey: Limited Series,parasyte: the grey,True,2024-04-07,2024-04-28,4,6.25,4
Egypt,EG,Non-Asia,Africa,Physical: 100: Season 1,physical: 100,True,2023-02-05,2023-02-26,3,6.5,4
Egypt,EG,Non-Asia,Africa,Physical: 100: Season 2,physical: 100,True,2024-03-24,2024-03-31,4,4.5,2
Egypt,EG,Non-Asia,Africa,Queen of Tears: Limited Series,queen of tears,True,2024-03-17,2024-04-28,8,9.0,3
Egypt,EG,Non-Asia,Africa,Squid Game: Season 1,squid game,True,2021-09-19,2025-07-20,1,4.384615384615385,26
Egypt,EG,Non-Asia,Africa,Squid Game: Season 2,squid game,True,2024-12-29,2025-07-27,1,3.466666666666667,15
Egypt,EG,Non-Asia,Africa,Squid Game: Season 3,squid game,True,2025-06-29,2025-08-24,1,3.2222222222222223,9
Egypt,EG,Non-Asia,Africa,The 8 Show: Limited Series,the 8 show,True,2024-05-26,2024-06-09,3,4.0,3
Egypt,EG,Non-Asia,Africa,The Glory: Season 1,the glory,True,2023-01-08,2023-04-09,3,5.666666666666667,6
Egypt,EG,Non-Asia,Africa,The Good Bad Mother: Limited Series,the good bad mother,True,2023-06-11,2023-06-11,8,8.0,1
Egypt,EG,Non-Asia,Africa,The Silent Sea: Season 1,the silent sea,True,2022-01-02,2022-01-09,4,6.5,2
Egypt,EG,Non-Asia,Africa,Twenty Five Twenty One: Limited Series,twenty five twenty one,True,2022-03-27,2022-04-10,4,6.333333333333333,3
Egypt,EG,Non-Asia,Africa,When the Phone Rings: Limited Series,when the phone rings,True,2024-12-01,2025-01-05,2,4.166666666666667,6
El Salvador,SV,Non-Asia,Latin America,A Time Called You: Limited Series,a time called you,True,2023-09-17,2023-09-24,6,8.0,2
El Salvador,SV,Non-Asia,Latin America,Alchemy of Souls: Part 1,alchemy of souls,True,2022-09-04,2023-01-29,9,9.5,2
El Salvador,SV,Non-Asia,Latin America,Alchemy of Souls: Part 2,alchemy of souls,True,2023-02-12,2023-02-19,7,8.5,2
El Salvador,SV,Non-Asia,Latin America,All of Us Are Dead: Season 1,all of us are dead,True,2022-01-30,2022-03-20,2,5.375,8
El Salvador,SV,Non-Asia,Latin America,Behind Your Touch: Limited Series,behind your touch,True,2023-08-20,2023-08-20,9,9.0,1
El Salvador,SV,Non-Asia,Latin America,Bloodhounds: Season 1,bloodhounds,True,2023-06-18,2026-04-12,3,6.25,4
El Salvador,SV,Non-Asia,Latin America,Bloodhounds: Season 2,bloodhounds,True,2026-04-05,2026-04-19,2,5.0,3
El Salvador,SV,Non-Asia,Latin America,Business Proposal: Limited Series,business proposal,True,2022-04-17,2022-05-29,4,5.714285714285714,7
El Salvador,SV,Non-Asia,Latin America,Castaway Diva: Limited Series,castaway diva,True,2023-11-12,2023-11-26,5,6.0,3
El Salvador,SV,Non-Asia,Latin America,Celebrity: Limited Series,celebrity,True,2023-07-09,2023-07-16,3,5.0,2
El Salvador,SV,Non-Asia,Latin America,Daily Dose of Sunshine: Season 1,daily dose of sunshine,True,2023-11-12,2023-11-12,7,7.0,1
El Salvador,SV,Non-Asia,Latin America,Doctor Cha: Limited Series,doctor cha,True,2023-05-28,2023-07-09,5,6.0,7
El Salvador,SV,Non-Asia,Latin America,Doona!: Season 1,doona!,True,2023-10-22,2023-11-05,3,6.0,3
El Salvador,SV,Non-Asia,Latin America,Extraordinary Attorney Woo: Season 1,extraordinary attorney woo,True,2022-07-24,2022-09-25,1,4.5,10
El Salvador,SV,Non-Asia,Latin America,Forecasting Love and Weather: Limited Series,forecasting love and weather,True,2022-05-01,2022-05-15,8,8.666666666666666,3
El Salvador,SV,Non-Asia,Latin America,Gyeongseong Creature: Season 1,gyeongseong creature,True,2023-12-31,2023-12-31,6,6.0,1
El Salvador,SV,Non-Asia,Latin America,Hellbound: Season 1,hellbound,True,2021-11-21,2021-11-28,6,6.5,2
El Salvador,SV,Non-Asia,Latin America,Hierarchy,hierarchy,True,2026-03-01,2026-03-08,1,2.0,2
El Salvador,SV,Non-Asia,Latin America,Hierarchy: Limited Series,hierarchy,True,2024-06-09,2024-07-14,2,4.666666666666667,6
El Salvador,SV,Non-Asia,Latin America,Hometown Cha-Cha-Cha: Limited Series,hometown cha-cha-cha,True,2021-11-07,2021-12-19,3,5.428571428571429,7
El Salvador,SV,Non-Asia,Latin America,King the Land: Limited Series,king the land,True,2023-07-16,2023-10-01,1,4.2727272727272725,11
El Salvador,SV,Non-Asia,Latin America,Little Women,little women,True,2023-03-05,2023-03-05,10,10.0,1
El Salvador,SV,Non-Asia,Latin America,Little Women: Limited Series,little women,True,2022-10-23,2022-11-20,5,6.4,5
El Salvador,SV,Non-Asia,Latin America,Love Next Door: Limited Series,love next door,True,2024-09-01,2024-10-27,2,4.444444444444445,9
El Salvador,SV,Non-Asia,Latin America,Love to Hate You: Season 1,love to hate you,True,2023-02-19,2023-02-19,9,9.0,1
El Salvador,SV,Non-Asia,Latin America,Mask Girl: Limited Series,mask girl,True,2023-08-27,2023-09-03,3,6.0,2
El Salvador,SV,Non-Asia,Latin America,Miss Night and Day: Limited Series,miss night and day,True,2024-07-14,2024-09-08,3,4.333333333333333,9
El Salvador,SV,Non-Asia,Latin America,Mr. Plankton: Limited Series,mr. plankton,True,2024-11-17,2024-11-24,6,6.5,2
El Salvador,SV,Non-Asia,Latin America,My Demon: Limited Series,my demon,True,2023-12-03,2024-02-04,1,4.1,10
El Salvador,SV,Non-Asia,Latin America,Parasyte: The Grey: Limited Series,parasyte: the grey,True,2024-04-07,2024-04-28,1,4.75,4
El Salvador,SV,Non-Asia,Latin America,Physical: 100: Season 2,physical: 100,True,2024-03-24,2024-03-31,4,7.0,2
El Salvador,SV,Non-Asia,Latin America,Queen of Tears: Limited Series,queen of tears,True,2024-03-24,2024-05-26,1,2.8,10
El Salvador,SV,Non-Asia,Latin America,See You in My 19th Life: Limited Series,see you in my 19th life,True,2023-07-02,2023-07-23,4,6.333333333333333,3
El Salvador,SV,Non-Asia,Latin America,Squid Game: Season 1,squid game,True,2021-09-19,2025-07-13,1,4.529411764705882,17
El Salvador,SV,Non-Asia,Latin America,Squid Game: Season 2,squid game,True,2024-12-29,2025-07-13,1,4.2727272727272725,11
El Salvador,SV,Non-Asia,Latin America,Squid Game: Season 3,squid game,True,2025-06-29,2025-08-10,1,4.285714285714286,7
El Salvador,SV,Non-Asia,Latin America,Sweet Home: Season 2,sweet home,True,2023-12-10,2023-12-10,9,9.0,1
El Salvador,SV,Non-Asia,Latin America,Sweet Home: Season 3,sweet home,True,2024-07-21,2024-07-28,8,9.0,2
El Salvador,SV,Non-Asia,Latin America,The 8 Show: Limited Series,the 8 show,True,2024-05-26,2024-05-26,9,9.0,1
El Salvador,SV,Non-Asia,Latin America,The Frog: Limited Series,the frog,True,2024-09-01,2024-09-01,7,7.0,1
El Salvador,SV,Non-Asia,Latin America,The Glory: Season 1,the glory,True,2023-01-08,2023-04-09,1,5.571428571428571,7
El Salvador,SV,Non-Asia,Latin America,The Good Bad Mother: Limited Series,the good bad mother,True,2023-06-04,2023-07-02,6,8.2,5
El Salvador,SV,Non-Asia,Latin America,Twenty Five Twenty One: Limited Series,twenty five twenty one,True,2022-05-01,2022-05-01,10,10.0,1
El Salvador,SV,Non-Asia,Latin America,When the Phone Rings: Limited Series,when the phone rings,True,2024-11-24,2025-01-12,1,3.5,8
Estonia,EE,Non-Asia,Europe,All of Us Are Dead: Season 1,all of us are dead,True,2022-01-30,2022-02-27,1,5.2,5
Estonia,EE,Non-Asia,Europe,Bloodhounds: Season 2,bloodhounds,True,2026-04-12,2026-04-12,10,10.0,1
Estonia,EE,Non-Asia,Europe,Hellbound: Season 1,hellbound,True,2021-11-28,2021-11-28,6,6.0,1
Estonia,EE,Non-Asia,Europe,Little Women,little women,True,2021-08-29,2021-08-29,6,6.0,1
Estonia,EE,Non-Asia,Europe,My Demon: Limited Series,my demon,True,2023-11-26,2023-12-10,8,9.0,3
Estonia,EE,Non-Asia,Europe,Parasyte: The Grey: Limited Series,parasyte: the grey,True,2024-04-14,2024-04-14,7,7.0,1
Estonia,EE,Non-Asia,Europe,Physical: 100: Season 1,physical: 100,True,2023-01-29,2023-02-26,2,4.0,5
Estonia,EE,Non-Asia,Europe,Physical: 100: Season 2,physical: 100,True,2024-03-24,2024-04-07,3,3.3333333333333335,3
Estonia,EE,Non-Asia,Europe,Single’s Inferno: Season 3,single's inferno,True,2023-12-17,2023-12-17,10,10.0,1
Estonia,EE,Non-Asia,Europe,Single’s Inferno: Season 4,single's inferno,True,2025-01-19,2025-01-19,9,9.0,1
Estonia,EE,Non-Asia,Europe,Squid Game: Season 1,squid game,True,2021-09-19,2025-07-13,1,3.9166666666666665,24
Estonia,EE,Non-Asia,Europe,Squid Game: Season 2,squid game,True,2024-12-29,2025-07-20,1,4.333333333333333,12
Estonia,EE,Non-Asia,Europe,Squid Game: Season 3,squid game,True,2025-06-29,2025-08-10,1,3.0,7
Estonia,EE,Non-Asia,Europe,The 8 Show: Limited Series,the 8 show,True,2024-05-26,2024-05-26,8,8.0,1
Estonia,EE,Non-Asia,Europe,The Glory: Season 1,the glory,True,2023-03-12,2023-03-19,7,7.5,2
Estonia,EE,Non-Asia,Europe,The Silent Sea: Season 1,the silent sea,True,2022-01-02,2022-01-02,5,5.0,1
Finland,FI,Non-Asia,Europe,All of Us Are Dead: Season 1,all of us are dead,True,2022-01-30,2022-02-27,1,4.2,5
Finland,FI,Non-Asia,Europe,Bloodhounds: Season 1,bloodhounds,True,2023-06-18,2023-06-18,9,9.0,1
Finland,FI,Non-Asia,Europe,Bloodhounds: Season 2,bloodhounds,True,2026-04-12,2026-04-12,9,9.0,1
Finland,FI,Non-Asia,Europe,Extraordinary Attorney Woo: Season 1,extraordinary attorney woo,True,2022-09-04,2022-09-04,9,9.0,1
Finland,FI,Non-Asia,Europe,Hellbound: Season 1,hellbound,True,2021-11-28,2021-12-05,2,3.0,2
Finland,FI,Non-Asia,Europe,Little Women,little women,True,2022-03-13,2022-03-27,4,7.0,3
Finland,FI,Non-Asia,Europe,My Demon: Limited Series,my demon,True,2023-12-03,2023-12-03,10,10.0,1
Finland,FI,Non-Asia,Europe,Narco-Saints: Season 1,narco-saints,True,2022-09-18,2022-09-25,6,7.5,2
Finland,FI,Non-Asia,Europe,Physical: 100: Season 1,physical: 100,True,2023-01-29,2023-03-05,2,4.0,6
Finland,FI,Non-Asia,Europe,Physical: 100: Season 2,physical: 100,True,2024-03-24,2024-04-07,3,6.0,3
Finland,FI,Non-Asia,Europe,Single’s Inferno: Season 5,single's inferno,True,2026-01-25,2026-01-25,9,9.0,1
Finland,FI,Non-Asia,Europe,Squid Game: Season 1,squid game,True,2021-09-19,2025-07-06,1,4.55,20
Finland,FI,Non-Asia,Europe,Squid Game: Season 2,squid game,True,2024-12-29,2025-07-13,1,3.7777777777777777,9
Finland,FI,Non-Asia,Europe,Squid Game: Season 3,squid game,True,2025-06-29,2025-08-24,1,4.444444444444445,9
Finland,FI,Non-Asia,Europe,The 8 Show: Limited Series,the 8 show,True,2024-05-26,2024-05-26,8,8.0,1
Finland,FI,Non-Asia,Europe,The Glory: Season 1,the glory,True,2023-03-12,2023-03-26,3,7.0,3
Finland,FI,Non-Asia,Europe,The Silent Sea: Season 1,the silent sea,True,2021-12-26,2022-01-02,5,6.5,2
France,FR,Non-Asia,Europe,A Killer Paradox: Season 1,a killer paradox,True,2024-02-18,2024-02-18,7,7.0,1
France,FR,Non-Asia,Europe,All of Us Are Dead: Season 1,all of us are dead,True,2022-01-30,2022-03-06,1,2.6666666666666665,6
France,FR,Non-Asia,Europe,Bloodhounds: Season 1,bloodhounds,True,2023-06-11,2023-07-02,3,6.75,4
France,FR,Non-Asia,Europe,Bloodhounds: Season 2,bloodhounds,True,2026-04-05,2026-04-12,4,4.5,2
France,FR,Non-Asia,Europe,Celebrity: Limited Series,celebrity,True,2023-07-09,2023-07-09,7,7.0,1
France,FR,Non-Asia,Europe,Gyeongseong Creature: Season 1,gyeongseong creature,True,2023-12-31,2023-12-31,5,5.0,1
France,FR,Non-Asia,Europe,Gyeongseong Creature: Season 2,gyeongseong creature,True,2024-10-06,2024-10-06,10,10.0,1
France,FR,Non-Asia,Europe,Hellbound: Season 1,hellbound,True,2021-11-21,2021-12-05,1,4.0,3
France,FR,Non-Asia,Europe,Hierarchy: Limited Series,hierarchy,True,2024-06-09,2024-06-16,5,6.5,2
France,FR,Non-Asia,Europe,Little Women,little women,True,2023-05-28,2023-06-04,4,5.5,2
France,FR,Non-Asia,Europe,Mask Girl: Limited Series,mask girl,True,2023-08-27,2023-09-03,6,8.0,2
France,FR,Non-Asia,Europe,Narco-Saints: Season 1,narco-saints,True,2022-09-18,2022-09-25,4,5.0,2
France,FR,Non-Asia,Europe,Parasyte: The Grey: Limited Series,parasyte: the grey,True,2024-04-07,2024-04-21,2,5.0,3
France,FR,Non-Asia,Europe,Physical: 100: Season 1,physical: 100,True,2023-02-05,2023-02-26,2,4.25,4
France,FR,Non-Asia,Europe,Physical: 100: Season 2,physical: 100,True,2024-03-24,2024-04-07,5,6.666666666666667,3
France,FR,Non-Asia,Europe,Squid Game: Season 1,squid game,True,2021-09-19,2025-07-06,1,4.4375,16
France,FR,Non-Asia,Europe,Squid Game: Season 2,squid game,True,2024-12-29,2025-07-13,1,4.5,8
France,FR,Non-Asia,Europe,Squid Game: Season 3,squid game,True,2025-06-29,2025-08-10,1,3.7142857142857144,7
France,FR,Non-Asia,Europe,Sweet Home: Season 2,sweet home,True,2023-12-10,2023-12-10,10,10.0,1
France,FR,Non-Asia,Europe,The 8 Show: Limited Series,the 8 show,True,2024-05-26,2024-06-02,2,4.5,2
France,FR,Non-Asia,Europe,The Bequeathed: Limited Series,the bequeathed,True,2024-01-28,2024-01-28,7,7.0,1
France,FR,Non-Asia,Europe,The Glory: Season 1,the glory,True,2023-01-08,2023-04-09,2,5.428571428571429,7
France,FR,Non-Asia,Europe,The Silent Sea: Season 1,the silent sea,True,2022-01-02,2022-01-02,5,5.0,1
Germany,DE,Non-Asia,Europe,All of Us Are Dead: Season 1,all of us are dead,True,2022-01-30,2022-02-27,1,3.0,5
Germany,DE,Non-Asia,Europe,Bloodhounds: Season 1,bloodhounds,True,2023-06-18,2023-06-25,5,5.0,2
Germany,DE,Non-Asia,Europe,Bloodhounds: Season 2,bloodhounds,True,2026-04-05,2026-04-12,4,4.5,2
Germany,DE,Non-Asia,Europe,Hellbound: Season 1,hellbound,True,2021-11-21,2021-11-28,4,5.0,2
Germany,DE,Non-Asia,Europe,Hierarchy: Limited Series,hierarchy,True,2024-06-16,2024-06-16,9,9.0,1
Germany,DE,Non-Asia,Europe,Little Women,little women,True,2022-01-02,2022-01-02,4,4.0,1
Germany,DE,Non-Asia,Europe,Mask Girl: Limited Series,mask girl,True,2023-08-27,2023-08-27,8,8.0,1
Germany,DE,Non-Asia,Europe,Narco-Saints: Season 1,narco-saints,True,2022-09-18,2022-09-18,6,6.0,1
Germany,DE,Non-Asia,Europe,Parasyte: The Grey: Limited Series,parasyte: the grey,True,2024-04-07,2024-04-14,5,6.0,2
Germany,DE,Non-Asia,Europe,Physical: 100: Season 1,physical: 100,True,2023-02-05,2023-02-26,2,4.25,4
Germany,DE,Non-Asia,Europe,Physical: 100: Season 2,physical: 100,True,2024-03-24,2024-03-31,4,4.5,2
Germany,DE,Non-Asia,Europe,Squid Game: Season 1,squid game,True,2021-09-19,2025-07-06,1,3.75,16
Germany,DE,Non-Asia,Europe,Squid Game: Season 2,squid game,True,2024-12-29,2025-07-13,1,4.0,8
Germany,DE,Non-Asia,Europe,Squid Game: Season 3,squid game,True,2025-06-29,2025-08-10,1,3.4285714285714284,7
Germany,DE,Non-Asia,Europe,The 8 Show: Limited Series,the 8 show,True,2024-05-26,2024-06-02,4,6.5,2
Germany,DE,Non-Asia,Europe,The Glory: Season 1,the glory,True,2023-01-08,2023-03-26,4,7.0,4
Germany,DE,Non-Asia,Europe,The Silent Sea: Season 1,the silent sea,True,2022-01-02,2022-01-02,6,6.0,1
Greece,GR,Non-Asia,Europe,Alchemy of Souls: Part 1,alchemy of souls,True,2022-08-28,2022-10-09,5,7.4,5
Greece,GR,Non-Asia,Europe,Alchemy of Souls: Part 2,alchemy of souls,True,2023-02-05,2023-02-19,4,6.333333333333333,3
Greece,GR,Non-Asia,Europe,All of Us Are Dead: Season 1,all of us are dead,True,2022-01-30,2022-02-27,1,4.4,5
Greece,GR,Non-Asia,Europe,Bloodhounds: Season 1,bloodhounds,True,2023-06-18,2023-06-18,5,5.0,1
Greece,GR,Non-Asia,Europe,Bloodhounds: Season 2,bloodhounds,True,2026-04-05,2026-04-12,4,5.0,2
Greece,GR,Non-Asia,Europe,Business Proposal: Limited Series,business proposal,True,2022-05-15,2022-05-15,8,8.0,1
Greece,GR,Non-Asia,Europe,Extraordinary Attorney Woo: Season 1,extraordinary attorney woo,True,2022-08-14,2022-09-04,9,9.666666666666666,3
Greece,GR,Non-Asia,Europe,Gyeongseong Creature: Season 1,gyeongseong creature,True,2023-12-31,2023-12-31,9,9.0,1
Greece,GR,Non-Asia,Europe,Hellbound: Season 1,hellbound,True,2021-11-21,2021-12-05,2,5.0,3
Greece,GR,Non-Asia,Europe,Hierarchy: Limited Series,hierarchy,True,2024-06-16,2024-06-16,6,6.0,1
Greece,GR,Non-Asia,Europe,King the Land: Limited Series,king the land,True,2023-06-25,2023-08-06,5,6.6,5
Greece,GR,Non-Asia,Europe,Little Women,little women,True,2022-01-09,2022-01-09,9,9.0,1
Greece,GR,Non-Asia,Europe,Love Next Door: Limited Series,love next door,True,2024-08-25,2024-09-01,8,8.5,2
Greece,GR,Non-Asia,Europe,Love to Hate You: Season 1,love to hate you,True,2023-02-19,2023-02-19,6,6.0,1
Greece,GR,Non-Asia,Europe,Mask Girl: Limited Series,mask girl,True,2023-08-27,2023-08-27,9,9.0,1
Greece,GR,Non-Asia,Europe,My Demon: Limited Series,my demon,True,2023-11-26,2023-12-17,5,7.5,4
Greece,GR,Non-Asia,Europe,Narco-Saints: Season 1,narco-saints,True,2022-09-18,2022-09-18,6,6.0,1
Greece,GR,Non-Asia,Europe,Parasyte: The Grey: Limited Series,parasyte: the grey,True,2024-04-14,2024-04-14,7,7.0,1
Greece,GR,Non-Asia,Europe,Physical: 100: Season 1,physical: 100,True,2023-02-05,2023-02-26,2,4.25,4
Greece,GR,Non-Asia,Europe,Physical: 100: Season 2,physical: 100,True,2024-03-24,2024-03-31,8,8.0,2
Greece,GR,Non-Asia,Europe,Squid Game: Season 1,squid game,True,2021-09-19,2025-07-06,1,4.2631578947368425,19
Greece,GR,Non-Asia,Europe,Squid Game: Season 2,squid game,True,2024-12-29,2025-07-13,1,3.7777777777777777,9
Greece,GR,Non-Asia,Europe,Squid Game: Season 3,squid game,True,2025-06-29,2025-08-10,1,3.0,7
Greece,GR,Non-Asia,Europe,The 8 Show: Limited Series,the 8 show,True,2024-05-26,2024-05-26,10,10.0,1
Greece,GR,Non-Asia,Europe,The Glory: Season 1,the glory,True,2023-01-08,2023-03-26,3,7.0,4
Greece,GR,Non-Asia,Europe,The Silent Sea: Season 1,the silent sea,True,2021-12-26,2022-01-02,6,8.0,2
Greece,GR,Non-Asia,Europe,When the Phone Rings: Limited Series,when the phone rings,True,2024-11-24,2024-12-22,8,8.75,4
Guadeloupe,GP,Non-Asia,North America,A Killer Paradox: Season 1,a killer paradox,True,2024-02-18,2024-02-18,10,10.0,1
Guadeloupe,GP,Non-Asia,North America,All of Us Are Dead: Season 1,all of us are dead,True,2022-01-30,2022-03-06,1,4.5,6
Guadeloupe,GP,Non-Asia,North America,Bloodhounds: Season 1,bloodhounds,True,2023-06-11,2023-07-02,3,6.25,4
Guadeloupe,GP,Non-Asia,North America,Bloodhounds: Season 2,bloodhounds,True,2026-04-05,2026-04-12,5,6.5,2
Guadeloupe,GP,Non-Asia,North America,Celebrity: Limited Series,celebrity,True,2023-07-02,2023-07-16,5,7.666666666666667,3
Guadeloupe,GP,Non-Asia,North America,Gyeongseong Creature: Season 1,gyeongseong creature,True,2023-12-31,2023-12-31,6,6.0,1
Guadeloupe,GP,Non-Asia,North America,Hellbound: Season 1,hellbound,True,2021-11-21,2021-11-28,3,3.0,2
Guadeloupe,GP,Non-Asia,North America,Hierarchy: Limited Series,hierarchy,True,2024-06-09,2024-06-23,2,5.333333333333333,3
Guadeloupe,GP,Non-Asia,North America,Love to Hate You: Season 1,love to hate you,True,2023-02-19,2023-02-19,5,5.0,1
Guadeloupe,GP,Non-Asia,North America,Mask Girl: Limited Series,mask girl,True,2023-08-27,2023-09-03,4,5.5,2
Guadeloupe,GP,Non-Asia,North America,My Demon: Limited Series,my demon,True,2023-11-26,2023-12-03,8,9.0,2
Guadeloupe,GP,Non-Asia,North America,Narco-Saints: Season 1,narco-saints,True,2022-09-11,2022-09-25,1,5.666666666666667,3
Guadeloupe,GP,Non-Asia,North America,Parasyte: The Grey: Limited Series,parasyte: the grey,True,2024-04-07,2024-04-14,1,1.5,2
Guadeloupe,GP,Non-Asia,North America,Physical: 100: Season 1,physical: 100,True,2023-01-29,2023-02-26,2,5.0,5
Guadeloupe,GP,Non-Asia,North America,Physical: 100: Season 2,physical: 100,True,2024-03-24,2024-03-31,4,4.5,2
Guadeloupe,GP,Non-Asia,North America,Remarriage & Desires: Season 1,remarriage & desires,True,2022-07-24,2022-07-31,3,4.5,2
Guadeloupe,GP,Non-Asia,North America,Squid Game: Season 1,squid game,True,2021-09-19,2025-01-05,1,4.2727272727272725,11
Guadeloupe,GP,Non-Asia,North America,Squid Game: Season 2,squid game,True,2024-12-29,2025-07-06,1,4.4,5
Guadeloupe,GP,Non-Asia,North America,Squid Game: Season 3,squid game,True,2025-06-29,2025-07-27,1,3.6,5
Guadeloupe,GP,Non-Asia,North America,Sweet Home: Season 2,sweet home,True,2023-12-10,2023-12-10,8,8.0,1
Guadeloupe,GP,Non-Asia,North America,The 8 Show: Limited Series,the 8 show,True,2024-05-26,2024-05-26,3,3.0,1
Guadeloupe,GP,Non-Asia,North America,The Bequeathed: Limited Series,the bequeathed,True,2024-01-28,2024-01-28,6,6.0,1
Guadeloupe,GP,Non-Asia,North America,The Frog: Limited Series,the frog,True,2024-09-01,2024-09-01,10,10.0,1
Guadeloupe,GP,Non-Asia,North America,The Glory: Season 1,the glory,True,2023-01-08,2023-04-16,1,5.777777777777778,9
Guadeloupe,GP,Non-Asia,North America,The Silent Sea: Season 1,the silent sea,True,2022-01-02,2022-01-02,7,7.0,1
Guatemala,GT,Non-Asia,Latin America,A Time Called You: Limited Series,a time called you,True,2023-09-17,2023-09-24,6,8.0,2
Guatemala,GT,Non-Asia,Latin America,All of Us Are Dead: Season 1,all of us are dead,True,2022-01-30,2022-03-27,2,4.888888888888889,9
Guatemala,GT,Non-Asia,Latin America,Behind Your Touch: Limited Series,behind your touch,True,2023-08-20,2023-08-20,10,10.0,1
Guatemala,GT,Non-Asia,Latin America,Bloodhounds: Season 1,bloodhounds,True,2023-06-18,2026-04-12,3,5.25,4
Guatemala,GT,Non-Asia,Latin America,Bloodhounds: Season 2,bloodhounds,True,2026-04-05,2026-04-19,2,3.6666666666666665,3
Guatemala,GT,Non-Asia,Latin America,Business Proposal: Limited Series,business proposal,True,2022-04-17,2022-05-22,5,7.166666666666667,6
Guatemala,GT,Non-Asia,Latin America,Castaway Diva: Limited Series,castaway diva,True,2023-11-12,2023-11-26,6,7.333333333333333,3
Guatemala,GT,Non-Asia,Latin America,Celebrity: Limited Series,celebrity,True,2023-07-09,2023-07-16,4,6.5,2
Guatemala,GT,Non-Asia,Latin America,Daily Dose of Sunshine: Season 1,daily dose of sunshine,True,2023-11-12,2023-11-12,8,8.0,1
Guatemala,GT,Non-Asia,Latin America,Doctor Cha: Limited Series,doctor cha,True,2023-05-28,2023-07-09,4,7.428571428571429,7
Guatemala,GT,Non-Asia,Latin America,Doona!: Season 1,doona!,True,2023-10-22,2023-10-29,3,6.5,2
Guatemala,GT,Non-Asia,Latin America,Extraordinary Attorney Woo: Season 1,extraordinary attorney woo,True,2022-07-24,2022-09-11,2,4.5,8
Guatemala,GT,Non-Asia,Latin America,Gyeongseong Creature: Season 1,gyeongseong creature,True,2023-12-31,2023-12-31,8,8.0,1
Guatemala,GT,Non-Asia,Latin America,Hellbound: Season 1,hellbound,True,2021-11-21,2021-11-28,6,7.0,2
Guatemala,GT,Non-Asia,Latin America,Hierarchy,hierarchy,True,2026-03-01,2026-03-08,3,3.0,2
Guatemala,GT,Non-Asia,Latin America,Hierarchy: Limited Series,hierarchy,True,2024-06-09,2024-06-30,2,3.0,4
Guatemala,GT,Non-Asia,Latin America,Hometown Cha-Cha-Cha: Limited Series,hometown cha-cha-cha,True,2021-11-14,2021-12-19,5,6.833333333333333,6
Guatemala,GT,Non-Asia,Latin America,Juvenile Justice: Season 1,juvenile justice,True,2022-03-20,2022-03-20,10,10.0,1
Guatemala,GT,Non-Asia,Latin America,King the Land: Limited Series,king the land,True,2023-07-16,2023-10-29,1,5.166666666666667,12
Guatemala,GT,Non-Asia,Latin America,Little Women: Limited Series,little women,True,2022-11-13,2022-11-20,8,9.0,2
Guatemala,GT,Non-Asia,Latin America,Love Next Door: Limited Series,love next door,True,2024-09-01,2024-10-27,3,5.555555555555555,9
Guatemala,GT,Non-Asia,Latin America,Mask Girl: Limited Series,mask girl,True,2023-08-27,2023-09-03,4,6.5,2
Guatemala,GT,Non-Asia,Latin America,Miss Night and Day: Limited Series,miss night and day,True,2024-07-21,2024-09-08,3,4.375,8
Guatemala,GT,Non-Asia,Latin America,Mr. Plankton: Limited Series,mr. plankton,True,2024-11-17,2024-11-24,6,7.5,2
Guatemala,GT,Non-Asia,Latin America,My Demon: Limited Series,my demon,True,2023-12-03,2024-01-28,1,5.111111111111111,9
Guatemala,GT,Non-Asia,Latin America,Narco-Saints: Season 1,narco-saints,True,2022-09-18,2022-09-18,10,10.0,1
Guatemala,GT,Non-Asia,Latin America,Parasyte: The Grey: Limited Series,parasyte: the grey,True,2024-04-07,2024-04-21,2,4.333333333333333,3
Guatemala,GT,Non-Asia,Latin America,Physical: 100: Season 1,physical: 100,True,2023-02-19,2023-02-19,10,10.0,1
Guatemala,GT,Non-Asia,Latin America,Physical: 100: Season 2,physical: 100,True,2024-03-24,2024-03-31,4,6.5,2
Guatemala,GT,Non-Asia,Latin America,Queen of Tears: Limited Series,queen of tears,True,2024-03-24,2024-05-26,2,4.3,10
Guatemala,GT,Non-Asia,Latin America,See You in My 19th Life: Limited Series,see you in my 19th life,True,2023-07-02,2023-07-09,7,7.5,2
Guatemala,GT,Non-Asia,Latin America,Squid Game: Season 1,squid game,True,2021-09-19,2025-07-13,1,5.0,21
Guatemala,GT,Non-Asia,Latin America,Squid Game: Season 2,squid game,True,2024-12-29,2025-07-13,1,3.6666666666666665,12
Guatemala,GT,Non-Asia,Latin America,Squid Game: Season 3,squid game,True,2025-06-29,2025-08-10,1,4.0,7
Guatemala,GT,Non-Asia,Latin America,Sweet Home: Season 2,sweet home,True,2023-12-10,2023-12-10,9,9.0,1
Guatemala,GT,Non-Asia,Latin America,The 8 Show: Limited Series,the 8 show,True,2024-05-26,2024-05-26,8,8.0,1
Guatemala,GT,Non-Asia,Latin America,The Glory: Season 1,the glory,True,2023-01-08,2023-04-02,1,5.2,5
Guatemala,GT,Non-Asia,Latin America,The Good Bad Mother: Limited Series,the good bad mother,True,2023-06-04,2023-07-02,6,8.8,5
Guatemala,GT,Non-Asia,Latin America,Twenty Five Twenty One: Limited Series,twenty five twenty one,True,2022-05-08,2022-05-08,10,10.0,1
Guatemala,GT,Non-Asia,Latin America,When the Phone Rings: Limited Series,when the phone rings,True,2024-11-24,2025-01-12,1,3.875,8
Honduras,HN,Non-Asia,Latin America,A Killer Paradox: Season 1,a killer paradox,True,2024-02-18,2024-02-18,8,8.0,1
Honduras,HN,Non-Asia,Latin America,A Time Called You: Limited Series,a time called you,True,2023-09-17,2023-09-24,5,6.5,2
Honduras,HN,Non-Asia,Latin America,Alchemy of Souls: Part 1,alchemy of souls,True,2022-09-04,2023-01-29,9,9.5,2
Honduras,HN,Non-Asia,Latin America,Alchemy of Souls: Part 2,alchemy of souls,True,2023-02-12,2023-02-12,8,8.0,1
Honduras,HN,Non-Asia,Latin America,All of Us Are Dead: Season 1,all of us are dead,True,2022-01-30,2022-03-27,2,5.444444444444445,9
Honduras,HN,Non-Asia,Latin America,Behind Your Touch: Limited Series,behind your touch,True,2023-08-20,2023-08-20,9,9.0,1
Honduras,HN,Non-Asia,Latin America,Bloodhounds: Season 1,bloodhounds,True,2023-06-18,2026-04-12,3,4.666666666666667,3
Honduras,HN,Non-Asia,Latin America,Bloodhounds: Season 2,bloodhounds,True,2026-04-05,2026-04-19,2,5.333333333333333,3
Honduras,HN,Non-Asia,Latin America,Business Proposal: Limited Series,business proposal,True,2022-04-17,2022-07-17,3,6.375,8
Honduras,HN,Non-Asia,Latin America,Castaway Diva: Limited Series,castaway diva,True,2023-11-12,2023-12-03,4,6.25,4
Honduras,HN,Non-Asia,Latin America,Celebrity: Limited Series,celebrity,True,2023-07-02,2023-07-16,3,5.0,3
Honduras,HN,Non-Asia,Latin America,Daily Dose of Sunshine: Season 1,daily dose of sunshine,True,2023-11-12,2023-11-19,8,9.0,2
Honduras,HN,Non-Asia,Latin America,Doctor Cha: Limited Series,doctor cha,True,2023-06-04,2023-07-09,5,6.5,6
Honduras,HN,Non-Asia,Latin America,Doona!: Season 1,doona!,True,2023-10-22,2023-11-05,3,5.666666666666667,3
Honduras,HN,Non-Asia,Latin America,Extraordinary Attorney Woo: Season 1,extraordinary attorney woo,True,2022-07-24,2022-09-25,2,5.111111111111111,9
Honduras,HN,Non-Asia,Latin America,Forecasting Love and Weather: Limited Series,forecasting love and weather,True,2022-04-17,2022-05-15,8,9.25,4
Honduras,HN,Non-Asia,Latin America,Gyeongseong Creature: Season 1,gyeongseong creature,True,2023-12-31,2023-12-31,7,7.0,1
Honduras,HN,Non-Asia,Latin America,Hellbound: Season 1,hellbound,True,2021-11-21,2021-11-28,7,7.5,2
Honduras,HN,Non-Asia,Latin America,Hierarchy,hierarchy,True,2026-03-01,2026-03-15,1,4.0,3
Honduras,HN,Non-Asia,Latin America,Hierarchy: Limited Series,hierarchy,True,2024-06-09,2024-07-14,2,4.5,6
Honduras,HN,Non-Asia,Latin America,Hometown Cha-Cha-Cha: Limited Series,hometown cha-cha-cha,True,2021-11-07,2021-12-19,5,6.714285714285714,7
Honduras,HN,Non-Asia,Latin America,King the Land: Limited Series,king the land,True,2023-07-16,2023-10-01,1,4.5,12
Honduras,HN,Non-Asia,Latin America,Little Women: Limited Series,little women,True,2022-10-23,2022-11-20,7,7.6,5
Honduras,HN,Non-Asia,Latin America,Love Next Door: Limited Series,love next door,True,2024-09-01,2024-11-03,2,4.2,10
Honduras,HN,Non-Asia,Latin America,Love to Hate You: Season 1,love to hate you,True,2023-02-19,2023-02-19,8,8.0,1
Honduras,HN,Non-Asia,Latin America,Mask Girl: Limited Series,mask girl,True,2023-08-27,2023-09-03,3,6.0,2
Honduras,HN,Non-Asia,Latin America,Miss Night and Day: Limited Series,miss night and day,True,2024-07-14,2024-09-08,3,4.111111111111111,9
Honduras,HN,Non-Asia,Latin America,Mr. Plankton: Limited Series,mr. plankton,True,2024-11-17,2024-11-24,5,5.5,2
Honduras,HN,Non-Asia,Latin America,My Demon: Limited Series,my demon,True,2023-12-03,2024-02-04,1,4.3,10
Honduras,HN,Non-Asia,Latin America,Narco-Saints: Season 1,narco-saints,True,2022-09-18,2022-09-18,9,9.0,1
Honduras,HN,Non-Asia,Latin America,Parasyte: The Grey: Limited Series,parasyte: the grey,True,2024-04-07,2024-04-21,1,3.3333333333333335,3
Honduras,HN,Non-Asia,Latin America,Physical: 100: Season 2,physical: 100,True,2024-03-24,2024-03-31,6,8.0,2
Honduras,HN,Non-Asia,Latin America,Queen of Tears: Limited Series,queen of tears,True,2024-03-24,2024-06-02,1,3.727272727272727,11
Honduras,HN,Non-Asia,Latin America,See You in My 19th Life: Limited Series,see you in my 19th life,True,2023-07-02,2023-07-23,4,6.75,4
Honduras,HN,Non-Asia,Latin America,Single’s Inferno: Season 3,single's inferno,True,2023-12-17,2023-12-17,10,10.0,1
Honduras,HN,Non-Asia,Latin America,Squid Game: Season 1,squid game,True,2021-09-19,2025-07-13,1,5.8,20
Honduras,HN,Non-Asia,Latin America,Squid Game: Season 2,squid game,True,2024-12-29,2025-07-13,1,3.6,10
Honduras,HN,Non-Asia,Latin America,Squid Game: Season 3,squid game,True,2025-06-29,2025-08-10,1,3.7142857142857144,7
Honduras,HN,Non-Asia,Latin America,Sweet Home: Season 2,sweet home,True,2023-12-10,2023-12-10,7,7.0,1
Honduras,HN,Non-Asia,Latin America,Sweet Home: Season 3,sweet home,True,2024-07-21,2024-07-28,6,7.0,2
Honduras,HN,Non-Asia,Latin America,The 8 Show: Limited Series,the 8 show,True,2024-05-26,2024-05-26,5,5.0,1
Honduras,HN,Non-Asia,Latin America,The Frog: Limited Series,the frog,True,2024-09-01,2024-09-01,7,7.0,1
Honduras,HN,Non-Asia,Latin America,The Glory: Season 1,the glory,True,2023-01-08,2023-04-09,1,5.166666666666667,6
Honduras,HN,Non-Asia,Latin America,The Good Bad Mother: Limited Series,the good bad mother,True,2023-06-11,2023-07-02,6,7.75,4
Honduras,HN,Non-Asia,Latin America,When the Phone Rings: Limited Series,when the phone rings,True,2024-11-24,2025-01-19,1,3.7777777777777777,9
Hong Kong,HK,Asia,Asia,A Killer Paradox: Season 1,a killer paradox,True,2024-02-11,2024-03-03,2,5.5,4
Hong Kong,HK,Asia,Asia,A Time Called You: Limited Series,a time called you,True,2023-09-10,2023-09-24,3,5.666666666666667,3
Hong Kong,HK,Asia,Asia,Alchemy of Souls: Part 1,alchemy of souls,True,2022-06-26,2023-02-05,2,5.380952380952381,21
Hong Kong,HK,Asia,Asia,Alchemy of Souls: Part 2,alchemy of souls,True,2022-12-18,2023-02-05,3,5.75,8
Hong Kong,HK,Asia,Asia,All of Us Are Dead: Season 1,all of us are dead,True,2022-01-30,2022-03-13,1,3.857142857142857,7
Hong Kong,HK,Asia,Asia,Behind Your Touch: Limited Series,behind your touch,True,2023-08-20,2023-10-08,4,7.571428571428571,7
Hong Kong,HK,Asia,Asia,Bloodhounds: Season 1,bloodhounds,True,2023-06-11,2026-04-19,1,6.333333333333333,6
Hong Kong,HK,Asia,Asia,Bloodhounds: Season 2,bloodhounds,True,2026-04-05,2026-04-26,3,5.25,4
Hong Kong,HK,Asia,Asia,Business Proposal: Limited Series,business proposal,True,2022-03-06,2022-05-22,1,3.1666666666666665,12
Hong Kong,HK,Asia,Asia,Café Minamdang: Limited Series,cafe minamdang,True,2022-08-14,2022-09-11,4,6.6,5
Hong Kong,HK,Asia,Asia,Castaway Diva: Limited Series,castaway diva,True,2023-11-05,2023-12-10,3,6.166666666666667,6
Hong Kong,HK,Asia,Asia,Celebrity: Limited Series,celebrity,True,2023-07-02,2023-07-30,1,4.2,5
Hong Kong,HK,Asia,Asia,Crash Landing on You: Limited Series,crash landing on you,True,2022-02-13,2022-04-24,4,7.75,8
Hong Kong,HK,Asia,Asia,Culinary Class Wars: Season 1,culinary class wars,True,2024-09-22,2024-11-24,1,2.6,10
Hong Kong,HK,Asia,Asia,Culinary Class Wars: Season 2,culinary class wars,True,2025-12-21,2026-01-25,1,3.0,6
Hong Kong,HK,Asia,Asia,D.P.: Season 1,d.p.,True,2021-08-29,2021-09-12,4,7.666666666666667,3
Hong Kong,HK,Asia,Asia,D.P.: Season 2,d.p.,True,2023-08-06,2023-08-13,6,8.0,2
Hong Kong,HK,Asia,Asia,Daily Dose of Sunshine: Season 1,daily dose of sunshine,True,2023-11-12,2023-11-26,3,5.666666666666667,3
Hong Kong,HK,Asia,Asia,Doctor Cha: Limited Series,doctor cha,True,2023-04-30,2023-06-11,1,2.142857142857143,7
Hong Kong,HK,Asia,Asia,Doona!: Season 1,doona!,True,2023-10-22,2023-11-12,1,4.0,4
Hong Kong,HK,Asia,Asia,Extraordinary Attorney Woo: Season 1,extraordinary attorney woo,True,2022-07-03,2022-10-30,1,3.6666666666666665,18
Hong Kong,HK,Asia,Asia,Forecasting Love and Weather: Limited Series,forecasting love and weather,True,2022-02-20,2022-04-24,3,5.0,10
Hong Kong,HK,Asia,Asia,Gyeongseong Creature: Season 1,gyeongseong creature,True,2023-12-24,2024-10-06,1,3.857142857142857,7
Hong Kong,HK,Asia,Asia,Gyeongseong Creature: Season 2,gyeongseong creature,True,2024-09-29,2024-10-20,2,3.75,4
Hong Kong,HK,Asia,Asia,Hellbound: Season 1,hellbound,True,2021-11-21,2024-11-03,1,4.333333333333333,6
Hong Kong,HK,Asia,Asia,Hellbound: Season 2,hellbound,True,2024-10-27,2024-11-10,3,6.0,3
Hong Kong,HK,Asia,Asia,Hierarchy: Limited Series,hierarchy,True,2024-06-09,2024-07-07,1,5.0,5
Hong Kong,HK,Asia,Asia,Hometown Cha-Cha-Cha: Limited Series,hometown cha-cha-cha,True,2021-09-05,2021-12-19,2,3.375,16
Hong Kong,HK,Asia,Asia,Hospital Playlist: Season 1,hospital playlist,True,2021-07-04,2021-07-04,10,10.0,1
Hong Kong,HK,Asia,Asia,Hospital Playlist: Season 2,hospital playlist,True,2021-07-04,2021-10-10,1,4.666666666666667,15
Hong Kong,HK,Asia,Asia,Juvenile Justice: Season 1,juvenile justice,True,2022-02-27,2022-04-03,1,4.333333333333333,6
Hong Kong,HK,Asia,Asia,King the Land: Limited Series,king the land,True,2023-06-18,2023-08-27,1,3.4545454545454546,11
Hong Kong,HK,Asia,Asia,Little Women: Limited Series,little women,True,2022-09-11,2022-11-06,1,3.111111111111111,9
Hong Kong,HK,Asia,Asia,Love Next Door: Limited Series,love next door,True,2024-08-18,2024-10-20,1,3.9,10
Hong Kong,HK,Asia,Asia,Love to Hate You: Season 1,love to hate you,True,2023-02-19,2023-03-05,5,6.333333333333333,3
Hong Kong,HK,Asia,Asia,Mask Girl: Limited Series,mask girl,True,2023-08-20,2023-09-24,1,3.1666666666666665,6
Hong Kong,HK,Asia,Asia,Miss Night and Day: Limited Series,miss night and day,True,2024-06-23,2024-08-25,1,2.7,10
Hong Kong,HK,Asia,Asia,Mr. Plankton: Limited Series,mr. plankton,True,2024-11-17,2024-11-17,8,8.0,1
Hong Kong,HK,Asia,Asia,My Demon: Limited Series,my demon,True,2023-11-26,2024-02-11,1,4.083333333333333,12
Hong Kong,HK,Asia,Asia,My Liberation Notes: Limited Series,my liberation notes,True,2022-05-08,2022-06-19,4,6.285714285714286,7
Hong Kong,HK,Asia,Asia,Narco-Saints: Season 1,narco-saints,True,2022-09-11,2022-10-09,1,4.6,5
Hong Kong,HK,Asia,Asia,Our Beloved Summer: Limited Series,our beloved summer,True,2021-12-19,2022-02-27,2,5.0,11
Hong Kong,HK,Asia,Asia,Our Blues: Limited Series,our blues,True,2022-04-17,2022-07-17,1,4.785714285714286,14
Hong Kong,HK,Asia,Asia,Parasyte: The Grey: Limited Series,parasyte: the grey,True,2024-04-07,2024-05-12,1,3.1666666666666665,6
Hong Kong,HK,Asia,Asia,Physical: 100: Season 1,physical: 100,True,2023-01-29,2023-03-12,1,2.5714285714285716,7
Hong Kong,HK,Asia,Asia,Physical: 100: Season 2,physical: 100,True,2024-03-24,2024-04-14,2,3.5,4
Hong Kong,HK,Asia,Asia,Queen of Tears: Limited Series,queen of tears,True,2024-03-10,2024-06-09,1,3.0714285714285716,14
Hong Kong,HK,Asia,Asia,Remarriage & Desires: Season 1,remarriage & desires,True,2022-07-17,2022-08-14,2,4.8,5
Hong Kong,HK,Asia,Asia,Resident Playbook: Limited Series,resident playbook,True,2025-04-20,2025-06-08,2,5.0,8
Hong Kong,HK,Asia,Asia,See You in My 19th Life: Limited Series,see you in my 19th life,True,2023-06-25,2023-07-30,2,4.333333333333333,6
Hong Kong,HK,Asia,Asia,Single's Inferno Reunion: Limited Series,single's inferno reunion,True,2026-02-22,2026-03-08,4,6.0,3
Hong Kong,HK,Asia,Asia,Single’s Inferno: Season 1,single's inferno,True,2021-12-26,2022-01-30,1,3.0,6
Hong Kong,HK,Asia,Asia,Single’s Inferno: Season 2,single's inferno,True,2022-12-18,2023-01-29,2,4.142857142857143,7
Hong Kong,HK,Asia,Asia,Single’s Inferno: Season 3,single's inferno,True,2023-12-17,2024-01-21,1,2.5,6
Hong Kong,HK,Asia,Asia,Single’s Inferno: Season 4,single's inferno,True,2025-01-19,2025-02-16,1,1.8,5
Hong Kong,HK,Asia,Asia,Single’s Inferno: Season 5,single's inferno,True,2026-01-25,2026-02-22,1,2.4,5
Hong Kong,HK,Asia,Asia,Squid Game: Season 1,squid game,True,2021-09-19,2025-07-06,1,3.875,16
Hong Kong,HK,Asia,Asia,Squid Game: Season 2,squid game,True,2024-12-29,2025-07-06,1,4.555555555555555,9
Hong Kong,HK,Asia,Asia,Squid Game: Season 3,squid game,True,2025-06-29,2025-07-27,1,2.4,5
Hong Kong,HK,Asia,Asia,Sweet Home: Season 1,sweet home,True,2023-12-10,2023-12-10,7,7.0,1
Hong Kong,HK,Asia,Asia,Sweet Home: Season 2,sweet home,True,2023-12-03,2023-12-24,1,4.0,4
Hong Kong,HK,Asia,Asia,Sweet Home: Season 3,sweet home,True,2024-07-21,2024-08-18,1,5.0,5
Hong Kong,HK,Asia,Asia,The 8 Show: Limited Series,the 8 show,True,2024-05-19,2024-06-16,1,4.0,5
Hong Kong,HK,Asia,Asia,The Bequeathed: Limited Series,the bequeathed,True,2024-01-21,2024-02-04,3,7.666666666666667,3
Hong Kong,HK,Asia,Asia,The Frog: Limited Series,the frog,True,2024-08-25,2024-09-22,3,5.6,5
Hong Kong,HK,Asia,Asia,The Glory: Season 1,the glory,True,2023-01-01,2025-04-06,1,4.36,22
Hong Kong,HK,Asia,Asia,The Good Bad Mother: Limited Series,the good bad mother,True,2023-05-07,2023-06-25,2,4.375,8
Hong Kong,HK,Asia,Asia,The Silent Sea: Season 1,the silent sea,True,2021-12-26,2022-01-09,4,5.0,3
Hong Kong,HK,Asia,Asia,Thirty-Nine: Limited Series,thirty-nine,True,2022-02-20,2022-05-01,3,5.181818181818182,11
Hong Kong,HK,Asia,Asia,Tomorrow: Limited Series,tomorrow,True,2022-04-10,2022-06-19,3,4.909090909090909,11
Hong Kong,HK,Asia,Asia,Twenty Five Twenty One: Limited Series,twenty five twenty one,True,2022-02-27,2022-05-15,2,4.583333333333333,12
Hong Kong,HK,Asia,Asia,Under the Queen's Umbrella: Limited Series,under the queen's umbrella,True,2022-10-30,2022-12-11,2,4.142857142857143,7
Hong Kong,HK,Asia,Asia,Vincenzo: Season 1,vincenzo,True,2021-07-04,2021-07-18,8,9.0,2
Hong Kong,HK,Asia,Asia,When the Phone Rings: Limited Series,when the phone rings,True,2024-11-24,2025-01-12,1,2.5,8
Hungary,HU,Non-Asia,Europe,All of Us Are Dead: Season 1,all of us are dead,True,2022-01-30,2022-02-27,1,4.4,5
Hungary,HU,Non-Asia,Europe,Bloodhounds: Season 1,bloodhounds,True,2023-06-11,2023-06-25,4,5.666666666666667,3
Hungary,HU,Non-Asia,Europe,Bloodhounds: Season 2,bloodhounds,True,2026-04-05,2026-04-19,2,5.0,3
Hungary,HU,Non-Asia,Europe,Gyeongseong Creature: Season 1,gyeongseong creature,True,2023-12-31,2023-12-31,4,4.0,1
Hungary,HU,Non-Asia,Europe,Gyeongseong Creature: Season 2,gyeongseong creature,True,2024-10-06,2024-10-06,8,8.0,1
Hungary,HU,Non-Asia,Europe,Hellbound: Season 1,hellbound,True,2021-11-21,2021-11-28,4,7.0,2
Hungary,HU,Non-Asia,Europe,Hierarchy: Limited Series,hierarchy,True,2024-06-16,2024-06-16,6,6.0,1
Hungary,HU,Non-Asia,Europe,Little Women,little women,True,2022-04-03,2022-04-03,8,8.0,1
Hungary,HU,Non-Asia,Europe,Love to Hate You: Season 1,love to hate you,True,2023-02-19,2023-02-19,10,10.0,1
Hungary,HU,Non-Asia,Europe,Mask Girl: Limited Series,mask girl,True,2023-08-27,2023-09-03,4,6.0,2
Hungary,HU,Non-Asia,Europe,My Demon: Limited Series,my demon,True,2023-11-26,2023-12-03,9,9.5,2
Hungary,HU,Non-Asia,Europe,Narco-Saints: Season 1,narco-saints,True,2022-09-18,2022-09-18,7,7.0,1
Hungary,HU,Non-Asia,Europe,Parasyte: The Grey: Limited Series,parasyte: the grey,True,2024-04-07,2024-04-14,2,3.0,2
Hungary,HU,Non-Asia,Europe,Physical: 100: Season 1,physical: 100,True,2023-02-05,2023-02-19,7,7.666666666666667,3
Hungary,HU,Non-Asia,Europe,Physical: 100: Season 2,physical: 100,True,2024-03-24,2024-03-31,6,6.5,2
Hungary,HU,Non-Asia,Europe,Squid Game: Season 1,squid game,True,2021-09-26,2025-07-06,1,4.0,23
Hungary,HU,Non-Asia,Europe,Squid Game: Season 2,squid game,True,2024-12-29,2025-07-13,1,4.375,8
Hungary,HU,Non-Asia,Europe,Squid Game: Season 3,squid game,True,2025-06-29,2025-08-03,1,4.166666666666667,6
Hungary,HU,Non-Asia,Europe,The 8 Show: Limited Series,the 8 show,True,2024-05-26,2024-05-26,4,4.0,1
Hungary,HU,Non-Asia,Europe,The Glory: Season 1,the glory,True,2023-01-08,2023-03-26,3,6.75,4
Hungary,HU,Non-Asia,Europe,The Silent Sea: Season 1,the silent sea,True,2022-01-02,2022-01-02,9,9.0,1
Iceland,IS,Non-Asia,Europe,All of Us Are Dead: Season 1,all of us are dead,True,2022-01-30,2022-02-13,3,6.0,3
Iceland,IS,Non-Asia,Europe,Hellbound: Season 1,hellbound,True,2021-11-28,2021-11-28,7,7.0,1
Iceland,IS,Non-Asia,Europe,Little Women,little women,True,2022-05-22,2022-05-29,7,8.0,2
Iceland,IS,Non-Asia,Europe,Physical: 100: Season 1,physical: 100,True,2023-01-29,2023-02-26,2,5.0,5Iceland,IS,Non-Asia,Europe,Physical: 100: Season 2,physical: 100,True,2024-03-24,2024-03-31,5,6.0,2
Iceland,IS,Non-Asia,Europe,Squid Game: Season 1,squid game,True,2021-09-26,2025-01-12,1,4.166666666666667,12
Iceland,IS,Non-Asia,Europe,Squid Game: Season 2,squid game,True,2024-12-29,2025-02-02,1,3.8333333333333335,6
Iceland,IS,Non-Asia,Europe,Squid Game: Season 3,squid game,True,2025-06-29,2025-07-27,1,2.0,5
Iceland,IS,Non-Asia,Europe,The Glory: Season 1,the glory,True,2023-03-19,2023-03-19,6,6.0,1
Iceland,IS,Non-Asia,Europe,The Silent Sea: Season 1,the silent sea,True,2022-01-02,2022-01-02,8,8.0,1
India,IN,Asia,Asia,A Killer Paradox: Season 1,a killer paradox,True,2024-02-11,2024-02-25,1,4.666666666666667,3
India,IN,Asia,Asia,A Time Called You: Limited Series,a time called you,True,2023-09-17,2023-09-24,4,6.0,2
India,IN,Asia,Asia,Alchemy of Souls: Part 1,alchemy of souls,True,2022-08-28,2022-09-04,9,9.5,2
India,IN,Asia,Asia,Alchemy of Souls: Part 2,alchemy of souls,True,2022-12-25,2023-01-01,9,9.5,2
India,IN,Asia,Asia,All of Us Are Dead: Season 1,all of us are dead,True,2022-01-30,2023-05-28,1,5.821428571428571,28
India,IN,Asia,Asia,Behind Your Touch: Limited Series,behind your touch,True,2023-08-20,2023-08-20,8,8.0,1
India,IN,Asia,Asia,Bloodhounds: Season 1,bloodhounds,True,2023-06-11,2026-04-26,3,7.5,6
India,IN,Asia,Asia,Bloodhounds: Season 2,bloodhounds,True,2026-04-05,2026-04-26,2,4.0,4
India,IN,Asia,Asia,Business Proposal: Limited Series,business proposal,True,2022-03-13,2022-12-18,2,5.7368421052631575,19
India,IN,Asia,Asia,Celebrity: Limited Series,celebrity,True,2023-07-09,2023-07-23,2,6.0,3
India,IN,Asia,Asia,Daily Dose of Sunshine: Season 1,daily dose of sunshine,True,2023-11-12,2023-11-12,9,9.0,1
India,IN,Asia,Asia,Doctor Cha: Limited Series,doctor cha,True,2023-05-14,2023-06-04,5,6.25,4
India,IN,Asia,Asia,Doona!: Season 1,doona!,True,2023-10-29,2023-11-05,2,6.0,2
India,IN,Asia,Asia,Extraordinary Attorney Woo: Season 1,extraordinary attorney woo,True,2022-07-24,2022-09-04,3,5.0,7
India,IN,Asia,Asia,Forecasting Love and Weather: Limited Series,forecasting love and weather,True,2022-03-13,2022-04-10,7,9.0,5
India,IN,Asia,Asia,Gyeongseong Creature: Season 1,gyeongseong creature,True,2023-12-24,2024-01-21,3,5.8,5
India,IN,Asia,Asia,Gyeongseong Creature: Season 2,gyeongseong creature,True,2024-09-29,2024-10-13,4,5.333333333333333,3
India,IN,Asia,Asia,Hellbound: Season 1,hellbound,True,2021-11-21,2024-11-03,1,4.25,4
India,IN,Asia,Asia,Hellbound: Season 2,hellbound,True,2024-11-03,2024-11-03,6,6.0,1
India,IN,Asia,Asia,Hierarchy: Limited Series,hierarchy,True,2024-06-09,2024-07-07,2,7.2,5
India,IN,Asia,Asia,Hometown Cha-Cha-Cha: Limited Series,hometown cha-cha-cha,True,2021-09-19,2021-11-14,5,7.5,8
India,IN,Asia,Asia,King the Land: Limited Series,king the land,True,2023-07-16,2023-09-03,2,5.5,8
India,IN,Asia,Asia,Kingdom,kingdom,True,2025-08-31,2025-10-05,1,4.833333333333333,6
India,IN,Asia,Asia,Little Women: Limited Series,little women,True,2022-10-02,2022-10-16,5,6.666666666666667,3
India,IN,Asia,Asia,Love Next Door: Limited Series,love next door,True,2024-08-18,2024-10-13,3,5.666666666666667,9
India,IN,Asia,Asia,Love to Hate You: Season 1,love to hate you,True,2023-02-19,2023-02-19,6,6.0,1
India,IN,Asia,Asia,Mask Girl: Limited Series,mask girl,True,2023-08-27,2023-08-27,7,7.0,1
India,IN,Asia,Asia,Mr. Plankton: Limited Series,mr. plankton,True,2024-11-17,2024-12-01,4,5.333333333333333,3
India,IN,Asia,Asia,My Demon: Limited Series,my demon,True,2023-11-26,2024-06-16,2,5.333333333333333,12
India,IN,Asia,Asia,Narco-Saints: Season 1,narco-saints,True,2022-09-18,2022-09-25,1,3.0,2
India,IN,Asia,Asia,Our Beloved Summer: Limited Series,our beloved summer,True,2022-01-30,2022-01-30,9,9.0,1
India,IN,Asia,Asia,Parasyte: The Grey: Limited Series,parasyte: the grey,True,2024-04-07,2024-04-28,2,3.25,4
India,IN,Asia,Asia,Physical: 100: Season 1,physical: 100,True,2023-02-05,2023-02-12,10,10.0,2
India,IN,Asia,Asia,Physical: 100: Season 2,physical: 100,True,2024-03-24,2024-03-24,8,8.0,1
India,IN,Asia,Asia,Queen of Tears: Limited Series,queen of tears,True,2024-03-17,2024-05-19,3,5.1,10
India,IN,Asia,Asia,See You in My 19th Life: Limited Series,see you in my 19th life,True,2023-07-02,2023-07-09,8,9.0,2
India,IN,Asia,Asia,Single’s Inferno: Season 3,single's inferno,True,2023-12-17,2023-12-17,9,9.0,1
India,IN,Asia,Asia,Single’s Inferno: Season 5,single's inferno,True,2026-01-25,2026-01-25,9,9.0,1
India,IN,Asia,Asia,Squid Game: Season 1,squid game,True,2021-09-19,2025-07-20,1,5.209302325581396,43
India,IN,Asia,Asia,Squid Game: Season 2,squid game,True,2024-12-29,2025-07-27,1,4.666666666666667,18
India,IN,Asia,Asia,Squid Game: Season 3,squid game,True,2025-06-29,2025-08-17,1,4.125,8
India,IN,Asia,Asia,Sweet Home: Season 1,sweet home,True,2023-12-10,2024-07-28,7,8.0,2
India,IN,Asia,Asia,Sweet Home: Season 2,sweet home,True,2023-12-03,2023-12-17,4,6.0,3
India,IN,Asia,Asia,Sweet Home: Season 3,sweet home,True,2024-07-21,2024-08-04,3,5.0,3
India,IN,Asia,Asia,The 8 Show: Limited Series,the 8 show,True,2024-05-26,2024-06-02,6,6.5,2
India,IN,Asia,Asia,The Bequeathed: Limited Series,the bequeathed,True,2024-01-28,2024-01-28,8,8.0,1
India,IN,Asia,Asia,The Frog: Limited Series,the frog,True,2024-08-25,2024-09-01,5,7.0,2
India,IN,Asia,Asia,The Glory: Season 1,the glory,True,2023-01-08,2023-04-16,2,4.75,8
India,IN,Asia,Asia,The Good Bad Mother: Limited Series,the good bad mother,True,2023-05-21,2023-06-11,6,7.25,4
India,IN,Asia,Asia,The Silent Sea: Season 1,the silent sea,True,2022-01-02,2022-01-16,7,8.0,3
India,IN,Asia,Asia,Tomorrow: Limited Series,tomorrow,True,2022-05-22,2022-05-22,9,9.0,1
India,IN,Asia,Asia,Twenty Five Twenty One: Limited Series,twenty five twenty one,True,2022-03-06,2022-04-17,3,5.428571428571429,7
India,IN,Asia,Asia,When the Phone Rings: Limited Series,when the phone rings,True,2024-12-01,2025-01-05,4,5.666666666666667,6
Indonesia,ID,Asia,Asia,A Killer Paradox: Season 1,a killer paradox,True,2024-02-11,2024-03-03,1,3.5,4
Indonesia,ID,Asia,Asia,A Time Called You: Limited Series,a time called you,True,2023-09-10,2023-10-08,2,4.6,5
Indonesia,ID,Asia,Asia,Alchemy of Souls: Part 1,alchemy of souls,True,2022-06-26,2023-02-12,1,5.076923076923077,26
Indonesia,ID,Asia,Asia,Alchemy of Souls: Part 2,alchemy of souls,True,2022-12-11,2023-02-05,2,4.666666666666667,9
Indonesia,ID,Asia,Asia,All of Us Are Dead: Season 1,all of us are dead,True,2022-01-30,2022-03-13,1,3.7142857142857144,7
Indonesia,ID,Asia,Asia,Behind Your Touch: Limited Series,behind your touch,True,2023-08-20,2023-10-08,2,4.625,8
Indonesia,ID,Asia,Asia,Bloodhounds: Season 1,bloodhounds,True,2023-06-11,2026-04-19,1,4.285714285714286,7
Indonesia,ID,Asia,Asia,Bloodhounds: Season 2,bloodhounds,True,2026-04-05,2026-05-03,1,4.8,5
Indonesia,ID,Asia,Asia,Business Proposal: Limited Series,business proposal,True,2022-03-06,2025-07-06,1,4.809523809523809,21
Indonesia,ID,Asia,Asia,Café Minamdang: Limited Series,cafe minamdang,True,2022-07-03,2022-09-18,3,5.583333333333333,12
Indonesia,ID,Asia,Asia,Castaway Diva: Limited Series,castaway diva,True,2023-10-29,2023-12-10,4,5.428571428571429,7
Indonesia,ID,Asia,Asia,Celebrity: Limited Series,celebrity,True,2023-07-02,2023-08-27,1,5.0,8
Indonesia,ID,Asia,Asia,Crash Landing on You: Limited Series,crash landing on you,True,2021-07-04,2022-04-10,8,8.833333333333334,6
Indonesia,ID,Asia,Asia,Culinary Class Wars: Season 1,culinary class wars,True,2024-09-22,2024-11-10,1,3.875,8
Indonesia,ID,Asia,Asia,Culinary Class Wars: Season 2,culinary class wars,True,2025-12-21,2026-01-11,4,5.75,4
Indonesia,ID,Asia,Asia,D.P.: Season 1,d.p.,True,2021-08-29,2023-08-13,4,6.2,5
Indonesia,ID,Asia,Asia,D.P.: Season 2,d.p.,True,2023-07-30,2023-08-20,3,5.0,4
Indonesia,ID,Asia,Asia,Daily Dose of Sunshine: Season 1,daily dose of sunshine,True,2023-11-05,2023-12-10,2,5.5,6
Indonesia,ID,Asia,Asia,Doctor Cha: Limited Series,doctor cha,True,2023-04-23,2023-07-02,1,3.0,11
Indonesia,ID,Asia,Asia,Doona!: Season 1,doona!,True,2023-10-22,2023-11-26,1,3.8333333333333335,6
Indonesia,ID,Asia,Asia,Extraordinary Attorney Woo: Season 1,extraordinary attorney woo,True,2022-07-10,2022-10-16,1,3.066666666666667,15
Indonesia,ID,Asia,Asia,Forecasting Love and Weather: Limited Series,forecasting love and weather,True,2022-02-20,2022-05-01,2,4.0,11
Indonesia,ID,Asia,Asia,Gyeongseong Creature: Season 1,gyeongseong creature,True,2023-12-24,2024-10-13,1,4.777777777777778,9
Indonesia,ID,Asia,Asia,Gyeongseong Creature: Season 2,gyeongseong creature,True,2024-09-29,2024-10-27,1,4.4,5
Indonesia,ID,Asia,Asia,Hellbound: Season 1,hellbound,True,2021-11-21,2024-11-03,1,3.8,5
Indonesia,ID,Asia,Asia,Hellbound: Season 2,hellbound,True,2024-11-03,2024-11-03,3,3.0,1
Indonesia,ID,Asia,Asia,Hierarchy: Limited Series,hierarchy,True,2024-06-09,2024-07-21,1,4.714285714285714,7
Indonesia,ID,Asia,Asia,Hometown Cha-Cha-Cha: Limited Series,hometown cha-cha-cha,True,2021-08-29,2022-01-09,1,3.15,20
Indonesia,ID,Asia,Asia,Hospital Playlist: Season 1,hospital playlist,True,2021-07-04,2021-09-26,6,7.916666666666667,12
Indonesia,ID,Asia,Asia,Hospital Playlist: Season 2,hospital playlist,True,2021-07-04,2021-10-10,1,2.933333333333333,15
Indonesia,ID,Asia,Asia,Juvenile Justice: Season 1,juvenile justice,True,2022-02-27,2022-03-27,2,5.6,5
Indonesia,ID,Asia,Asia,King the Land: Limited Series,king the land,True,2023-06-18,2023-09-17,1,3.5,14
Indonesia,ID,Asia,Asia,Kingdom,kingdom,True,2023-07-23,2023-07-30,2,3.0,2
Indonesia,ID,Asia,Asia,Little Women: Limited Series,little women,True,2022-09-04,2023-04-02,1,3.2142857142857144,14
Indonesia,ID,Asia,Asia,Love Next Door: Limited Series,love next door,True,2024-08-18,2024-11-10,1,3.0833333333333335,12
Indonesia,ID,Asia,Asia,Love to Hate You: Season 1,love to hate you,True,2023-02-12,2023-03-05,3,5.5,4
Indonesia,ID,Asia,Asia,Mask Girl: Limited Series,mask girl,True,2023-08-20,2023-09-17,1,3.0,5
Indonesia,ID,Asia,Asia,Miss Night and Day: Limited Series,miss night and day,True,2024-06-23,2024-08-18,1,2.7777777777777777,9
Indonesia,ID,Asia,Asia,Mr. Plankton: Limited Series,mr. plankton,True,2024-11-10,2024-12-08,2,4.2,5
Indonesia,ID,Asia,Asia,My Demon: Limited Series,my demon,True,2023-11-26,2024-02-11,1,2.25,12
Indonesia,ID,Asia,Asia,My Liberation Notes: Limited Series,my liberation notes,True,2022-04-17,2022-06-26,1,4.181818181818182,11
Indonesia,ID,Asia,Asia,Narco-Saints: Season 1,narco-saints,True,2022-09-11,2022-10-02,3,5.25,4
Indonesia,ID,Asia,Asia,Our Beloved Summer: Limited Series,our beloved summer,True,2021-12-12,2022-03-13,1,4.071428571428571,14
Indonesia,ID,Asia,Asia,Our Blues: Limited Series,our blues,True,2022-04-17,2022-07-17,1,4.285714285714286,14
Indonesia,ID,Asia,Asia,Parasyte: The Grey: Limited Series,parasyte: the grey,True,2024-04-07,2024-05-12,1,3.8333333333333335,6
Indonesia,ID,Asia,Asia,Physical: 100: Season 1,physical: 100,True,2023-01-29,2023-03-05,4,6.5,6
Indonesia,ID,Asia,Asia,Physical: 100: Season 2,physical: 100,True,2024-03-24,2024-04-07,4,5.0,3
Indonesia,ID,Asia,Asia,Queen of Tears: Limited Series,queen of tears,True,2024-03-10,2024-06-09,1,2.7142857142857144,14
Indonesia,ID,Asia,Asia,Remarriage & Desires: Season 1,remarriage & desires,True,2022-07-17,2022-08-07,2,6.0,4
Indonesia,ID,Asia,Asia,Resident Playbook: Limited Series,resident playbook,True,2025-04-13,2025-06-15,1,4.0,10
Indonesia,ID,Asia,Asia,See You in My 19th Life: Limited Series,see you in my 19th life,True,2023-06-18,2023-07-30,2,3.5714285714285716,7
Indonesia,ID,Asia,Asia,Single's Inferno Reunion: Limited Series,single's inferno reunion,True,2026-02-22,2026-02-22,9,9.0,1
Indonesia,ID,Asia,Asia,Single’s Inferno: Season 1,single's inferno,True,2022-01-02,2022-01-30,3,5.6,5
Indonesia,ID,Asia,Asia,Single’s Inferno: Season 2,single's inferno,True,2022-12-18,2023-01-22,3,6.666666666666667,6
Indonesia,ID,Asia,Asia,Single’s Inferno: Season 3,single's inferno,True,2023-12-17,2024-01-21,4,5.0,6
Indonesia,ID,Asia,Asia,Single’s Inferno: Season 4,single's inferno,True,2025-01-19,2025-02-16,3,5.0,5
Indonesia,ID,Asia,Asia,Single’s Inferno: Season 5,single's inferno,True,2026-01-25,2026-02-15,2,3.25,4
Indonesia,ID,Asia,Asia,Squid Game: Season 1,squid game,True,2021-09-19,2025-07-13,1,4.578947368421052,19
Indonesia,ID,Asia,Asia,Squid Game: Season 2,squid game,True,2024-12-29,2025-07-13,1,4.0,11
Indonesia,ID,Asia,Asia,Squid Game: Season 3,squid game,True,2025-06-29,2025-08-03,1,3.3333333333333335,6
Indonesia,ID,Asia,Asia,Start-Up: Season 1,start-up,True,2021-10-10,2021-11-07,8,9.0,3
Indonesia,ID,Asia,Asia,Sweet Home: Season 1,sweet home,True,2023-12-03,2024-08-04,7,8.8,5
Indonesia,ID,Asia,Asia,Sweet Home: Season 2,sweet home,True,2023-12-03,2024-08-04,3,6.428571428571429,7
Indonesia,ID,Asia,Asia,Sweet Home: Season 3,sweet home,True,2024-07-21,2024-08-11,1,3.25,4
Indonesia,ID,Asia,Asia,The 8 Show: Limited Series,the 8 show,True,2024-05-19,2024-06-16,1,4.8,5
Indonesia,ID,Asia,Asia,The Bequeathed: Limited Series,the bequeathed,True,2024-01-21,2024-02-04,3,5.0,3
Indonesia,ID,Asia,Asia,The Frog: Limited Series,the frog,True,2024-08-25,2024-09-22,2,4.0,5
Indonesia,ID,Asia,Asia,The Glory: Season 1,the glory,True,2023-01-01,2023-05-14,1,3.9,20
Indonesia,ID,Asia,Asia,The Good Bad Mother: Limited Series,the good bad mother,True,2023-04-30,2023-07-09,1,3.4545454545454546,11
Indonesia,ID,Asia,Asia,The Silent Sea: Season 1,the silent sea,True,2021-12-26,2022-01-16,1,4.25,4
Indonesia,ID,Asia,Asia,Thirty-Nine: Limited Series,thirty-nine,True,2022-02-20,2022-04-24,4,5.5,10
Indonesia,ID,Asia,Asia,Tomorrow: Limited Series,tomorrow,True,2022-04-10,2022-06-26,1,4.083333333333333,12
Indonesia,ID,Asia,Asia,Twenty Five Twenty One: Limited Series,twenty five twenty one,True,2022-02-20,2022-05-29,1,3.933333333333333,15
Indonesia,ID,Asia,Asia,Under the Queen's Umbrella: Limited Series,under the queen's umbrella,True,2022-10-23,2022-12-25,1,2.3,10
Indonesia,ID,Asia,Asia,Vincenzo: Season 1,vincenzo,True,2021-07-04,2022-12-04,4,6.4,25
Indonesia,ID,Asia,Asia,When the Phone Rings: Limited Series,when the phone rings,True,2024-11-24,2025-01-19,1,2.6666666666666665,9
Ireland,IE,Non-Asia,Europe,All of Us Are Dead: Season 1,all of us are dead,True,2022-01-30,2022-02-20,4,7.0,4
Ireland,IE,Non-Asia,Europe,Little Women,little women,True,2021-11-28,2021-12-05,4,5.5,2
Ireland,IE,Non-Asia,Europe,Narco-Saints: Season 1,narco-saints,True,2022-09-18,2022-09-18,9,9.0,1
Ireland,IE,Non-Asia,Europe,Physical: 100: Season 1,physical: 100,True,2023-02-05,2023-02-19,3,4.0,3
Ireland,IE,Non-Asia,Europe,Squid Game: Season 1,squid game,True,2021-09-26,2025-01-12,1,4.1,10
Ireland,IE,Non-Asia,Europe,Squid Game: Season 2,squid game,True,2024-12-29,2025-01-26,1,3.4,5
Ireland,IE,Non-Asia,Europe,Squid Game: Season 3,squid game,True,2025-06-29,2025-07-27,1,3.6,5
Ireland,IE,Non-Asia,Europe,The Glory: Season 1,the glory,True,2023-03-19,2023-03-19,5,5.0,1
Israel,IL,Asia,Asia,All of Us Are Dead: Season 1,all of us are dead,True,2022-02-06,2022-02-13,6,6.5,2
Israel,IL,Asia,Asia,Bloodhounds: Season 1,bloodhounds,True,2023-06-18,2023-06-18,6,6.0,1
Israel,IL,Asia,Asia,Bloodhounds: Season 2,bloodhounds,True,2026-04-05,2026-04-12,4,5.0,2
Israel,IL,Asia,Asia,Extraordinary Attorney Woo: Season 1,extraordinary attorney woo,True,2022-07-31,2022-09-11,3,5.857142857142857,7
Israel,IL,Asia,Asia,Hellbound: Season 1,hellbound,True,2021-11-28,2021-11-28,4,4.0,1
Israel,IL,Asia,Asia,Love Next Door: Limited Series,love next door,True,2024-08-25,2024-08-25,10,10.0,1
Israel,IL,Asia,Asia,Love to Hate You: Season 1,love to hate you,True,2023-02-19,2023-02-19,10,10.0,1
Israel,IL,Asia,Asia,My Demon: Limited Series,my demon,True,2023-11-26,2023-12-03,9,9.5,2
Israel,IL,Asia,Asia,Narco-Saints: Season 1,narco-saints,True,2022-09-18,2022-09-25,4,5.5,2
Israel,IL,Asia,Asia,Physical: 100: Season 1,physical: 100,True,2023-02-05,2023-02-26,4,5.5,4
Israel,IL,Asia,Asia,Physical: 100: Season 2,physical: 100,True,2024-03-24,2024-03-24,7,7.0,1
Israel,IL,Asia,Asia,Remarriage & Desires: Season 1,remarriage & desires,True,2022-07-24,2022-07-24,10,10.0,1
Israel,IL,Asia,Asia,Squid Game: Season 1,squid game,True,2021-09-26,2025-01-19,1,3.4285714285714284,14
Israel,IL,Asia,Asia,Squid Game: Season 2,squid game,True,2024-12-29,2025-07-06,1,3.0,8
Israel,IL,Asia,Asia,Squid Game: Season 3,squid game,True,2025-06-29,2025-08-03,1,2.6666666666666665,6
Israel,IL,Asia,Asia,The Glory: Season 1,the glory,True,2023-03-19,2023-03-19,4,4.0,1
Israel,IL,Asia,Asia,The Silent Sea: Season 1,the silent sea,True,2022-01-02,2022-01-02,10,10.0,1
Israel,IL,Asia,Asia,When the Phone Rings: Limited Series,when the phone rings,True,2024-12-01,2024-12-01,9,9.0,1
Italy,IT,Non-Asia,Europe,All of Us Are Dead: Season 1,all of us are dead,True,2022-01-30,2022-02-20,1,4.25,4
Italy,IT,Non-Asia,Europe,Bloodhounds: Season 1,bloodhounds,True,2023-06-18,2023-07-02,4,6.333333333333333,3
Italy,IT,Non-Asia,Europe,Bloodhounds: Season 2,bloodhounds,True,2026-04-05,2026-04-12,3,5.5,2
Italy,IT,Non-Asia,Europe,Gyeongseong Creature: Season 1,gyeongseong creature,True,2023-12-31,2023-12-31,9,9.0,1
Italy,IT,Non-Asia,Europe,Hellbound: Season 1,hellbound,True,2021-11-28,2021-11-28,10,10.0,1
Italy,IT,Non-Asia,Europe,Little Women,little women,True,2021-11-28,2021-11-28,7,7.0,1
Italy,IT,Non-Asia,Europe,Mask Girl: Limited Series,mask girl,True,2023-08-27,2023-08-27,6,6.0,1
Italy,IT,Non-Asia,Europe,Narco-Saints: Season 1,narco-saints,True,2022-09-18,2022-09-18,5,5.0,1
Italy,IT,Non-Asia,Europe,Parasyte: The Grey: Limited Series,parasyte: the grey,True,2024-04-07,2024-04-14,6,6.0,2
Italy,IT,Non-Asia,Europe,Physical: 100: Season 1,physical: 100,True,2023-02-05,2023-02-26,5,7.0,4
Italy,IT,Non-Asia,Europe,Physical: 100: Season 2,physical: 100,True,2024-03-24,2024-03-31,6,6.5,2
Italy,IT,Non-Asia,Europe,Squid Game: Season 1,squid game,True,2021-09-26,2025-07-13,1,3.5714285714285716,21
Italy,IT,Non-Asia,Europe,Squid Game: Season 2,squid game,True,2024-12-29,2025-07-13,1,3.888888888888889,9
Italy,IT,Non-Asia,Europe,Squid Game: Season 3,squid game,True,2025-06-29,2025-08-10,1,3.142857142857143,7
Italy,IT,Non-Asia,Europe,The 8 Show: Limited Series,the 8 show,True,2024-05-26,2024-06-09,4,6.333333333333333,3
Italy,IT,Non-Asia,Europe,The Glory: Season 1,the glory,True,2023-03-12,2023-04-09,4,7.8,5
Italy,IT,Non-Asia,Europe,The Silent Sea: Season 1,the silent sea,True,2022-01-02,2022-01-02,8,8.0,1
Jamaica,JM,Non-Asia,North America,Alchemy of Souls: Part 1,alchemy of souls,True,2022-12-11,2022-12-25,6,7.333333333333333,3
Jamaica,JM,Non-Asia,North America,Alchemy of Souls: Part 2,alchemy of souls,True,2023-01-01,2023-01-01,10,10.0,1
Jamaica,JM,Non-Asia,North America,All of Us Are Dead: Season 1,all of us are dead,True,2022-01-30,2022-02-27,1,3.2,5
Jamaica,JM,Non-Asia,North America,Bloodhounds: Season 1,bloodhounds,True,2023-06-11,2026-04-12,3,6.25,4
Jamaica,JM,Non-Asia,North America,Bloodhounds: Season 2,bloodhounds,True,2026-04-12,2026-04-12,5,5.0,1
Jamaica,JM,Non-Asia,North America,Business Proposal: Limited Series,business proposal,True,2022-04-03,2022-04-10,9,9.0,2
Jamaica,JM,Non-Asia,North America,Celebrity: Limited Series,celebrity,True,2023-07-09,2023-07-09,6,6.0,1
Jamaica,JM,Non-Asia,North America,Gyeongseong Creature: Season 1,gyeongseong creature,True,2023-12-31,2023-12-31,8,8.0,1
Jamaica,JM,Non-Asia,North America,Hellbound: Season 1,hellbound,True,2021-11-21,2021-11-28,1,1.5,2
Jamaica,JM,Non-Asia,North America,Hierarchy,hierarchy,True,2026-03-01,2026-03-15,1,2.0,3
Jamaica,JM,Non-Asia,North America,Hierarchy: Limited Series,hierarchy,True,2024-06-09,2024-06-16,2,4.5,2
Jamaica,JM,Non-Asia,North America,Kingdom,kingdom,True,2023-07-23,2023-07-23,6,6.0,1
Jamaica,JM,Non-Asia,North America,Love to Hate You: Season 1,love to hate you,True,2023-02-12,2023-02-19,5,7.5,2
Jamaica,JM,Non-Asia,North America,Mask Girl: Limited Series,mask girl,True,2023-08-27,2023-08-27,10,10.0,1
Jamaica,JM,Non-Asia,North America,My Demon: Limited Series,my demon,True,2023-11-26,2023-12-10,7,8.0,2
Jamaica,JM,Non-Asia,North America,Narco-Saints: Season 1,narco-saints,True,2022-09-11,2022-09-25,2,6.0,3
Jamaica,JM,Non-Asia,North America,Parasyte: The Grey: Limited Series,parasyte: the grey,True,2024-04-07,2024-04-21,1,2.6666666666666665,3
Jamaica,JM,Non-Asia,North America,Physical: 100: Season 1,physical: 100,True,2023-02-12,2023-02-12,8,8.0,1
Jamaica,JM,Non-Asia,North America,Remarriage & Desires: Season 1,remarriage & desires,True,2022-07-24,2022-07-24,9,9.0,1
Jamaica,JM,Non-Asia,North America,Squid Game: Season 1,squid game,True,2021-09-19,2025-01-12,1,3.5,14
Jamaica,JM,Non-Asia,North America,Squid Game: Season 2,squid game,True,2024-12-29,2025-01-26,1,3.4,5
Jamaica,JM,Non-Asia,North America,Squid Game: Season 3,squid game,True,2025-06-29,2025-07-13,1,1.0,3
Jamaica,JM,Non-Asia,North America,The Glory: Season 1,the glory,True,2023-01-08,2023-04-02,2,6.4,5
Jamaica,JM,Non-Asia,North America,The Silent Sea: Season 1,the silent sea,True,2022-01-02,2022-01-02,9,9.0,1
Japan,JP,Asia,Asia,A Killer Paradox: Season 1,a killer paradox,True,2024-02-18,2024-02-18,3,3.0,1
Japan,JP,Asia,Asia,A Time Called You: Limited Series,a time called you,True,2023-09-17,2023-10-01,3,5.333333333333333,3
Japan,JP,Asia,Asia,Alchemy of Souls: Part 1,alchemy of souls,True,2022-06-26,2022-12-18,2,4.2,15
Japan,JP,Asia,Asia,Alchemy of Souls: Part 2,alchemy of souls,True,2022-12-18,2023-01-22,4,5.833333333333333,6
Japan,JP,Asia,Asia,All of Us Are Dead: Season 1,all of us are dead,True,2022-01-30,2022-03-13,1,3.2857142857142856,7
Japan,JP,Asia,Asia,Behind Your Touch: Limited Series,behind your touch,True,2023-08-20,2023-09-03,2,6.0,3
Japan,JP,Asia,Asia,Bloodhounds: Season 1,bloodhounds,True,2023-06-18,2023-06-25,3,5.0,2
Japan,JP,Asia,Asia,Business Proposal: Limited Series,business proposal,True,2022-03-06,2022-05-22,1,2.9166666666666665,12
Japan,JP,Asia,Asia,Café Minamdang: Limited Series,cafe minamdang,True,2022-07-24,2022-09-04,4,6.857142857142857,7
Japan,JP,Asia,Asia,Castaway Diva: Limited Series,castaway diva,True,2023-11-19,2023-12-03,9,9.5,2
Japan,JP,Asia,Asia,Celebrity: Limited Series,celebrity,True,2023-07-02,2023-07-23,2,6.75,4
Japan,JP,Asia,Asia,Crash Landing on You: Limited Series,crash landing on you,True,2021-07-04,2023-04-30,2,6.569444444444445,72
Japan,JP,Asia,Asia,D.P.: Season 1,d.p.,True,2021-08-29,2021-09-05,6,7.5,2
Japan,JP,Asia,Asia,D.P.: Season 2,d.p.,True,2023-08-06,2023-08-06,10,10.0,1
Japan,JP,Asia,Asia,Daily Dose of Sunshine: Season 1,daily dose of sunshine,True,2023-11-12,2023-11-19,4,6.0,2
Japan,JP,Asia,Asia,Doctor Cha: Limited Series,doctor cha,True,2023-04-30,2023-06-11,3,4.285714285714286,7
Japan,JP,Asia,Asia,Doona!: Season 1,doona!,True,2023-10-29,2023-11-05,3,6.5,2
Japan,JP,Asia,Asia,Extraordinary Attorney Woo: Season 1,extraordinary attorney woo,True,2022-07-10,2023-04-02,1,3.96,25
Japan,JP,Asia,Asia,Forecasting Love and Weather: Limited Series,forecasting love and weather,True,2022-02-20,2022-05-01,2,3.0,11
Japan,JP,Asia,Asia,Gyeongseong Creature: Season 1,gyeongseong creature,True,2023-12-31,2024-01-14,4,7.0,3
Japan,JP,Asia,Asia,Gyeongseong Creature: Season 2,gyeongseong creature,True,2024-09-29,2024-10-06,8,9.0,2
Japan,JP,Asia,Asia,Hellbound: Season 1,hellbound,True,2021-11-21,2021-12-05,1,3.0,3
Japan,JP,Asia,Asia,Hierarchy: Limited Series,hierarchy,True,2024-06-09,2024-06-23,4,7.0,3
Japan,JP,Asia,Asia,Hometown Cha-Cha-Cha: Limited Series,hometown cha-cha-cha,True,2021-09-05,2021-11-28,1,3.923076923076923,13
Japan,JP,Asia,Asia,Hospital Playlist: Season 2,hospital playlist,True,2021-07-18,2021-10-03,4,6.8,10
Japan,JP,Asia,Asia,Juvenile Justice: Season 1,juvenile justice,True,2022-02-27,2022-03-20,1,4.25,4
Japan,JP,Asia,Asia,King the Land: Limited Series,king the land,True,2023-06-18,2023-08-13,2,4.555555555555555,9
Japan,JP,Asia,Asia,Kingdom,kingdom,True,2022-07-17,2024-07-28,1,5.375,8
Japan,JP,Asia,Asia,Kingdom: Series 4,kingdom,True,2022-10-09,2022-10-09,10,10.0,1
Japan,JP,Asia,Asia,Kingdom: Series 5,kingdom,True,2024-01-28,2024-04-07,3,8.0,9
Japan,JP,Asia,Asia,Kingdom: Series 6,kingdom,True,2025-10-12,2025-11-30,2,6.625,8
Japan,JP,Asia,Asia,Little Women: Limited Series,little women,True,2022-09-11,2022-11-20,1,2.909090909090909,11
Japan,JP,Asia,Asia,Love Next Door: Limited Series,love next door,True,2024-08-25,2024-10-06,2,4.0,7
Japan,JP,Asia,Asia,Love to Hate You: Season 1,love to hate you,True,2023-02-12,2023-03-05,1,3.75,4
Japan,JP,Asia,Asia,Mask Girl: Limited Series,mask girl,True,2023-08-20,2023-09-17,1,4.8,5
Japan,JP,Asia,Asia,Miss Night and Day: Limited Series,miss night and day,True,2024-06-23,2024-08-04,3,6.6,5
Japan,JP,Asia,Asia,Mr. Plankton: Limited Series,mr. plankton,True,2024-11-17,2024-11-17,8,8.0,1
Japan,JP,Asia,Asia,My Demon: Limited Series,my demon,True,2023-11-26,2024-01-21,2,5.555555555555555,9
Japan,JP,Asia,Asia,My Liberation Notes: Limited Series,my liberation notes,True,2022-05-22,2022-06-05,6,7.0,3
Japan,JP,Asia,Asia,Narco-Saints: Season 1,narco-saints,True,2022-09-18,2022-09-25,3,5.0,2
Japan,JP,Asia,Asia,Our Beloved Summer: Limited Series,our beloved summer,True,2021-12-19,2022-02-27,2,5.363636363636363,11
Japan,JP,Asia,Asia,Our Blues: Limited Series,our blues,True,2022-05-08,2022-07-03,3,5.111111111111111,9
Japan,JP,Asia,Asia,Parasyte: The Grey: Limited Series,parasyte: the grey,True,2024-04-07,2024-04-14,3,4.0,2
Japan,JP,Asia,Asia,Queen of Tears: Limited Series,queen of tears,True,2024-03-17,2024-05-19,1,3.5,10
Japan,JP,Asia,Asia,Remarriage & Desires: Season 1,remarriage & desires,True,2022-07-17,2022-08-21,1,5.5,6
Japan,JP,Asia,Asia,Resident Playbook: Limited Series,resident playbook,True,2025-05-11,2025-05-25,6,7.5,2
Japan,JP,Asia,Asia,See You in My 19th Life: Limited Series,see you in my 19th life,True,2023-06-25,2023-07-09,5,5.333333333333333,3
Japan,JP,Asia,Asia,Single's Inferno Reunion: Limited Series,single's inferno reunion,True,2026-02-15,2026-02-22,7,8.0,2
Japan,JP,Asia,Asia,Single’s Inferno: Season 1,single's inferno,True,2022-01-09,2022-02-06,1,3.8,5
Japan,JP,Asia,Asia,Single’s Inferno: Season 2,single's inferno,True,2022-12-25,2023-01-22,5,8.8,5
Japan,JP,Asia,Asia,Single’s Inferno: Season 3,single's inferno,True,2023-12-17,2024-01-14,4,5.4,5
Japan,JP,Asia,Asia,Single’s Inferno: Season 4,single's inferno,True,2025-01-19,2025-01-26,5,7.0,2
Japan,JP,Asia,Asia,Single’s Inferno: Season 5,single's inferno,True,2026-01-25,2026-02-15,6,7.25,4
Japan,JP,Asia,Asia,Squid Game: Season 1,squid game,True,2021-09-19,2025-01-12,1,3.238095238095238,21
Japan,JP,Asia,Asia,Squid Game: Season 2,squid game,True,2024-12-29,2025-07-06,1,4.285714285714286,7
Japan,JP,Asia,Asia,Squid Game: Season 3,squid game,True,2025-06-29,2025-07-13,1,1.6666666666666667,3
Japan,JP,Asia,Asia,Sweet Home: Season 2,sweet home,True,2023-12-10,2023-12-10,8,8.0,1
Japan,JP,Asia,Asia,The Frog: Limited Series,the frog,True,2024-09-01,2024-09-01,4,4.0,1
Japan,JP,Asia,Asia,The Glory: Season 1,the glory,True,2023-01-08,2023-05-07,1,3.4285714285714284,14
Japan,JP,Asia,Asia,The Good Bad Mother: Limited Series,the good bad mother,True,2023-05-14,2023-06-11,5,6.6,5
Japan,JP,Asia,Asia,The Silent Sea: Season 1,the silent sea,True,2022-01-02,2022-01-02,3,3.0,1
Japan,JP,Asia,Asia,Thirty-Nine: Limited Series,thirty-nine,True,2022-02-20,2022-05-01,2,4.454545454545454,11
Japan,JP,Asia,Asia,Tomorrow: Limited Series,tomorrow,True,2022-05-01,2022-05-29,3,6.2,5
Japan,JP,Asia,Asia,Twenty Five Twenty One: Limited Series,twenty five twenty one,True,2022-02-27,2022-05-15,3,6.090909090909091,11
Japan,JP,Asia,Asia,Under the Queen's Umbrella: Limited Series,under the queen's umbrella,True,2022-10-23,2022-12-11,2,4.0,8
Japan,JP,Asia,Asia,Vincenzo: Season 1,vincenzo,True,2021-07-04,2021-09-05,3,5.1,10
Japan,JP,Asia,Asia,When the Phone Rings: Limited Series,when the phone rings,True,2024-12-01,2025-01-05,5,6.166666666666667,6
Jordan,JO,Asia,Asia,A Killer Paradox: Season 1,a killer paradox,True,2024-02-18,2024-02-18,6,6.0,1
Jordan,JO,Asia,Asia,A Time Called You: Limited Series,a time called you,True,2023-09-17,2023-09-17,9,9.0,1
Jordan,JO,Asia,Asia,Alchemy of Souls: Part 1,alchemy of souls,True,2022-09-04,2022-09-04,9,9.0,1
Jordan,JO,Asia,Asia,All of Us Are Dead: Season 1,all of us are dead,True,2022-01-30,2022-02-27,1,2.6,5
Jordan,JO,Asia,Asia,Bloodhounds: Season 1,bloodhounds,True,2023-06-18,2026-04-19,3,4.5,6
Jordan,JO,Asia,Asia,Bloodhounds: Season 2,bloodhounds,True,2026-04-05,2026-05-03,1,4.2,5
Jordan,JO,Asia,Asia,Business Proposal: Limited Series,business proposal,True,2022-03-13,2022-04-17,1,3.6666666666666665,6
Jordan,JO,Asia,Asia,Celebrity: Limited Series,celebrity,True,2023-07-09,2023-07-16,2,4.5,2
Jordan,JO,Asia,Asia,Doctor Cha: Limited Series,doctor cha,True,2023-05-14,2023-06-11,5,6.6,5
Jordan,JO,Asia,Asia,Doona!: Season 1,doona!,True,2023-10-29,2023-10-29,5,5.0,1
Jordan,JO,Asia,Asia,Extraordinary Attorney Woo: Season 1,extraordinary attorney woo,True,2022-07-17,2022-09-04,3,5.5,8
Jordan,JO,Asia,Asia,Gyeongseong Creature: Season 1,gyeongseong creature,True,2023-12-31,2023-12-31,4,4.0,1
Jordan,JO,Asia,Asia,Hellbound: Season 1,hellbound,True,2021-11-21,2021-12-05,1,2.6666666666666665,3
Jordan,JO,Asia,Asia,Hierarchy: Limited Series,hierarchy,True,2024-06-09,2024-06-23,4,6.333333333333333,3
Jordan,JO,Asia,Asia,Hometown Cha-Cha-Cha: Limited Series,hometown cha-cha-cha,True,2021-10-03,2021-10-24,5,6.5,4
Jordan,JO,Asia,Asia,King the Land: Limited Series,king the land,True,2023-06-25,2023-08-13,3,5.25,8
Jordan,JO,Asia,Asia,Little Women: Limited Series,little women,True,2022-10-02,2022-10-23,3,5.5,4
Jordan,JO,Asia,Asia,Love Next Door: Limited Series,love next door,True,2024-08-25,2024-09-22,3,4.6,5
Jordan,JO,Asia,Asia,Love to Hate You: Season 1,love to hate you,True,2023-02-19,2023-02-19,7,7.0,1
Jordan,JO,Asia,Asia,Mask Girl: Limited Series,mask girl,True,2023-08-27,2023-09-03,4,6.5,2
Jordan,JO,Asia,Asia,Miss Night and Day: Limited Series,miss night and day,True,2024-06-23,2024-08-11,4,6.5,8
Jordan,JO,Asia,Asia,Mr. Plankton: Limited Series,mr. plankton,True,2024-11-17,2024-11-24,7,7.5,2
Jordan,JO,Asia,Asia,My Demon: Limited Series,my demon,True,2023-11-26,2024-01-28,3,6.2,10
Jordan,JO,Asia,Asia,Narco-Saints: Season 1,narco-saints,True,2022-09-18,2022-09-25,7,8.0,2
Jordan,JO,Asia,Asia,Parasyte: The Grey: Limited Series,parasyte: the grey,True,2024-04-07,2024-04-21,2,4.0,3
Jordan,JO,Asia,Asia,Physical: 100: Season 1,physical: 100,True,2023-02-05,2023-02-26,3,4.5,4
Jordan,JO,Asia,Asia,Physical: 100: Season 2,physical: 100,True,2024-03-24,2024-03-31,5,5.5,2
Jordan,JO,Asia,Asia,Queen of Tears: Limited Series,queen of tears,True,2024-03-17,2024-05-05,6,9.125,8
Jordan,JO,Asia,Asia,Single’s Inferno: Season 4,single's inferno,True,2025-01-19,2025-01-19,9,9.0,1
Jordan,JO,Asia,Asia,Single’s Inferno: Season 5,single's inferno,True,2026-01-25,2026-02-08,6,8.333333333333334,3
Jordan,JO,Asia,Asia,Squid Game: Season 1,squid game,True,2021-09-19,2025-07-20,1,3.6,25
Jordan,JO,Asia,Asia,Squid Game: Season 2,squid game,True,2024-12-29,2025-07-27,1,3.7333333333333334,15
Jordan,JO,Asia,Asia,Squid Game: Season 3,squid game,True,2025-06-29,2025-08-31,1,3.8,10
Jordan,JO,Asia,Asia,The 8 Show: Limited Series,the 8 show,True,2024-05-26,2024-06-16,2,4.75,4
Jordan,JO,Asia,Asia,The Frog: Limited Series,the frog,True,2024-09-01,2024-09-01,8,8.0,1
Jordan,JO,Asia,Asia,The Glory: Season 1,the glory,True,2023-01-08,2023-04-09,1,4.857142857142857,7
Jordan,JO,Asia,Asia,The Good Bad Mother: Limited Series,the good bad mother,True,2023-05-28,2023-06-11,7,8.333333333333334,3
Jordan,JO,Asia,Asia,The Silent Sea: Season 1,the silent sea,True,2022-01-02,2022-01-02,5,5.0,1
Jordan,JO,Asia,Asia,Twenty Five Twenty One: Limited Series,twenty five twenty one,True,2022-03-27,2022-04-10,4,6.333333333333333,3
Jordan,JO,Asia,Asia,When the Phone Rings: Limited Series,when the phone rings,True,2024-11-24,2025-01-12,1,4.5,8
Kenya,KE,Non-Asia,Africa,Alchemy of Souls: Part 1,alchemy of souls,True,2022-08-07,2022-12-25,7,9.25,4
Kenya,KE,Non-Asia,Africa,Alchemy of Souls: Part 2,alchemy of souls,True,2022-12-25,2023-01-01,8,8.5,2
Kenya,KE,Non-Asia,Africa,All of Us Are Dead: Season 1,all of us are dead,True,2022-01-30,2022-03-13,1,4.571428571428571,7
Kenya,KE,Non-Asia,Africa,Bloodhounds: Season 1,bloodhounds,True,2023-06-11,2026-04-12,5,7.75,4
Kenya,KE,Non-Asia,Africa,Bloodhounds: Season 2,bloodhounds,True,2026-04-12,2026-04-12,3,3.0,1
Kenya,KE,Non-Asia,Africa,Business Proposal: Limited Series,business proposal,True,2022-03-20,2022-04-24,4,7.0,6
Kenya,KE,Non-Asia,Africa,Celebrity: Limited Series,celebrity,True,2023-07-09,2023-07-09,5,5.0,1
Kenya,KE,Non-Asia,Africa,Extraordinary Attorney Woo: Season 1,extraordinary attorney woo,True,2022-07-24,2022-08-21,7,8.5,4
Kenya,KE,Non-Asia,Africa,Hellbound: Season 1,hellbound,True,2021-11-21,2021-12-05,2,4.0,3
Kenya,KE,Non-Asia,Africa,Hierarchy: Limited Series,hierarchy,True,2024-06-09,2024-06-23,4,5.666666666666667,3
Kenya,KE,Non-Asia,Africa,King the Land: Limited Series,king the land,True,2023-06-25,2023-07-09,8,8.333333333333334,3
Kenya,KE,Non-Asia,Africa,Kingdom,kingdom,True,2023-07-23,2023-07-23,10,10.0,1
Kenya,KE,Non-Asia,Africa,Love Next Door: Limited Series,love next door,True,2024-08-25,2024-08-25,10,10.0,1
Kenya,KE,Non-Asia,Africa,Love to Hate You: Season 1,love to hate you,True,2023-02-19,2023-02-19,4,4.0,1
Kenya,KE,Non-Asia,Africa,Mask Girl: Limited Series,mask girl,True,2023-08-27,2023-08-27,9,9.0,1
Kenya,KE,Non-Asia,Africa,My Demon: Limited Series,my demon,True,2023-11-26,2023-12-24,4,7.0,5
Kenya,KE,Non-Asia,Africa,Narco-Saints: Season 1,narco-saints,True,2022-09-11,2022-10-02,1,6.0,4
Kenya,KE,Non-Asia,Africa,Parasyte: The Grey: Limited Series,parasyte: the grey,True,2024-04-07,2024-04-14,2,3.5,2
Kenya,KE,Non-Asia,Africa,Physical: 100: Season 1,physical: 100,True,2023-02-05,2023-02-26,3,6.5,4
Kenya,KE,Non-Asia,Africa,Physical: 100: Season 2,physical: 100,True,2024-03-24,2024-03-31,8,8.0,2
Kenya,KE,Non-Asia,Africa,Remarriage & Desires: Season 1,remarriage & desires,True,2022-07-24,2022-07-31,5,5.0,2
Kenya,KE,Non-Asia,Africa,Single’s Inferno: Season 5,single's inferno,True,2026-01-25,2026-02-01,8,8.5,2
Kenya,KE,Non-Asia,Africa,Squid Game: Season 1,squid game,True,2021-09-19,2025-07-06,1,4.176470588235294,17
Kenya,KE,Non-Asia,Africa,Squid Game: Season 2,squid game,True,2024-12-29,2025-07-13,1,4.714285714285714,7
Kenya,KE,Non-Asia,Africa,Squid Game: Season 3,squid game,True,2025-06-29,2025-08-03,1,4.166666666666667,6
Kenya,KE,Non-Asia,Africa,The 8 Show: Limited Series,the 8 show,True,2024-05-26,2024-05-26,10,10.0,1
Kenya,KE,Non-Asia,Africa,The Glory: Season 1,the glory,True,2023-01-08,2023-04-02,1,5.4,5
Kenya,KE,Non-Asia,Africa,The Silent Sea: Season 1,the silent sea,True,2022-01-02,2022-01-02,10,10.0,1
Kenya,KE,Non-Asia,Africa,When the Phone Rings: Limited Series,when the phone rings,True,2024-12-01,2025-01-05,7,8.666666666666666,6
Kuwait,KW,Asia,Asia,A Killer Paradox: Season 1,a killer paradox,True,2024-02-18,2024-02-18,3,3.0,1
Kuwait,KW,Asia,Asia,A Time Called You: Limited Series,a time called you,True,2023-09-17,2023-09-17,7,7.0,1
Kuwait,KW,Asia,Asia,Alchemy of Souls: Part 1,alchemy of souls,True,2022-07-17,2022-12-18,5,7.777777777777778,9
Kuwait,KW,Asia,Asia,Alchemy of Souls: Part 2,alchemy of souls,True,2022-12-18,2023-01-15,5,7.2,5
Kuwait,KW,Asia,Asia,All of Us Are Dead: Season 1,all of us are dead,True,2022-01-30,2022-03-20,1,3.5,8
Kuwait,KW,Asia,Asia,Behind Your Touch: Limited Series,behind your touch,True,2023-08-20,2023-08-20,8,8.0,1
Kuwait,KW,Asia,Asia,Bloodhounds: Season 1,bloodhounds,True,2023-06-11,2026-04-19,2,6.285714285714286,7
Kuwait,KW,Asia,Asia,Bloodhounds: Season 2,bloodhounds,True,2026-04-05,2026-04-19,2,3.3333333333333335,3
Kuwait,KW,Asia,Asia,Business Proposal: Limited Series,business proposal,True,2022-03-13,2022-05-08,1,4.111111111111111,9
Kuwait,KW,Asia,Asia,Castaway Diva: Limited Series,castaway diva,True,2023-11-05,2023-11-05,5,5.0,1
Kuwait,KW,Asia,Asia,Celebrity: Limited Series,celebrity,True,2023-07-09,2023-07-16,2,4.5,2
Kuwait,KW,Asia,Asia,Culinary Class Wars: Season 1,culinary class wars,True,2024-09-22,2024-10-13,3,6.5,4
Kuwait,KW,Asia,Asia,Culinary Class Wars: Season 2,culinary class wars,True,2025-12-21,2025-12-28,7,8.0,2
Kuwait,KW,Asia,Asia,Daily Dose of Sunshine: Season 1,daily dose of sunshine,True,2023-11-12,2023-11-12,9,9.0,1
Kuwait,KW,Asia,Asia,Doctor Cha: Limited Series,doctor cha,True,2023-04-30,2023-06-11,3,4.714285714285714,7
Kuwait,KW,Asia,Asia,Doona!: Season 1,doona!,True,2023-10-22,2023-10-29,4,7.0,2
Kuwait,KW,Asia,Asia,Extraordinary Attorney Woo: Season 1,extraordinary attorney woo,True,2022-07-17,2022-09-04,1,4.625,8
Kuwait,KW,Asia,Asia,Gyeongseong Creature: Season 1,gyeongseong creature,True,2023-12-24,2024-01-14,2,5.25,4
Kuwait,KW,Asia,Asia,Gyeongseong Creature: Season 2,gyeongseong creature,True,2024-09-29,2024-10-06,5,7.0,2
Kuwait,KW,Asia,Asia,Hellbound: Season 1,hellbound,True,2021-11-21,2021-12-05,1,2.0,3
Kuwait,KW,Asia,Asia,Hellbound: Season 2,hellbound,True,2024-11-03,2024-11-03,10,10.0,1
Kuwait,KW,Asia,Asia,Hierarchy: Limited Series,hierarchy,True,2024-06-09,2024-06-23,2,4.666666666666667,3
Kuwait,KW,Asia,Asia,Hometown Cha-Cha-Cha: Limited Series,hometown cha-cha-cha,True,2021-09-19,2021-10-24,4,6.166666666666667,6
Kuwait,KW,Asia,Asia,Juvenile Justice: Season 1,juvenile justice,True,2022-03-06,2022-03-20,3,5.0,3
Kuwait,KW,Asia,Asia,King the Land: Limited Series,king the land,True,2023-06-25,2023-08-13,2,5.875,8
Kuwait,KW,Asia,Asia,Kingdom,kingdom,True,2023-07-23,2025-09-07,4,6.666666666666667,2
Kuwait,KW,Asia,Asia,Little Women: Limited Series,little women,True,2022-09-25,2022-10-23,4,6.0,5
Kuwait,KW,Asia,Asia,Love Next Door: Limited Series,love next door,True,2024-08-18,2024-09-22,3,6.0,6
Kuwait,KW,Asia,Asia,Love to Hate You: Season 1,love to hate you,True,2023-02-19,2023-02-19,6,6.0,1
Kuwait,KW,Asia,Asia,Mask Girl: Limited Series,mask girl,True,2023-08-27,2023-09-10,2,5.0,3
Kuwait,KW,Asia,Asia,Miss Night and Day: Limited Series,miss night and day,True,2024-06-23,2024-08-11,2,3.25,8
Kuwait,KW,Asia,Asia,Mr. Plankton: Limited Series,mr. plankton,True,2024-11-17,2024-11-24,6,7.0,2
Kuwait,KW,Asia,Asia,My Demon: Limited Series,my demon,True,2023-11-26,2024-01-28,2,5.8,10
Kuwait,KW,Asia,Asia,Narco-Saints: Season 1,narco-saints,True,2022-09-18,2022-09-25,4,4.5,2
Kuwait,KW,Asia,Asia,Parasyte: The Grey: Limited Series,parasyte: the grey,True,2024-04-07,2024-04-28,1,3.75,4
Kuwait,KW,Asia,Asia,Physical: 100: Season 1,physical: 100,True,2023-01-29,2023-02-26,1,3.8,5
Kuwait,KW,Asia,Asia,Physical: 100: Season 2,physical: 100,True,2024-03-24,2024-04-07,2,4.666666666666667,3
Kuwait,KW,Asia,Asia,Queen of Tears: Limited Series,queen of tears,True,2024-03-17,2024-05-05,3,5.875,8
Kuwait,KW,Asia,Asia,See You in My 19th Life: Limited Series,see you in my 19th life,True,2023-06-25,2023-06-25,10,10.0,1
Kuwait,KW,Asia,Asia,Single’s Inferno: Season 1,single's inferno,True,2022-01-09,2022-01-16,8,9.0,2
Kuwait,KW,Asia,Asia,Single’s Inferno: Season 3,single's inferno,True,2023-12-17,2023-12-31,7,8.666666666666666,3
Kuwait,KW,Asia,Asia,Single’s Inferno: Season 4,single's inferno,True,2025-01-19,2025-01-26,8,9.0,2
Kuwait,KW,Asia,Asia,Single’s Inferno: Season 5,single's inferno,True,2026-01-25,2026-02-08,5,5.333333333333333,3
Kuwait,KW,Asia,Asia,Squid Game: Season 1,squid game,True,2021-09-19,2025-07-20,1,3.4583333333333335,24
Kuwait,KW,Asia,Asia,Squid Game: Season 2,squid game,True,2024-12-29,2025-07-27,1,3.8666666666666667,15
Kuwait,KW,Asia,Asia,Squid Game: Season 3,squid game,True,2025-06-29,2025-08-17,1,3.5,8
Kuwait,KW,Asia,Asia,Sweet Home: Season 2,sweet home,True,2023-12-10,2023-12-10,4,4.0,1
Kuwait,KW,Asia,Asia,Sweet Home: Season 3,sweet home,True,2024-07-28,2024-07-28,8,8.0,1
Kuwait,KW,Asia,Asia,The 8 Show: Limited Series,the 8 show,True,2024-05-26,2024-06-16,3,5.5,4
Kuwait,KW,Asia,Asia,The Bequeathed: Limited Series,the bequeathed,True,2024-01-28,2024-01-28,7,7.0,1
Kuwait,KW,Asia,Asia,The Frog: Limited Series,the frog,True,2024-08-25,2024-09-01,5,7.0,2
Kuwait,KW,Asia,Asia,The Glory: Season 1,the glory,True,2023-01-01,2023-04-23,1,4.181818181818182,11
Kuwait,KW,Asia,Asia,The Good Bad Mother: Limited Series,the good bad mother,True,2023-05-14,2023-06-11,4,6.2,5
Kuwait,KW,Asia,Asia,The Silent Sea: Season 1,the silent sea,True,2021-12-26,2022-01-09,4,6.666666666666667,3
Kuwait,KW,Asia,Asia,Tomorrow: Limited Series,tomorrow,True,2022-05-22,2022-05-22,9,9.0,1
Kuwait,KW,Asia,Asia,Twenty Five Twenty One: Limited Series,twenty five twenty one,True,2022-03-13,2022-04-17,3,5.666666666666667,6
Kuwait,KW,Asia,Asia,Under the Queen's Umbrella: Limited Series,under the queen's umbrella,True,2022-11-27,2022-12-11,4,5.666666666666667,3
Kuwait,KW,Asia,Asia,When the Phone Rings: Limited Series,when the phone rings,True,2024-11-24,2025-01-12,1,4.5,8
Latvia,LV,Non-Asia,Europe,All of Us Are Dead: Season 1,all of us are dead,True,2022-01-30,2022-02-27,1,4.6,5
Latvia,LV,Non-Asia,Europe,Hellbound: Season 1,hellbound,True,2021-11-28,2021-11-28,6,6.0,1
Latvia,LV,Non-Asia,Europe,Little Women,little women,True,2021-08-29,2021-08-29,4,4.0,1
Latvia,LV,Non-Asia,Europe,Parasyte: The Grey: Limited Series,parasyte: the grey,True,2024-04-14,2024-04-14,10,10.0,1
Latvia,LV,Non-Asia,Europe,Physical: 100: Season 1,physical: 100,True,2023-01-29,2023-02-26,2,5.0,5
Latvia,LV,Non-Asia,Europe,Physical: 100: Season 2,physical: 100,True,2024-03-24,2024-04-07,3,4.0,3
Latvia,LV,Non-Asia,Europe,Single’s Inferno: Season 4,single's inferno,True,2025-01-19,2025-01-19,10,10.0,1
Latvia,LV,Non-Asia,Europe,Squid Game: Season 1,squid game,True,2021-09-19,2025-07-13,1,4.5,26
Latvia,LV,Non-Asia,Europe,Squid Game: Season 2,squid game,True,2024-12-29,2025-07-27,1,4.357142857142857,14
Latvia,LV,Non-Asia,Europe,Squid Game: Season 3,squid game,True,2025-06-29,2025-08-10,1,2.5714285714285716,7
Latvia,LV,Non-Asia,Europe,The 8 Show: Limited Series,the 8 show,True,2024-05-26,2024-05-26,7,7.0,1
Latvia,LV,Non-Asia,Europe,The Glory: Season 1,the glory,True,2023-03-19,2023-03-19,6,6.0,1
Latvia,LV,Non-Asia,Europe,The Silent Sea: Season 1,the silent sea,True,2022-01-02,2022-01-02,8,8.0,1
Lebanon,LB,Asia,Asia,All of Us Are Dead: Season 1,all of us are dead,True,2022-01-30,2022-02-27,1,4.6,5
Lebanon,LB,Asia,Asia,Bloodhounds: Season 1,bloodhounds,True,2023-06-18,2026-04-12,5,5.666666666666667,3
Lebanon,LB,Asia,Asia,Bloodhounds: Season 2,bloodhounds,True,2026-04-05,2026-04-19,3,5.0,3
Lebanon,LB,Asia,Asia,Business Proposal: Limited Series,business proposal,True,2022-03-20,2022-04-17,4,6.0,5
Lebanon,LB,Asia,Asia,Celebrity: Limited Series,celebrity,True,2023-07-09,2023-07-09,7,7.0,1
Lebanon,LB,Asia,Asia,Extraordinary Attorney Woo: Season 1,extraordinary attorney woo,True,2022-07-31,2022-08-14,9,9.666666666666666,3
Lebanon,LB,Asia,Asia,Hellbound: Season 1,hellbound,True,2021-11-21,2021-12-05,1,5.0,3
Lebanon,LB,Asia,Asia,Hierarchy: Limited Series,hierarchy,True,2024-06-16,2024-06-16,6,6.0,1
Lebanon,LB,Asia,Asia,King the Land: Limited Series,king the land,True,2023-06-25,2023-07-16,4,6.0,4
Lebanon,LB,Asia,Asia,Kingdom,kingdom,True,2023-07-23,2023-07-23,7,7.0,1
Lebanon,LB,Asia,Asia,Love Next Door: Limited Series,love next door,True,2024-08-25,2024-09-01,6,7.0,2
Lebanon,LB,Asia,Asia,Mask Girl: Limited Series,mask girl,True,2023-08-27,2023-08-27,6,6.0,1
Lebanon,LB,Asia,Asia,My Demon: Limited Series,my demon,True,2023-11-26,2023-12-17,8,8.75,4
Lebanon,LB,Asia,Asia,Narco-Saints: Season 1,narco-saints,True,2022-09-18,2022-09-25,8,9.0,2
Lebanon,LB,Asia,Asia,Parasyte: The Grey: Limited Series,parasyte: the grey,True,2024-04-07,2024-04-14,5,7.5,2
Lebanon,LB,Asia,Asia,Physical: 100: Season 1,physical: 100,True,2023-02-12,2023-02-19,8,9.0,2
Lebanon,LB,Asia,Asia,Physical: 100: Season 2,physical: 100,True,2024-03-24,2024-03-31,8,9.0,2
Lebanon,LB,Asia,Asia,Squid Game: Season 1,squid game,True,2021-09-26,2025-07-20,1,3.869565217391304,23
Lebanon,LB,Asia,Asia,Squid Game: Season 2,squid game,True,2024-12-29,2025-07-27,1,4.285714285714286,14
Lebanon,LB,Asia,Asia,Squid Game: Season 3,squid game,True,2025-06-29,2025-08-24,1,4.222222222222222,9
Lebanon,LB,Asia,Asia,The 8 Show: Limited Series,the 8 show,True,2024-05-26,2024-05-26,7,7.0,1
Lebanon,LB,Asia,Asia,The Glory: Season 1,the glory,True,2023-03-19,2023-03-26,3,6.0,2
Lebanon,LB,Asia,Asia,The Silent Sea: Season 1,the silent sea,True,2022-01-02,2022-01-02,9,9.0,1
Lebanon,LB,Asia,Asia,When the Phone Rings: Limited Series,when the phone rings,True,2024-12-01,2025-01-05,4,5.5,6
Lithuania,LT,Non-Asia,Europe,All of Us Are Dead: Season 1,all of us are dead,True,2022-01-30,2022-02-27,1,3.8,5
Lithuania,LT,Non-Asia,Europe,Bloodhounds: Season 2,bloodhounds,True,2026-04-05,2026-04-12,5,6.5,2
Lithuania,LT,Non-Asia,Europe,Culinary Class Wars: Season 1,culinary class wars,True,2024-09-29,2024-11-03,7,8.75,4
Lithuania,LT,Non-Asia,Europe,Gyeongseong Creature: Season 1,gyeongseong creature,True,2023-12-31,2023-12-31,10,10.0,1
Lithuania,LT,Non-Asia,Europe,Hellbound: Season 1,hellbound,True,2021-11-28,2021-12-05,4,5.5,2
Lithuania,LT,Non-Asia,Europe,Little Women,little women,True,2021-08-29,2021-09-05,4,5.5,2
Lithuania,LT,Non-Asia,Europe,Mask Girl: Limited Series,mask girl,True,2023-08-27,2023-08-27,6,6.0,1
Lithuania,LT,Non-Asia,Europe,My Demon: Limited Series,my demon,True,2023-12-03,2023-12-03,8,8.0,1
Lithuania,LT,Non-Asia,Europe,Parasyte: The Grey: Limited Series,parasyte: the grey,True,2024-04-07,2024-04-14,4,6.5,2
Lithuania,LT,Non-Asia,Europe,Physical: 100: Season 1,physical: 100,True,2023-01-29,2023-03-05,2,4.833333333333333,6
Lithuania,LT,Non-Asia,Europe,Physical: 100: Season 2,physical: 100,True,2024-03-24,2024-04-07,3,3.0,3
Lithuania,LT,Non-Asia,Europe,Single’s Inferno: Season 3,single's inferno,True,2023-12-17,2023-12-24,8,8.5,2
Lithuania,LT,Non-Asia,Europe,Single’s Inferno: Season 4,single's inferno,True,2025-01-19,2025-01-19,10,10.0,1
Lithuania,LT,Non-Asia,Europe,Single’s Inferno: Season 5,single's inferno,True,2026-01-25,2026-01-25,7,7.0,1
Lithuania,LT,Non-Asia,Europe,Squid Game: Season 1,squid game,True,2021-09-19,2025-07-13,1,4.380952380952381,21
Lithuania,LT,Non-Asia,Europe,Squid Game: Season 2,squid game,True,2024-12-29,2025-07-20,1,4.153846153846154,13
Lithuania,LT,Non-Asia,Europe,Squid Game: Season 3,squid game,True,2025-06-29,2025-08-10,1,2.5714285714285716,7
Lithuania,LT,Non-Asia,Europe,The 8 Show: Limited Series,the 8 show,True,2024-05-26,2024-05-26,8,8.0,1
Lithuania,LT,Non-Asia,Europe,The Glory: Season 1,the glory,True,2023-03-12,2023-03-19,5,6.5,2
Lithuania,LT,Non-Asia,Europe,The Silent Sea: Season 1,the silent sea,True,2022-01-02,2022-01-02,6,6.0,1
Luxembourg,LU,Non-Asia,Europe,A Killer Paradox: Season 1,a killer paradox,True,2024-02-18,2024-02-18,10,10.0,1
Luxembourg,LU,Non-Asia,Europe,All of Us Are Dead: Season 1,all of us are dead,True,2022-01-30,2022-02-27,1,4.4,5
Luxembourg,LU,Non-Asia,Europe,Bloodhounds: Season 1,bloodhounds,True,2023-06-18,2023-06-25,6,6.5,2
Luxembourg,LU,Non-Asia,Europe,Bloodhounds: Season 2,bloodhounds,True,2026-04-05,2026-04-12,4,5.5,2
Luxembourg,LU,Non-Asia,Europe,Culinary Class Wars: Season 1,culinary class wars,True,2024-09-29,2024-09-29,8,8.0,1
Luxembourg,LU,Non-Asia,Europe,Gyeongseong Creature: Season 1,gyeongseong creature,True,2023-12-31,2023-12-31,9,9.0,1
Luxembourg,LU,Non-Asia,Europe,Hellbound: Season 1,hellbound,True,2021-11-21,2021-11-28,2,5.5,2
Luxembourg,LU,Non-Asia,Europe,Hierarchy: Limited Series,hierarchy,True,2024-06-16,2024-06-16,9,9.0,1
Luxembourg,LU,Non-Asia,Europe,Mask Girl: Limited Series,mask girl,True,2023-08-27,2023-08-27,9,9.0,1
Luxembourg,LU,Non-Asia,Europe,Narco-Saints: Season 1,narco-saints,True,2022-09-18,2022-09-25,4,7.0,2
Luxembourg,LU,Non-Asia,Europe,Parasyte: The Grey: Limited Series,parasyte: the grey,True,2024-04-07,2024-04-14,7,8.0,2
Luxembourg,LU,Non-Asia,Europe,Physical: 100: Season 1,physical: 100,True,2023-02-05,2023-02-26,2,3.75,4
Luxembourg,LU,Non-Asia,Europe,Physical: 100: Season 2,physical: 100,True,2024-03-24,2024-04-07,5,7.0,3
Luxembourg,LU,Non-Asia,Europe,Squid Game: Season 1,squid game,True,2021-09-19,2025-01-12,1,3.6153846153846154,13
Luxembourg,LU,Non-Asia,Europe,Squid Game: Season 2,squid game,True,2024-12-29,2025-07-06,1,4.142857142857143,7
Luxembourg,LU,Non-Asia,Europe,Squid Game: Season 3,squid game,True,2025-06-29,2025-08-03,1,3.3333333333333335,6
Luxembourg,LU,Non-Asia,Europe,The 8 Show: Limited Series,the 8 show,True,2024-05-26,2024-05-26,7,7.0,1
Luxembourg,LU,Non-Asia,Europe,The Glory: Season 1,the glory,True,2023-03-12,2023-03-26,2,5.0,3
Luxembourg,LU,Non-Asia,Europe,The Silent Sea: Season 1,the silent sea,True,2022-01-02,2022-01-02,7,7.0,1
Malaysia,MY,Asia,Asia,A Killer Paradox: Season 1,a killer paradox,True,2024-02-11,2024-03-03,1,4.0,4
Malaysia,MY,Asia,Asia,A Time Called You: Limited Series,a time called you,True,2023-09-10,2023-10-01,2,6.0,4
Malaysia,MY,Asia,Asia,Alchemy of Souls: Part 1,alchemy of souls,True,2022-06-26,2023-01-29,1,4.6521739130434785,23
Malaysia,MY,Asia,Asia,Alchemy of Souls: Part 2,alchemy of souls,True,2022-12-11,2023-02-05,2,4.444444444444445,9
Malaysia,MY,Asia,Asia,All of Us Are Dead: Season 1,all of us are dead,True,2022-01-30,2022-04-03,1,4.1,10
Malaysia,MY,Asia,Asia,Behind Your Touch: Limited Series,behind your touch,True,2023-08-20,2023-10-08,3,5.375,8
Malaysia,MY,Asia,Asia,Bloodhounds: Season 1,bloodhounds,True,2023-06-11,2026-05-03,1,4.333333333333333,9
Malaysia,MY,Asia,Asia,Bloodhounds: Season 2,bloodhounds,True,2026-04-05,2026-05-10,1,3.5,6
Malaysia,MY,Asia,Asia,Business Proposal: Limited Series,business proposal,True,2022-03-06,2022-06-05,1,3.4285714285714284,14
Malaysia,MY,Asia,Asia,Café Minamdang: Limited Series,cafe minamdang,True,2022-07-10,2022-09-11,4,6.7,10
Malaysia,MY,Asia,Asia,Castaway Diva: Limited Series,castaway diva,True,2023-11-05,2023-12-10,2,5.666666666666667,6
Malaysia,MY,Asia,Asia,Celebrity: Limited Series,celebrity,True,2023-07-02,2023-07-30,1,4.0,5
Malaysia,MY,Asia,Asia,Crash Landing on You: Limited Series,crash landing on you,True,2021-07-04,2022-04-10,6,9.285714285714286,14
Malaysia,MY,Asia,Asia,Culinary Class Wars: Season 1,culinary class wars,True,2024-09-22,2024-11-03,1,2.857142857142857,7
Malaysia,MY,Asia,Asia,Culinary Class Wars: Season 2,culinary class wars,True,2025-12-21,2026-01-18,2,5.0,5
Malaysia,MY,Asia,Asia,D.P.: Season 1,d.p.,True,2021-08-29,2023-08-06,3,5.333333333333333,3
Malaysia,MY,Asia,Asia,D.P.: Season 2,d.p.,True,2023-07-30,2023-08-13,4,7.0,3
Malaysia,MY,Asia,Asia,Daily Dose of Sunshine: Season 1,daily dose of sunshine,True,2023-11-05,2023-11-26,2,5.25,4
Malaysia,MY,Asia,Asia,Doctor Cha: Limited Series,doctor cha,True,2023-04-23,2023-06-25,1,2.5,10
Malaysia,MY,Asia,Asia,Doona!: Season 1,doona!,True,2023-10-22,2023-11-05,1,2.0,3
Malaysia,MY,Asia,Asia,Extraordinary Attorney Woo: Season 1,extraordinary attorney woo,True,2022-07-03,2022-10-09,1,3.8666666666666667,15
Malaysia,MY,Asia,Asia,Forecasting Love and Weather: Limited Series,forecasting love and weather,True,2022-02-20,2022-04-17,3,4.777777777777778,9
Malaysia,MY,Asia,Asia,Gyeongseong Creature: Season 1,gyeongseong creature,True,2023-12-24,2024-10-06,2,4.666666666666667,6
Malaysia,MY,Asia,Asia,Gyeongseong Creature: Season 2,gyeongseong creature,True,2024-09-29,2024-10-13,1,2.6666666666666665,3
Malaysia,MY,Asia,Asia,Hellbound: Season 1,hellbound,True,2021-11-21,2024-11-03,1,4.4,5
Malaysia,MY,Asia,Asia,Hellbound: Season 2,hellbound,True,2024-11-03,2024-11-03,3,3.0,1
Malaysia,MY,Asia,Asia,Hierarchy: Limited Series,hierarchy,True,2024-06-09,2024-07-07,2,4.8,5
Malaysia,MY,Asia,Asia,Hometown Cha-Cha-Cha: Limited Series,hometown cha-cha-cha,True,2021-09-05,2021-12-26,1,2.7058823529411766,17
Malaysia,MY,Asia,Asia,Hospital Playlist: Season 1,hospital playlist,True,2021-07-04,2021-07-11,8,8.5,2
Malaysia,MY,Asia,Asia,Hospital Playlist: Season 2,hospital playlist,True,2021-07-04,2021-10-03,1,4.923076923076923,13
Malaysia,MY,Asia,Asia,Juvenile Justice: Season 1,juvenile justice,True,2022-02-27,2022-04-03,1,5.333333333333333,6
Malaysia,MY,Asia,Asia,King the Land: Limited Series,king the land,True,2023-06-18,2023-09-03,1,2.6666666666666665,12
Malaysia,MY,Asia,Asia,Kingdom,kingdom,True,2023-07-23,2025-09-21,6,8.333333333333334,4
Malaysia,MY,Asia,Asia,Kingdom: Season 1,kingdom,True,2021-08-01,2021-08-01,9,9.0,1
Malaysia,MY,Asia,Asia,Little Women: Limited Series,little women,True,2022-09-11,2023-04-02,1,4.0,12
Malaysia,MY,Asia,Asia,Love Next Door: Limited Series,love next door,True,2024-08-18,2024-10-13,1,2.4444444444444446,9
Malaysia,MY,Asia,Asia,Love to Hate You: Season 1,love to hate you,True,2023-02-12,2023-03-05,4,6.0,4
Malaysia,MY,Asia,Asia,Mask Girl: Limited Series,mask girl,True,2023-08-20,2023-09-17,1,4.2,5
Malaysia,MY,Asia,Asia,Miss Night and Day: Limited Series,miss night and day,True,2024-06-23,2024-08-18,1,2.5555555555555554,9
Malaysia,MY,Asia,Asia,Mr. Plankton: Limited Series,mr. plankton,True,2024-11-10,2024-12-08,2,4.6,5
Malaysia,MY,Asia,Asia,My Demon: Limited Series,my demon,True,2023-11-26,2024-02-11,1,3.75,12
Malaysia,MY,Asia,Asia,My Liberation Notes: Limited Series,my liberation notes,True,2022-05-01,2022-06-19,2,6.125,8
Malaysia,MY,Asia,Asia,Narco-Saints: Season 1,narco-saints,True,2022-09-11,2022-10-02,1,4.75,4
Malaysia,MY,Asia,Asia,Our Beloved Summer: Limited Series,our beloved summer,True,2021-12-12,2022-02-13,2,3.3,10
Malaysia,MY,Asia,Asia,Our Blues: Limited Series,our blues,True,2022-04-17,2022-07-03,1,5.416666666666667,12
Malaysia,MY,Asia,Asia,Parasyte: The Grey: Limited Series,parasyte: the grey,True,2024-04-07,2024-05-05,1,3.2,5
Malaysia,MY,Asia,Asia,Physical: 100: Season 1,physical: 100,True,2023-01-29,2023-03-05,1,3.1666666666666665,6
Malaysia,MY,Asia,Asia,Physical: 100: Season 2,physical: 100,True,2024-03-24,2024-04-07,2,3.3333333333333335,3
Malaysia,MY,Asia,Asia,Queen of Tears: Limited Series,queen of tears,True,2024-03-10,2024-06-02,1,2.8461538461538463,13
Malaysia,MY,Asia,Asia,Remarriage & Desires: Season 1,remarriage & desires,True,2022-07-17,2022-07-31,3,6.333333333333333,3
Malaysia,MY,Asia,Asia,Resident Playbook: Limited Series,resident playbook,True,2025-04-20,2025-05-25,1,2.8333333333333335,6
Malaysia,MY,Asia,Asia,See You in My 19th Life: Limited Series,see you in my 19th life,True,2023-06-18,2023-07-30,3,5.285714285714286,7
Malaysia,MY,Asia,Asia,Single's Inferno Reunion: Limited Series,single's inferno reunion,True,2026-02-15,2026-02-22,3,4.0,2
Malaysia,MY,Asia,Asia,Single’s Inferno: Season 1,single's inferno,True,2022-01-02,2022-01-23,3,6.0,4
Malaysia,MY,Asia,Asia,Single’s Inferno: Season 2,single's inferno,True,2022-12-25,2023-01-22,4,7.4,5
Malaysia,MY,Asia,Asia,Single’s Inferno: Season 3,single's inferno,True,2023-12-17,2024-01-14,5,7.0,5
Malaysia,MY,Asia,Asia,Single’s Inferno: Season 4,single's inferno,True,2025-01-19,2025-02-16,4,6.4,5
Malaysia,MY,Asia,Asia,Single’s Inferno: Season 5,single's inferno,True,2026-01-25,2026-02-15,3,4.0,4
Malaysia,MY,Asia,Asia,Squid Game: Season 1,squid game,True,2021-09-19,2025-07-06,1,4.2,20
Malaysia,MY,Asia,Asia,Squid Game: Season 2,squid game,True,2024-12-29,2025-07-13,1,3.909090909090909,11
Malaysia,MY,Asia,Asia,Squid Game: Season 3,squid game,True,2025-06-29,2025-07-27,1,2.4,5
Malaysia,MY,Asia,Asia,Sweet Home: Season 1,sweet home,True,2023-12-10,2024-07-28,7,8.0,3
Malaysia,MY,Asia,Asia,Sweet Home: Season 2,sweet home,True,2023-12-03,2024-07-28,3,5.8,5
Malaysia,MY,Asia,Asia,Sweet Home: Season 3,sweet home,True,2024-07-21,2024-08-11,2,4.25,4
Malaysia,MY,Asia,Asia,The 8 Show: Limited Series,the 8 show,True,2024-05-19,2024-06-09,2,5.5,4
Malaysia,MY,Asia,Asia,The Bequeathed: Limited Series,the bequeathed,True,2024-01-21,2024-02-04,2,5.0,3
Malaysia,MY,Asia,Asia,The Frog: Limited Series,the frog,True,2024-08-25,2024-09-15,1,4.25,4
Malaysia,MY,Asia,Asia,The Glory: Season 1,the glory,True,2023-01-01,2023-04-30,1,4.0625,16
Malaysia,MY,Asia,Asia,The Good Bad Mother: Limited Series,the good bad mother,True,2023-04-30,2023-07-02,2,3.9,10
Malaysia,MY,Asia,Asia,The Silent Sea: Season 1,the silent sea,True,2021-12-26,2022-01-09,1,4.0,3
Malaysia,MY,Asia,Asia,Thirty-Nine: Limited Series,thirty-nine,True,2022-02-27,2022-04-17,5,6.625,8
Malaysia,MY,Asia,Asia,Tomorrow: Limited Series,tomorrow,True,2022-04-10,2022-06-19,1,3.1818181818181817,11
Malaysia,MY,Asia,Asia,Twenty Five Twenty One: Limited Series,twenty five twenty one,True,2022-02-20,2022-05-15,2,3.8333333333333335,12
Malaysia,MY,Asia,Asia,Under the Queen's Umbrella: Limited Series,under the queen's umbrella,True,2022-10-23,2022-12-25,1,3.6,10
Malaysia,MY,Asia,Asia,Vincenzo: Season 1,vincenzo,True,2021-07-04,2021-12-19,3,7.304347826086956,23
Malaysia,MY,Asia,Asia,When the Phone Rings: Limited Series,when the phone rings,True,2024-11-24,2025-01-12,1,2.5,8
Maldives,MV,Asia,Asia,A Killer Paradox: Season 1,a killer paradox,True,2024-02-18,2024-02-25,4,7.0,2
Maldives,MV,Asia,Asia,A Time Called You: Limited Series,a time called you,True,2023-09-17,2023-09-17,5,5.0,1
Maldives,MV,Asia,Asia,Alchemy of Souls: Part 1,alchemy of souls,True,2022-07-10,2023-01-29,2,6.5,18
Maldives,MV,Asia,Asia,Alchemy of Souls: Part 2,alchemy of souls,True,2022-12-11,2023-01-22,4,6.571428571428571,7
Maldives,MV,Asia,Asia,All of Us Are Dead: Season 1,all of us are dead,True,2022-01-30,2022-03-06,1,2.8333333333333335,6
Maldives,MV,Asia,Asia,Behind Your Touch: Limited Series,behind your touch,True,2023-08-20,2023-08-20,10,10.0,1
Maldives,MV,Asia,Asia,Bloodhounds: Season 1,bloodhounds,True,2023-06-18,2026-04-12,3,6.333333333333333,3
Maldives,MV,Asia,Asia,Bloodhounds: Season 2,bloodhounds,True,2026-04-05,2026-04-19,3,5.333333333333333,3
Maldives,MV,Asia,Asia,Business Proposal: Limited Series,business proposal,True,2022-03-06,2022-05-22,1,3.0833333333333335,12
Maldives,MV,Asia,Asia,Celebrity: Limited Series,celebrity,True,2023-07-02,2023-07-23,2,5.0,4
Maldives,MV,Asia,Asia,Doctor Cha: Limited Series,doctor cha,True,2023-04-30,2023-06-11,2,4.285714285714286,7
Maldives,MV,Asia,Asia,Doona!: Season 1,doona!,True,2023-10-29,2023-10-29,3,3.0,1
Maldives,MV,Asia,Asia,Extraordinary Attorney Woo: Season 1,extraordinary attorney woo,True,2022-07-17,2022-09-11,1,3.888888888888889,9
Maldives,MV,Asia,Asia,Forecasting Love and Weather: Limited Series,forecasting love and weather,True,2022-02-27,2022-04-17,5,7.5,8
Maldives,MV,Asia,Asia,Gyeongseong Creature: Season 1,gyeongseong creature,True,2023-12-24,2024-01-14,2,6.25,4
Maldives,MV,Asia,Asia,Gyeongseong Creature: Season 2,gyeongseong creature,True,2024-10-06,2024-10-06,4,4.0,1
Maldives,MV,Asia,Asia,Hellbound: Season 1,hellbound,True,2021-11-21,2021-12-05,1,3.0,3
Maldives,MV,Asia,Asia,Hierarchy: Limited Series,hierarchy,True,2024-06-09,2024-07-07,2,5.0,5
Maldives,MV,Asia,Asia,Hometown Cha-Cha-Cha: Limited Series,hometown cha-cha-cha,True,2021-09-05,2021-11-28,2,4.923076923076923,13
Maldives,MV,Asia,Asia,King the Land: Limited Series,king the land,True,2023-06-18,2023-08-27,1,3.6363636363636362,11
Maldives,MV,Asia,Asia,Kingdom,kingdom,True,2023-07-30,2025-09-21,3,4.4,4
Maldives,MV,Asia,Asia,Little Women: Limited Series,little women,True,2022-09-18,2022-10-30,2,5.142857142857143,7
Maldives,MV,Asia,Asia,Love Next Door: Limited Series,love next door,True,2024-08-18,2024-10-13,2,6.0,9
Maldives,MV,Asia,Asia,Love to Hate You: Season 1,love to hate you,True,2023-02-19,2023-02-26,3,5.5,2
Maldives,MV,Asia,Asia,Mask Girl: Limited Series,mask girl,True,2023-08-27,2023-09-03,4,5.5,2
Maldives,MV,Asia,Asia,Miss Night and Day: Limited Series,miss night and day,True,2024-06-23,2024-08-11,6,8.0,8
Maldives,MV,Asia,Asia,Mr. Plankton: Limited Series,mr. plankton,True,2024-11-17,2024-12-01,3,5.333333333333333,3
Maldives,MV,Asia,Asia,My Demon: Limited Series,my demon,True,2023-11-26,2024-02-04,1,3.3636363636363638,11
Maldives,MV,Asia,Asia,My Liberation Notes: Limited Series,my liberation notes,True,2022-05-29,2022-06-05,10,10.0,2
Maldives,MV,Asia,Asia,Narco-Saints: Season 1,narco-saints,True,2022-09-18,2022-09-25,2,4.0,2
Maldives,MV,Asia,Asia,Our Beloved Summer: Limited Series,our beloved summer,True,2021-12-26,2022-01-30,10,10.0,3
Maldives,MV,Asia,Asia,Our Blues: Limited Series,our blues,True,2022-06-12,2022-06-12,9,9.0,1
Maldives,MV,Asia,Asia,Parasyte: The Grey: Limited Series,parasyte: the grey,True,2024-04-07,2024-05-05,1,3.8,5
Maldives,MV,Asia,Asia,Physical: 100: Season 1,physical: 100,True,2023-02-12,2023-02-19,7,7.5,2
Maldives,MV,Asia,Asia,Physical: 100: Season 2,physical: 100,True,2024-03-24,2024-03-31,7,8.0,2
Maldives,MV,Asia,Asia,Queen of Tears: Limited Series,queen of tears,True,2024-03-17,2024-05-12,3,4.0,9
Maldives,MV,Asia,Asia,Resident Playbook: Limited Series,resident playbook,True,2025-04-20,2025-05-18,7,9.0,5
Maldives,MV,Asia,Asia,See You in My 19th Life: Limited Series,see you in my 19th life,True,2023-06-25,2023-07-09,5,6.0,3
Maldives,MV,Asia,Asia,Single's Inferno Reunion: Limited Series,single's inferno reunion,True,2026-02-15,2026-02-22,9,9.0,2
Maldives,MV,Asia,Asia,Single’s Inferno: Season 1,single's inferno,True,2022-01-09,2022-01-16,9,9.5,2
Maldives,MV,Asia,Asia,Single’s Inferno: Season 2,single's inferno,True,2022-12-25,2023-01-15,9,9.5,2
Maldives,MV,Asia,Asia,Single’s Inferno: Season 3,single's inferno,True,2023-12-17,2024-01-07,5,6.5,4
Maldives,MV,Asia,Asia,Single’s Inferno: Season 4,single's inferno,True,2025-01-19,2025-02-02,5,7.666666666666667,3
Maldives,MV,Asia,Asia,Single’s Inferno: Season 5,single's inferno,True,2026-01-25,2026-02-08,5,6.0,3
Maldives,MV,Asia,Asia,Squid Game: Season 1,squid game,True,2021-09-19,2025-07-06,1,3.411764705882353,17
Maldives,MV,Asia,Asia,Squid Game: Season 2,squid game,True,2024-12-29,2025-07-13,1,3.888888888888889,9
Maldives,MV,Asia,Asia,Squid Game: Season 3,squid game,True,2025-06-29,2025-08-03,1,3.1666666666666665,6
Maldives,MV,Asia,Asia,Sweet Home: Season 1,sweet home,True,2023-12-10,2024-07-28,8,8.0,2
Maldives,MV,Asia,Asia,Sweet Home: Season 2,sweet home,True,2023-12-03,2023-12-17,3,6.0,3
Maldives,MV,Asia,Asia,Sweet Home: Season 3,sweet home,True,2024-07-21,2024-08-04,3,4.333333333333333,3
Maldives,MV,Asia,Asia,The 8 Show: Limited Series,the 8 show,True,2024-05-26,2024-05-26,5,5.0,1
Maldives,MV,Asia,Asia,The Frog: Limited Series,the frog,True,2024-09-01,2024-09-01,3,3.0,1
Maldives,MV,Asia,Asia,The Glory: Season 1,the glory,True,2023-01-01,2023-04-16,1,4.363636363636363,11
Maldives,MV,Asia,Asia,The Good Bad Mother: Limited Series,the good bad mother,True,2023-05-14,2023-06-11,4,5.4,5
Maldives,MV,Asia,Asia,The Silent Sea: Season 1,the silent sea,True,2021-12-26,2022-01-02,3,5.5,2
Maldives,MV,Asia,Asia,Thirty-Nine: Limited Series,thirty-nine,True,2022-04-03,2022-04-03,9,9.0,1
Maldives,MV,Asia,Asia,Tomorrow: Limited Series,tomorrow,True,2022-05-01,2022-05-29,2,6.4,5
Maldives,MV,Asia,Asia,Twenty Five Twenty One: Limited Series,twenty five twenty one,True,2022-03-06,2022-05-01,3,6.222222222222222,9
Maldives,MV,Asia,Asia,Under the Queen's Umbrella: Limited Series,under the queen's umbrella,True,2022-11-27,2022-12-11,4,7.0,3
Maldives,MV,Asia,Asia,Vincenzo: Season 1,vincenzo,True,2021-07-04,2021-07-18,4,5.0,3
Maldives,MV,Asia,Asia,When the Phone Rings: Limited Series,when the phone rings,True,2024-11-24,2025-01-12,1,2.75,8
Malta,MT,Non-Asia,Europe,All of Us Are Dead: Season 1,all of us are dead,True,2022-01-30,2022-02-13,1,5.0,3
Malta,MT,Non-Asia,Europe,Bloodhounds: Season 1,bloodhounds,True,2023-06-18,2023-06-18,10,10.0,1
Malta,MT,Non-Asia,Europe,Culinary Class Wars: Season 1,culinary class wars,True,2024-09-29,2024-09-29,10,10.0,1
Malta,MT,Non-Asia,Europe,Hellbound: Season 1,hellbound,True,2021-11-28,2021-11-28,4,4.0,1
Malta,MT,Non-Asia,Europe,Hierarchy: Limited Series,hierarchy,True,2024-06-16,2024-06-16,10,10.0,1
Malta,MT,Non-Asia,Europe,Narco-Saints: Season 1,narco-saints,True,2022-09-18,2022-09-25,5,7.0,2
Malta,MT,Non-Asia,Europe,Parasyte: The Grey: Limited Series,parasyte: the grey,True,2024-04-14,2024-04-14,7,7.0,1
Malta,MT,Non-Asia,Europe,Physical: 100: Season 1,physical: 100,True,2023-02-05,2023-02-26,4,5.75,4
Malta,MT,Non-Asia,Europe,Physical: 100: Season 2,physical: 100,True,2024-03-24,2024-03-31,5,5.5,2
Malta,MT,Non-Asia,Europe,Remarriage & Desires: Season 1,remarriage & desires,True,2022-07-24,2022-07-24,9,9.0,1
Malta,MT,Non-Asia,Europe,Squid Game: Season 1,squid game,True,2021-09-19,2025-01-12,1,4.384615384615385,13
Malta,MT,Non-Asia,Europe,Squid Game: Season 2,squid game,True,2024-12-29,2025-07-06,1,3.5,6
Malta,MT,Non-Asia,Europe,Squid Game: Season 3,squid game,True,2025-06-29,2025-08-03,1,3.5,6
Malta,MT,Non-Asia,Europe,The Glory: Season 1,the glory,True,2023-03-12,2023-03-19,2,6.0,2
Martinique,MQ,Non-Asia,North America,A Killer Paradox: Season 1,a killer paradox,True,2024-02-18,2024-02-18,10,10.0,1
Martinique,MQ,Non-Asia,North America,All of Us Are Dead: Season 1,all of us are dead,True,2022-01-30,2022-02-27,1,3.6,5
Martinique,MQ,Non-Asia,North America,Bloodhounds: Season 1,bloodhounds,True,2023-06-11,2023-07-02,2,4.75,4
Martinique,MQ,Non-Asia,North America,Bloodhounds: Season 2,bloodhounds,True,2026-04-05,2026-04-19,4,7.0,3
Martinique,MQ,Non-Asia,North America,Business Proposal: Limited Series,business proposal,True,2022-05-15,2022-05-15,9,9.0,1
Martinique,MQ,Non-Asia,North America,Celebrity: Limited Series,celebrity,True,2023-07-02,2023-07-16,4,6.666666666666667,3
Martinique,MQ,Non-Asia,North America,Culinary Class Wars: Season 1,culinary class wars,True,2024-09-22,2024-09-29,9,9.5,2
Martinique,MQ,Non-Asia,North America,Gyeongseong Creature: Season 1,gyeongseong creature,True,2023-12-31,2023-12-31,6,6.0,1
Martinique,MQ,Non-Asia,North America,Hellbound: Season 1,hellbound,True,2021-11-21,2021-11-28,1,2.0,2
Martinique,MQ,Non-Asia,North America,Hierarchy: Limited Series,hierarchy,True,2024-06-09,2024-06-23,2,4.333333333333333,3
Martinique,MQ,Non-Asia,North America,Juvenile Justice: Season 1,juvenile justice,True,2022-03-06,2022-03-13,9,9.5,2
Martinique,MQ,Non-Asia,North America,King the Land: Limited Series,king the land,True,2023-06-25,2023-06-25,10,10.0,1
Martinique,MQ,Non-Asia,North America,Love to Hate You: Season 1,love to hate you,True,2023-02-12,2023-02-19,4,7.0,2
Martinique,MQ,Non-Asia,North America,Mask Girl: Limited Series,mask girl,True,2023-08-27,2023-09-03,3,5.5,2
Martinique,MQ,Non-Asia,North America,My Demon: Limited Series,my demon,True,2023-11-26,2023-12-03,8,9.0,2
Martinique,MQ,Non-Asia,North America,Narco-Saints: Season 1,narco-saints,True,2022-09-11,2022-10-02,1,6.0,4
Martinique,MQ,Non-Asia,North America,Parasyte: The Grey: Limited Series,parasyte: the grey,True,2024-04-07,2024-04-21,1,4.333333333333333,3
Martinique,MQ,Non-Asia,North America,Physical: 100: Season 1,physical: 100,True,2023-01-29,2023-02-26,2,4.0,5
Martinique,MQ,Non-Asia,North America,Physical: 100: Season 2,physical: 100,True,2024-03-24,2024-04-07,4,6.333333333333333,3
Martinique,MQ,Non-Asia,North America,Remarriage & Desires: Season 1,remarriage & desires,True,2022-07-24,2022-07-31,3,4.0,2
Martinique,MQ,Non-Asia,North America,Single’s Inferno: Season 5,single's inferno,True,2026-02-01,2026-02-01,10,10.0,1
Martinique,MQ,Non-Asia,North America,Squid Game: Season 1,squid game,True,2021-09-19,2025-01-05,1,4.636363636363637,11
Martinique,MQ,Non-Asia,North America,Squid Game: Season 2,squid game,True,2024-12-29,2025-07-06,1,4.4,5
Martinique,MQ,Non-Asia,North America,Squid Game: Season 3,squid game,True,2025-06-29,2025-07-20,1,2.0,4
Martinique,MQ,Non-Asia,North America,Sweet Home: Season 1,sweet home,True,2023-12-10,2023-12-10,10,10.0,1
Martinique,MQ,Non-Asia,North America,Sweet Home: Season 2,sweet home,True,2023-12-10,2023-12-10,7,7.0,1
Martinique,MQ,Non-Asia,North America,The 8 Show: Limited Series,the 8 show,True,2024-05-26,2024-05-26,2,2.0,1
Martinique,MQ,Non-Asia,North America,The Bequeathed: Limited Series,the bequeathed,True,2024-01-28,2024-01-28,6,6.0,1
Martinique,MQ,Non-Asia,North America,The Frog: Limited Series,the frog,True,2024-09-01,2024-09-01,10,10.0,1
Martinique,MQ,Non-Asia,North America,The Glory: Season 1,the glory,True,2023-01-01,2023-04-16,1,6.0,10
Martinique,MQ,Non-Asia,North America,The Silent Sea: Season 1,the silent sea,True,2022-01-02,2022-01-02,8,8.0,1
Mauritius,MU,Non-Asia,Africa,A Killer Paradox: Season 1,a killer paradox,True,2024-02-18,2024-02-18,8,8.0,1
Mauritius,MU,Non-Asia,Africa,Alchemy of Souls: Part 1,alchemy of souls,True,2022-08-28,2022-12-18,10,10.0,2
Mauritius,MU,Non-Asia,Africa,Alchemy of Souls: Part 2,alchemy of souls,True,2022-12-25,2023-01-01,8,9.0,2
Mauritius,MU,Non-Asia,Africa,All of Us Are Dead: Season 1,all of us are dead,True,2022-01-30,2022-03-06,1,3.0,6
Mauritius,MU,Non-Asia,Africa,Bloodhounds: Season 1,bloodhounds,True,2023-06-11,2026-04-19,3,4.833333333333333,6
Mauritius,MU,Non-Asia,Africa,Bloodhounds: Season 2,bloodhounds,True,2026-04-05,2026-04-26,1,3.75,4
Mauritius,MU,Non-Asia,Africa,Business Proposal: Limited Series,business proposal,True,2022-03-20,2022-04-17,3,4.2,5
Mauritius,MU,Non-Asia,Africa,Celebrity: Limited Series,celebrity,True,2023-07-09,2023-07-09,5,5.0,1
Mauritius,MU,Non-Asia,Africa,Culinary Class Wars: Season 1,culinary class wars,True,2024-09-22,2024-10-06,5,7.333333333333333,3
Mauritius,MU,Non-Asia,Africa,Culinary Class Wars: Season 2,culinary class wars,True,2025-12-28,2025-12-28,7,7.0,1
Mauritius,MU,Non-Asia,Africa,Extraordinary Attorney Woo: Season 1,extraordinary attorney woo,True,2022-07-31,2022-08-21,7,8.5,4
Mauritius,MU,Non-Asia,Africa,Gyeongseong Creature: Season 1,gyeongseong creature,True,2023-12-31,2023-12-31,4,4.0,1
Mauritius,MU,Non-Asia,Africa,Hellbound: Season 1,hellbound,True,2021-11-21,2021-12-05,1,4.0,3
Mauritius,MU,Non-Asia,Africa,Hierarchy: Limited Series,hierarchy,True,2024-06-09,2024-06-23,2,5.0,3
Mauritius,MU,Non-Asia,Africa,King the Land: Limited Series,king the land,True,2023-06-25,2023-07-09,6,6.666666666666667,3
Mauritius,MU,Non-Asia,Africa,Kingdom,kingdom,True,2025-08-31,2025-09-21,5,6.5,4
Mauritius,MU,Non-Asia,Africa,Love Next Door: Limited Series,love next door,True,2024-08-25,2024-08-25,8,8.0,1
Mauritius,MU,Non-Asia,Africa,Love to Hate You: Season 1,love to hate you,True,2023-02-19,2023-02-19,6,6.0,1
Mauritius,MU,Non-Asia,Africa,Mask Girl: Limited Series,mask girl,True,2023-08-27,2023-09-03,7,8.0,2
Mauritius,MU,Non-Asia,Africa,My Demon: Limited Series,my demon,True,2023-11-26,2023-12-31,5,6.833333333333333,6
Mauritius,MU,Non-Asia,Africa,Narco-Saints: Season 1,narco-saints,True,2022-09-18,2022-09-25,1,2.5,2
Mauritius,MU,Non-Asia,Africa,Parasyte: The Grey: Limited Series,parasyte: the grey,True,2024-04-07,2024-04-21,1,3.0,3
Mauritius,MU,Non-Asia,Africa,Physical: 100: Season 1,physical: 100,True,2023-01-29,2023-02-26,3,4.2,5
Mauritius,MU,Non-Asia,Africa,Physical: 100: Season 2,physical: 100,True,2024-03-24,2024-04-07,4,5.666666666666667,3
Mauritius,MU,Non-Asia,Africa,Remarriage & Desires: Season 1,remarriage & desires,True,2022-07-24,2022-07-31,5,5.5,2
Mauritius,MU,Non-Asia,Africa,Single’s Inferno: Season 3,single's inferno,True,2023-12-17,2023-12-17,9,9.0,1
Mauritius,MU,Non-Asia,Africa,Single’s Inferno: Season 5,single's inferno,True,2026-01-25,2026-02-01,9,9.5,2
Mauritius,MU,Non-Asia,Africa,Squid Game: Season 1,squid game,True,2021-09-19,2025-01-12,1,4.222222222222222,18
Mauritius,MU,Non-Asia,Africa,Squid Game: Season 2,squid game,True,2024-12-29,2025-07-06,1,4.625,8
Mauritius,MU,Non-Asia,Africa,Squid Game: Season 3,squid game,True,2025-06-29,2025-07-27,1,2.2,5
Mauritius,MU,Non-Asia,Africa,Sweet Home: Season 1,sweet home,True,2023-12-10,2023-12-10,10,10.0,1
Mauritius,MU,Non-Asia,Africa,Sweet Home: Season 2,sweet home,True,2023-12-03,2023-12-10,7,8.0,2
Mauritius,MU,Non-Asia,Africa,The 8 Show: Limited Series,the 8 show,True,2024-05-26,2024-05-26,8,8.0,1
Mauritius,MU,Non-Asia,Africa,The Glory: Season 1,the glory,True,2023-01-08,2023-04-09,1,5.666666666666667,6
Mauritius,MU,Non-Asia,Africa,The Silent Sea: Season 1,the silent sea,True,2022-01-02,2022-01-02,4,4.0,1
Mauritius,MU,Non-Asia,Africa,When the Phone Rings: Limited Series,when the phone rings,True,2024-12-01,2025-01-05,7,8.166666666666666,6
Mexico,MX,Non-Asia,North America,A Time Called You: Limited Series,a time called you,True,2023-09-17,2023-09-24,6,8.0,2
Mexico,MX,Non-Asia,North America,Alchemy of Souls: Part 1,alchemy of souls,True,2022-10-02,2022-10-02,10,10.0,1
Mexico,MX,Non-Asia,North America,All of Us Are Dead: Season 1,all of us are dead,True,2022-01-30,2022-04-17,1,4.666666666666667,12
Mexico,MX,Non-Asia,North America,Bloodhounds: Season 1,bloodhounds,True,2023-06-11,2026-04-12,5,7.25,4
Mexico,MX,Non-Asia,North America,Bloodhounds: Season 2,bloodhounds,True,2026-04-05,2026-04-19,2,4.0,3
Mexico,MX,Non-Asia,North America,Business Proposal: Limited Series,business proposal,True,2022-04-17,2022-05-29,3,5.714285714285714,7
Mexico,MX,Non-Asia,North America,Castaway Diva: Limited Series,castaway diva,True,2023-11-12,2023-11-19,8,8.5,2
Mexico,MX,Non-Asia,North America,Celebrity: Limited Series,celebrity,True,2023-07-09,2023-07-09,4,4.0,1
Mexico,MX,Non-Asia,North America,Daily Dose of Sunshine: Season 1,daily dose of sunshine,True,2023-11-12,2023-11-12,10,10.0,1
Mexico,MX,Non-Asia,North America,Doctor Cha: Limited Series,doctor cha,True,2023-05-28,2023-06-25,5,7.6,5
Mexico,MX,Non-Asia,North America,Doona!: Season 1,doona!,True,2023-10-29,2023-10-29,6,6.0,1
Mexico,MX,Non-Asia,North America,Extraordinary Attorney Woo: Season 1,extraordinary attorney woo,True,2022-07-24,2022-10-23,1,4.928571428571429,14
Mexico,MX,Non-Asia,North America,Forecasting Love and Weather: Limited Series,forecasting love and weather,True,2022-05-08,2022-05-15,8,8.5,2
Mexico,MX,Non-Asia,North America,Gyeongseong Creature: Season 1,gyeongseong creature,True,2023-12-31,2023-12-31,8,8.0,1
Mexico,MX,Non-Asia,North America,Hellbound: Season 1,hellbound,True,2021-11-21,2021-11-28,3,3.5,2
Mexico,MX,Non-Asia,North America,Hierarchy,hierarchy,True,2026-03-01,2026-03-08,3,4.0,2
Mexico,MX,Non-Asia,North America,Hierarchy: Limited Series,hierarchy,True,2024-06-09,2024-06-30,2,5.5,4
Mexico,MX,Non-Asia,North America,Hometown Cha-Cha-Cha: Limited Series,hometown cha-cha-cha,True,2021-11-21,2021-12-12,6,6.5,4
Mexico,MX,Non-Asia,North America,Juvenile Justice: Season 1,juvenile justice,True,2022-03-06,2022-04-10,6,7.5,6
Mexico,MX,Non-Asia,North America,King the Land: Limited Series,king the land,True,2023-07-16,2023-09-10,2,4.555555555555555,9
Mexico,MX,Non-Asia,North America,Little Women: Limited Series,little women,True,2022-10-23,2022-11-20,7,7.8,5
Mexico,MX,Non-Asia,North America,Love Next Door: Limited Series,love next door,True,2024-09-01,2024-10-20,5,6.625,8
Mexico,MX,Non-Asia,North America,Love to Hate You: Season 1,love to hate you,True,2023-02-19,2023-02-19,9,9.0,1
Mexico,MX,Non-Asia,North America,Mask Girl: Limited Series,mask girl,True,2023-08-27,2023-09-03,5,6.0,2
Mexico,MX,Non-Asia,North America,Miss Night and Day: Limited Series,miss night and day,True,2024-07-21,2024-09-08,3,6.125,8
Mexico,MX,Non-Asia,North America,Mr. Plankton: Limited Series,mr. plankton,True,2024-11-17,2024-11-17,8,8.0,1
Mexico,MX,Non-Asia,North America,My Demon: Limited Series,my demon,True,2023-12-03,2024-01-28,2,5.444444444444445,9
Mexico,MX,Non-Asia,North America,Narco-Saints: Season 1,narco-saints,True,2022-09-18,2022-09-18,8,8.0,1
Mexico,MX,Non-Asia,North America,Parasyte: The Grey: Limited Series,parasyte: the grey,True,2024-04-07,2024-04-21,1,3.3333333333333335,3
Mexico,MX,Non-Asia,North America,Physical: 100: Season 1,physical: 100,True,2023-02-12,2023-02-26,3,5.666666666666667,3
Mexico,MX,Non-Asia,North America,Physical: 100: Season 2,physical: 100,True,2024-03-24,2024-03-31,5,7.5,2
Mexico,MX,Non-Asia,North America,Queen of Tears: Limited Series,queen of tears,True,2024-03-24,2024-05-19,3,5.0,9
Mexico,MX,Non-Asia,North America,Remarriage & Desires: Season 1,remarriage & desires,True,2022-07-24,2022-07-24,10,10.0,1
Mexico,MX,Non-Asia,North America,See You in My 19th Life: Limited Series,see you in my 19th life,True,2023-07-02,2023-07-09,7,7.0,2
Mexico,MX,Non-Asia,North America,Squid Game: Season 1,squid game,True,2021-09-19,2025-07-06,1,4.25,20
Mexico,MX,Non-Asia,North America,Squid Game: Season 2,squid game,True,2024-12-29,2025-07-13,1,3.769230769230769,13
Mexico,MX,Non-Asia,North America,Squid Game: Season 3,squid game,True,2025-06-29,2025-08-17,1,4.375,8
Mexico,MX,Non-Asia,North America,Sweet Home: Season 2,sweet home,True,2023-12-10,2023-12-10,10,10.0,1
Mexico,MX,Non-Asia,North America,The 8 Show: Limited Series,the 8 show,True,2024-05-26,2024-05-26,9,9.0,1
Mexico,MX,Non-Asia,North America,The Frog: Limited Series,the frog,True,2024-09-01,2024-09-01,10,10.0,1
Mexico,MX,Non-Asia,North America,The Glory: Season 1,the glory,True,2023-01-08,2023-04-16,1,5.222222222222222,9
Mexico,MX,Non-Asia,North America,The Good Bad Mother: Limited Series,the good bad mother,True,2023-05-28,2023-07-02,6,8.666666666666666,6
Mexico,MX,Non-Asia,North America,The Silent Sea: Season 1,the silent sea,True,2022-01-02,2022-01-02,8,8.0,1
Mexico,MX,Non-Asia,North America,Twenty Five Twenty One: Limited Series,twenty five twenty one,True,2022-05-08,2022-05-08,8,8.0,1
Mexico,MX,Non-Asia,North America,When the Phone Rings: Limited Series,when the phone rings,True,2024-11-24,2025-01-12,1,4.75,8
Morocco,MA,Non-Asia,Africa,A Killer Paradox: Season 1,a killer paradox,True,2024-02-18,2024-02-18,5,5.0,1
Morocco,MA,Non-Asia,Africa,Alchemy of Souls: Part 1,alchemy of souls,True,2022-08-28,2022-10-09,7,8.6,5
Morocco,MA,Non-Asia,Africa,All of Us Are Dead: Season 1,all of us are dead,True,2022-01-30,2022-03-20,1,4.625,8
Morocco,MA,Non-Asia,Africa,Bloodhounds: Season 1,bloodhounds,True,2023-06-11,2026-05-03,1,5.181818181818182,11
Morocco,MA,Non-Asia,Africa,Bloodhounds: Season 2,bloodhounds,True,2026-04-05,2026-05-03,1,2.8,5
Morocco,MA,Non-Asia,Africa,Business Proposal: Limited Series,business proposal,True,2022-04-10,2022-05-22,2,5.142857142857143,7
Morocco,MA,Non-Asia,Africa,Celebrity: Limited Series,celebrity,True,2023-07-02,2023-07-30,1,3.6,5
Morocco,MA,Non-Asia,Africa,Culinary Class Wars: Season 1,culinary class wars,True,2024-09-22,2024-10-06,7,8.666666666666666,3
Morocco,MA,Non-Asia,Africa,Doona!: Season 1,doona!,True,2023-10-29,2023-10-29,7,7.0,1
Morocco,MA,Non-Asia,Africa,Extraordinary Attorney Woo: Season 1,extraordinary attorney woo,True,2022-07-24,2022-09-11,3,5.875,8
Morocco,MA,Non-Asia,Africa,Gyeongseong Creature: Season 1,gyeongseong creature,True,2023-12-31,2023-12-31,5,5.0,1
Morocco,MA,Non-Asia,Africa,Gyeongseong Creature: Season 2,gyeongseong creature,True,2024-10-06,2024-10-06,8,8.0,1
Morocco,MA,Non-Asia,Africa,Hellbound: Season 1,hellbound,True,2021-11-21,2021-12-05,1,2.3333333333333335,3
Morocco,MA,Non-Asia,Africa,Hierarchy: Limited Series,hierarchy,True,2024-06-09,2024-06-30,2,3.25,4
Morocco,MA,Non-Asia,Africa,Hometown Cha-Cha-Cha: Limited Series,hometown cha-cha-cha,True,2021-11-14,2021-12-05,6,8.75,4
Morocco,MA,Non-Asia,Africa,Juvenile Justice: Season 1,juvenile justice,True,2022-03-06,2022-03-13,6,6.5,2
Morocco,MA,Non-Asia,Africa,King the Land: Limited Series,king the land,True,2023-06-25,2023-08-20,2,4.555555555555555,9
Morocco,MA,Non-Asia,Africa,Kingdom,kingdom,True,2023-07-23,2025-09-21,5,7.0,2
Morocco,MA,Non-Asia,Africa,Little Women: Limited Series,little women,True,2022-10-16,2022-12-04,6,7.875,8
Morocco,MA,Non-Asia,Africa,Love Next Door: Limited Series,love next door,True,2024-08-25,2024-10-06,2,5.0,7
Morocco,MA,Non-Asia,Africa,Love to Hate You: Season 1,love to hate you,True,2023-02-19,2023-02-19,4,4.0,1
Morocco,MA,Non-Asia,Africa,Mask Girl: Limited Series,mask girl,True,2023-08-20,2023-09-10,2,6.0,4
Morocco,MA,Non-Asia,Africa,Miss Night and Day: Limited Series,miss night and day,True,2024-06-23,2024-07-21,7,8.2,5
Morocco,MA,Non-Asia,Africa,Mr. Plankton: Limited Series,mr. plankton,True,2024-11-17,2024-11-24,7,8.5,2
Morocco,MA,Non-Asia,Africa,My Demon: Limited Series,my demon,True,2023-11-26,2024-01-28,3,7.1,10
Morocco,MA,Non-Asia,Africa,Narco-Saints: Season 1,narco-saints,True,2022-09-18,2022-10-02,1,3.6666666666666665,3
Morocco,MA,Non-Asia,Africa,Parasyte: The Grey: Limited Series,parasyte: the grey,True,2024-04-07,2024-04-21,1,3.0,3
Morocco,MA,Non-Asia,Africa,Physical: 100: Season 1,physical: 100,True,2023-01-29,2023-03-05,1,4.5,6
Morocco,MA,Non-Asia,Africa,Physical: 100: Season 2,physical: 100,True,2024-03-24,2024-04-07,3,4.666666666666667,3
Morocco,MA,Non-Asia,Africa,Queen of Tears: Limited Series,queen of tears,True,2024-03-17,2024-03-24,9,9.5,2
Morocco,MA,Non-Asia,Africa,Remarriage & Desires: Season 1,remarriage & desires,True,2022-07-24,2022-07-31,3,3.5,2
Morocco,MA,Non-Asia,Africa,Single’s Inferno: Season 1,single's inferno,True,2022-01-02,2022-01-16,2,5.0,3
Morocco,MA,Non-Asia,Africa,Single’s Inferno: Season 2,single's inferno,True,2022-12-18,2023-01-08,7,8.75,4
Morocco,MA,Non-Asia,Africa,Single’s Inferno: Season 3,single's inferno,True,2023-12-17,2024-01-14,6,7.0,4
Morocco,MA,Non-Asia,Africa,Single’s Inferno: Season 4,single's inferno,True,2025-01-19,2025-02-02,6,7.0,3
Morocco,MA,Non-Asia,Africa,Single’s Inferno: Season 5,single's inferno,True,2026-01-25,2026-02-15,4,5.75,4
Morocco,MA,Non-Asia,Africa,Squid Game: Season 1,squid game,True,2021-09-19,2025-07-13,1,4.045454545454546,22
Morocco,MA,Non-Asia,Africa,Squid Game: Season 2,squid game,True,2024-12-29,2025-07-27,1,4.2,15
Morocco,MA,Non-Asia,Africa,Squid Game: Season 3,squid game,True,2025-06-29,2025-08-24,1,3.7777777777777777,9
Morocco,MA,Non-Asia,Africa,Sweet Home: Season 2,sweet home,True,2023-12-03,2023-12-10,7,8.0,2
Morocco,MA,Non-Asia,Africa,Sweet Home: Season 3,sweet home,True,2024-07-28,2024-07-28,10,10.0,1
Morocco,MA,Non-Asia,Africa,The 8 Show: Limited Series,the 8 show,True,2024-05-19,2024-06-23,1,5.666666666666667,6
Morocco,MA,Non-Asia,Africa,The Bequeathed: Limited Series,the bequeathed,True,2024-01-28,2024-01-28,10,10.0,1
Morocco,MA,Non-Asia,Africa,The Frog: Limited Series,the frog,True,2024-09-01,2024-09-01,4,4.0,1
Morocco,MA,Non-Asia,Africa,The Glory: Season 1,the glory,True,2023-01-01,2023-04-16,1,5.0,10
Morocco,MA,Non-Asia,Africa,The Good Bad Mother: Limited Series,the good bad mother,True,2023-05-28,2023-06-11,7,8.0,3
Morocco,MA,Non-Asia,Africa,The Silent Sea: Season 1,the silent sea,True,2022-01-02,2022-01-02,5,5.0,1
Morocco,MA,Non-Asia,Africa,Twenty Five Twenty One: Limited Series,twenty five twenty one,True,2022-08-14,2022-08-14,10,10.0,1
Morocco,MA,Non-Asia,Africa,Vincenzo: Season 1,vincenzo,True,2021-07-04,2021-08-15,8,9.25,4
Morocco,MA,Non-Asia,Africa,When the Phone Rings: Limited Series,when the phone rings,True,2024-11-24,2025-01-05,1,3.7142857142857144,7
Netherlands,NL,Non-Asia,Europe,All of Us Are Dead: Season 1,all of us are dead,True,2022-02-06,2022-02-13,4,5.0,2
Netherlands,NL,Non-Asia,Europe,Bloodhounds: Season 1,bloodhounds,True,2023-06-18,2023-06-18,9,9.0,1
Netherlands,NL,Non-Asia,Europe,Hellbound: Season 1,hellbound,True,2021-11-28,2021-11-28,8,8.0,1
Netherlands,NL,Non-Asia,Europe,Narco-Saints: Season 1,narco-saints,True,2022-09-18,2022-09-25,6,8.0,2
Netherlands,NL,Non-Asia,Europe,Physical: 100: Season 1,physical: 100,True,2023-02-05,2023-02-26,3,6.0,4
Netherlands,NL,Non-Asia,Europe,Physical: 100: Season 2,physical: 100,True,2024-03-24,2024-03-24,6,6.0,1
Netherlands,NL,Non-Asia,Europe,Squid Game: Season 1,squid game,True,2021-09-19,2025-01-12,1,4.076923076923077,13
Netherlands,NL,Non-Asia,Europe,Squid Game: Season 2,squid game,True,2024-12-29,2025-02-02,1,4.333333333333333,6
Netherlands,NL,Non-Asia,Europe,Squid Game: Season 3,squid game,True,2025-06-29,2025-08-03,1,3.3333333333333335,6
Netherlands,NL,Non-Asia,Europe,The Glory: Season 1,the glory,True,2023-03-19,2023-03-19,4,4.0,1
New Caledonia,NC,Non-Asia,Oceania,A Killer Paradox: Season 1,a killer paradox,True,2024-02-18,2024-02-18,9,9.0,1
New Caledonia,NC,Non-Asia,Oceania,All of Us Are Dead: Season 1,all of us are dead,True,2022-01-30,2022-03-06,1,3.5,6
New Caledonia,NC,Non-Asia,Oceania,Bloodhounds: Season 1,bloodhounds,True,2023-06-11,2026-04-12,1,4.666666666666667,6
New Caledonia,NC,Non-Asia,Oceania,Bloodhounds: Season 2,bloodhounds,True,2026-04-05,2026-04-19,2,3.6666666666666665,3
New Caledonia,NC,Non-Asia,Oceania,Business Proposal: Limited Series,business proposal,True,2022-05-08,2022-05-15,4,6.0,2
New Caledonia,NC,Non-Asia,Oceania,Celebrity: Limited Series,celebrity,True,2023-07-09,2023-07-09,5,5.0,1
New Caledonia,NC,Non-Asia,Oceania,Culinary Class Wars: Season 1,culinary class wars,True,2024-09-22,2024-10-06,2,4.0,3
New Caledonia,NC,Non-Asia,Oceania,Culinary Class Wars: Season 2,culinary class wars,True,2025-12-28,2025-12-28,8,8.0,1
New Caledonia,NC,Non-Asia,Oceania,Doona!: Season 1,doona!,True,2023-10-29,2023-10-29,8,8.0,1
New Caledonia,NC,Non-Asia,Oceania,Gyeongseong Creature: Season 1,gyeongseong creature,True,2023-12-31,2023-12-31,4,4.0,1
New Caledonia,NC,Non-Asia,Oceania,Gyeongseong Creature: Season 2,gyeongseong creature,True,2024-10-06,2024-10-06,6,6.0,1
New Caledonia,NC,Non-Asia,Oceania,Hellbound: Season 1,hellbound,True,2021-11-21,2021-11-28,1,3.0,2
New Caledonia,NC,Non-Asia,Oceania,Hierarchy: Limited Series,hierarchy,True,2024-06-09,2024-06-23,2,6.0,3
New Caledonia,NC,Non-Asia,Oceania,Juvenile Justice: Season 1,juvenile justice,True,2022-03-06,2022-03-06,7,7.0,1
New Caledonia,NC,Non-Asia,Oceania,King the Land: Limited Series,king the land,True,2023-06-25,2023-06-25,9,9.0,1
New Caledonia,NC,Non-Asia,Oceania,Kingdom,kingdom,True,2023-07-23,2023-07-23,10,10.0,1
New Caledonia,NC,Non-Asia,Oceania,Love Next Door: Limited Series,love next door,True,2024-08-25,2024-08-25,8,8.0,1
New Caledonia,NC,Non-Asia,Oceania,Love to Hate You: Season 1,love to hate you,True,2023-02-19,2023-02-19,6,6.0,1
New Caledonia,NC,Non-Asia,Oceania,Mask Girl: Limited Series,mask girl,True,2023-08-27,2023-08-27,7,7.0,1
New Caledonia,NC,Non-Asia,Oceania,My Demon: Limited Series,my demon,True,2023-11-26,2023-12-03,7,8.5,2
New Caledonia,NC,Non-Asia,Oceania,Narco-Saints: Season 1,narco-saints,True,2022-09-18,2022-09-25,4,6.5,2
New Caledonia,NC,Non-Asia,Oceania,Parasyte: The Grey: Limited Series,parasyte: the grey,True,2024-04-07,2024-04-21,1,3.3333333333333335,3
New Caledonia,NC,Non-Asia,Oceania,Physical: 100: Season 1,physical: 100,True,2023-01-29,2023-02-26,1,4.2,5
New Caledonia,NC,Non-Asia,Oceania,Physical: 100: Season 2,physical: 100,True,2024-03-24,2024-04-07,3,5.666666666666667,3
New Caledonia,NC,Non-Asia,Oceania,Remarriage & Desires: Season 1,remarriage & desires,True,2022-07-24,2022-07-31,8,9.0,2
New Caledonia,NC,Non-Asia,Oceania,Squid Game: Season 1,squid game,True,2021-09-19,2025-01-12,1,4.25,12
New Caledonia,NC,Non-Asia,Oceania,Squid Game: Season 2,squid game,True,2024-12-29,2025-07-06,1,3.8333333333333335,6
New Caledonia,NC,Non-Asia,Oceania,Squid Game: Season 3,squid game,True,2025-06-29,2025-07-27,1,3.6,5
New Caledonia,NC,Non-Asia,Oceania,Sweet Home: Season 1,sweet home,True,2023-12-10,2023-12-10,10,10.0,1
New Caledonia,NC,Non-Asia,Oceania,Sweet Home: Season 2,sweet home,True,2023-12-10,2023-12-10,7,7.0,1
New Caledonia,NC,Non-Asia,Oceania,The 8 Show: Limited Series,the 8 show,True,2024-05-26,2024-05-26,5,5.0,1
New Caledonia,NC,Non-Asia,Oceania,The Bequeathed: Limited Series,the bequeathed,True,2024-01-28,2024-01-28,6,6.0,1
New Caledonia,NC,Non-Asia,Oceania,The Frog: Limited Series,the frog,True,2024-09-01,2024-09-01,8,8.0,1
New Caledonia,NC,Non-Asia,Oceania,The Glory: Season 1,the glory,True,2023-01-08,2023-04-09,1,5.428571428571429,7
New Caledonia,NC,Non-Asia,Oceania,The Silent Sea: Season 1,the silent sea,True,2022-01-02,2022-01-02,7,7.0,1
New Caledonia,NC,Non-Asia,Oceania,Twenty Five Twenty One: Limited Series,twenty five twenty one,True,2022-08-14,2022-08-14,10,10.0,1
New Zealand,NZ,Non-Asia,Oceania,Alchemy of Souls: Part 1,alchemy of souls,True,2022-09-04,2022-09-04,9,9.0,1
New Zealand,NZ,Non-Asia,Oceania,All of Us Are Dead: Season 1,all of us are dead,True,2022-01-30,2022-02-27,1,4.0,5
New Zealand,NZ,Non-Asia,Oceania,Bloodhounds: Season 1,bloodhounds,True,2023-06-11,2023-06-18,6,8.0,2
New Zealand,NZ,Non-Asia,Oceania,Bloodhounds: Season 2,bloodhounds,True,2026-04-12,2026-04-12,7,7.0,1
New Zealand,NZ,Non-Asia,Oceania,Business Proposal: Limited Series,business proposal,True,2022-04-03,2022-04-10,7,8.0,2
New Zealand,NZ,Non-Asia,Oceania,Culinary Class Wars: Season 1,culinary class wars,True,2024-09-29,2024-09-29,7,7.0,1
New Zealand,NZ,Non-Asia,Oceania,Extraordinary Attorney Woo: Season 1,extraordinary attorney woo,True,2022-07-24,2022-09-04,4,6.714285714285714,7
New Zealand,NZ,Non-Asia,Oceania,Gyeongseong Creature: Season 1,gyeongseong creature,True,2023-12-31,2023-12-31,5,5.0,1
New Zealand,NZ,Non-Asia,Oceania,Hellbound: Season 1,hellbound,True,2021-11-21,2021-11-28,2,3.5,2
New Zealand,NZ,Non-Asia,Oceania,Hierarchy: Limited Series,hierarchy,True,2024-06-16,2024-06-16,8,8.0,1
New Zealand,NZ,Non-Asia,Oceania,King the Land: Limited Series,king the land,True,2023-06-25,2023-07-02,7,8.5,2
New Zealand,NZ,Non-Asia,Oceania,Little Women,little women,True,2022-04-17,2022-04-17,9,9.0,1
New Zealand,NZ,Non-Asia,Oceania,Love Next Door: Limited Series,love next door,True,2024-08-25,2024-08-25,8,8.0,1
New Zealand,NZ,Non-Asia,Oceania,Mask Girl: Limited Series,mask girl,True,2023-08-27,2023-08-27,9,9.0,1
New Zealand,NZ,Non-Asia,Oceania,Narco-Saints: Season 1,narco-saints,True,2022-09-18,2022-09-25,6,7.0,2
New Zealand,NZ,Non-Asia,Oceania,Parasyte: The Grey: Limited Series,parasyte: the grey,True,2024-04-07,2024-04-14,6,8.0,2
New Zealand,NZ,Non-Asia,Oceania,Physical: 100: Season 1,physical: 100,True,2023-01-29,2023-03-05,2,4.166666666666667,6
New Zealand,NZ,Non-Asia,Oceania,Physical: 100: Season 2,physical: 100,True,2024-03-24,2024-04-07,5,6.333333333333333,3
New Zealand,NZ,Non-Asia,Oceania,Queen of Tears: Limited Series,queen of tears,True,2024-03-17,2024-03-24,7,8.5,2
New Zealand,NZ,Non-Asia,Oceania,Squid Game: Season 1,squid game,True,2021-09-19,2025-01-19,1,4.066666666666666,15
New Zealand,NZ,Non-Asia,Oceania,Squid Game: Season 2,squid game,True,2024-12-29,2025-07-06,1,3.3333333333333335,6
New Zealand,NZ,Non-Asia,Oceania,Squid Game: Season 3,squid game,True,2025-06-29,2025-07-27,1,3.4,5
New Zealand,NZ,Non-Asia,Oceania,The Glory: Season 1,the glory,True,2023-01-08,2023-04-02,1,5.666666666666667,6
New Zealand,NZ,Non-Asia,Oceania,The Silent Sea: Season 1,the silent sea,True,2022-01-02,2022-01-02,5,5.0,1
Nicaragua,NI,Non-Asia,Latin America,A Killer Paradox: Season 1,a killer paradox,True,2024-02-18,2024-02-18,10,10.0,1
Nicaragua,NI,Non-Asia,Latin America,A Time Called You: Limited Series,a time called you,True,2023-09-10,2023-09-24,4,7.666666666666667,3
Nicaragua,NI,Non-Asia,Latin America,Alchemy of Souls: Part 1,alchemy of souls,True,2022-09-04,2022-09-04,10,10.0,1
Nicaragua,NI,Non-Asia,Latin America,Alchemy of Souls: Part 2,alchemy of souls,True,2023-02-12,2023-02-19,8,9.0,2
Nicaragua,NI,Non-Asia,Latin America,All of Us Are Dead: Season 1,all of us are dead,True,2022-01-30,2022-03-27,2,5.625,8
Nicaragua,NI,Non-Asia,Latin America,Behind Your Touch: Limited Series,behind your touch,True,2023-08-20,2023-08-20,10,10.0,1
Nicaragua,NI,Non-Asia,Latin America,Bloodhounds: Season 1,bloodhounds,True,2023-06-18,2026-04-19,3,6.0,5
Nicaragua,NI,Non-Asia,Latin America,Bloodhounds: Season 2,bloodhounds,True,2026-04-05,2026-04-26,2,5.0,4
Nicaragua,NI,Non-Asia,Latin America,Business Proposal: Limited Series,business proposal,True,2022-04-17,2022-07-17,4,7.25,8
Nicaragua,NI,Non-Asia,Latin America,Castaway Diva: Limited Series,castaway diva,True,2023-11-12,2023-11-26,6,7.333333333333333,3
Nicaragua,NI,Non-Asia,Latin America,Celebrity: Limited Series,celebrity,True,2023-07-02,2023-07-16,3,5.333333333333333,3
Nicaragua,NI,Non-Asia,Latin America,Daily Dose of Sunshine: Season 1,daily dose of sunshine,True,2023-11-12,2023-11-12,6,6.0,1
Nicaragua,NI,Non-Asia,Latin America,Doctor Cha: Limited Series,doctor cha,True,2023-05-28,2023-07-02,5,6.5,6
Nicaragua,NI,Non-Asia,Latin America,Doona!: Season 1,doona!,True,2023-10-22,2023-11-05,3,5.0,3
Nicaragua,NI,Non-Asia,Latin America,Extraordinary Attorney Woo: Season 1,extraordinary attorney woo,True,2022-07-31,2022-09-11,1,3.2857142857142856,7
Nicaragua,NI,Non-Asia,Latin America,Forecasting Love and Weather: Limited Series,forecasting love and weather,True,2022-05-08,2022-05-15,9,9.5,2
Nicaragua,NI,Non-Asia,Latin America,Gyeongseong Creature: Season 1,gyeongseong creature,True,2023-12-31,2023-12-31,6,6.0,1
Nicaragua,NI,Non-Asia,Latin America,Hellbound: Season 1,hellbound,True,2021-11-21,2021-11-28,7,7.0,2
Nicaragua,NI,Non-Asia,Latin America,Hierarchy,hierarchy,True,2026-03-01,2026-03-08,3,3.0,2
Nicaragua,NI,Non-Asia,Latin America,Hierarchy: Limited Series,hierarchy,True,2024-06-09,2024-07-14,2,4.333333333333333,6
Nicaragua,NI,Non-Asia,Latin America,Hometown Cha-Cha-Cha: Limited Series,hometown cha-cha-cha,True,2021-11-07,2021-12-19,5,7.0,7
Nicaragua,NI,Non-Asia,Latin America,King the Land: Limited Series,king the land,True,2023-07-16,2024-08-04,1,5.705882352941177,17
Nicaragua,NI,Non-Asia,Latin America,Little Women,little women,True,2023-03-05,2023-03-05,9,9.0,1
Nicaragua,NI,Non-Asia,Latin America,Little Women: Limited Series,little women,True,2022-10-30,2022-11-20,7,8.5,4
Nicaragua,NI,Non-Asia,Latin America,Love Next Door: Limited Series,love next door,True,2024-09-01,2024-11-03,2,4.7,10
Nicaragua,NI,Non-Asia,Latin America,Love to Hate You: Season 1,love to hate you,True,2023-02-19,2023-02-19,8,8.0,1
Nicaragua,NI,Non-Asia,Latin America,Mask Girl: Limited Series,mask girl,True,2023-08-27,2023-09-03,3,5.5,2
Nicaragua,NI,Non-Asia,Latin America,Miss Night and Day: Limited Series,miss night and day,True,2024-07-14,2024-09-08,3,4.333333333333333,9
Nicaragua,NI,Non-Asia,Latin America,Mr. Plankton: Limited Series,mr. plankton,True,2024-11-17,2024-11-24,5,6.0,2
Nicaragua,NI,Non-Asia,Latin America,My Demon: Limited Series,my demon,True,2023-12-03,2024-02-04,1,3.7,10
Nicaragua,NI,Non-Asia,Latin America,Narco-Saints: Season 1,narco-saints,True,2022-09-18,2022-09-18,10,10.0,1
Nicaragua,NI,Non-Asia,Latin America,Parasyte: The Grey: Limited Series,parasyte: the grey,True,2024-04-07,2024-04-21,1,2.6666666666666665,3
Nicaragua,NI,Non-Asia,Latin America,Physical: 100: Season 2,physical: 100,True,2024-03-24,2024-03-31,6,8.0,2
Nicaragua,NI,Non-Asia,Latin America,Queen of Tears: Limited Series,queen of tears,True,2024-03-24,2024-06-02,1,3.272727272727273,11
Nicaragua,NI,Non-Asia,Latin America,See You in My 19th Life: Limited Series,see you in my 19th life,True,2023-07-02,2023-07-23,4,6.75,4
Nicaragua,NI,Non-Asia,Latin America,Squid Game: Season 1,squid game,True,2021-09-19,2025-07-13,1,5.541666666666667,24
Nicaragua,NI,Non-Asia,Latin America,Squid Game: Season 2,squid game,True,2024-12-29,2025-07-20,1,4.153846153846154,13
Nicaragua,NI,Non-Asia,Latin America,Squid Game: Season 3,squid game,True,2025-06-29,2025-08-10,1,4.285714285714286,7
Nicaragua,NI,Non-Asia,Latin America,Sweet Home: Season 2,sweet home,True,2023-12-03,2023-12-10,8,8.5,2
Nicaragua,NI,Non-Asia,Latin America,Sweet Home: Season 3,sweet home,True,2024-07-21,2024-07-28,6,6.5,2
Nicaragua,NI,Non-Asia,Latin America,The 8 Show: Limited Series,the 8 show,True,2024-05-26,2024-05-26,9,9.0,1
Nicaragua,NI,Non-Asia,Latin America,The Frog: Limited Series,the frog,True,2024-09-01,2024-09-01,7,7.0,1
Nicaragua,NI,Non-Asia,Latin America,The Glory: Season 1,the glory,True,2023-01-08,2023-04-09,1,4.833333333333333,6
Nicaragua,NI,Non-Asia,Latin America,The Good Bad Mother: Limited Series,the good bad mother,True,2023-06-04,2023-07-02,8,9.2,5
Nicaragua,NI,Non-Asia,Latin America,Twenty Five Twenty One: Limited Series,twenty five twenty one,True,2022-04-03,2022-04-03,10,10.0,1
Nicaragua,NI,Non-Asia,Latin America,When the Phone Rings: Limited Series,when the phone rings,True,2024-11-24,2025-01-12,1,2.375,8
Nigeria,NG,Non-Asia,Africa,A Killer Paradox: Season 1,a killer paradox,True,2024-02-18,2024-02-18,7,7.0,1
Nigeria,NG,Non-Asia,Africa,A Time Called You: Limited Series,a time called you,True,2023-09-17,2023-09-17,9,9.0,1
Nigeria,NG,Non-Asia,Africa,Alchemy of Souls: Part 1,alchemy of souls,True,2022-06-26,2023-03-12,1,3.4054054054054053,37
Nigeria,NG,Non-Asia,Africa,Alchemy of Souls: Part 2,alchemy of souls,True,2022-12-11,2023-02-19,1,3.1818181818181817,11
Nigeria,NG,Non-Asia,Africa,All of Us Are Dead: Season 1,all of us are dead,True,2022-01-30,2022-04-03,1,4.1,10
Nigeria,NG,Non-Asia,Africa,Bloodhounds: Season 1,bloodhounds,True,2023-06-11,2026-04-26,2,5.333333333333333,6
Nigeria,NG,Non-Asia,Africa,Bloodhounds: Season 2,bloodhounds,True,2026-04-05,2026-05-03,1,5.0,5
Nigeria,NG,Non-Asia,Africa,Business Proposal: Limited Series,business proposal,True,2022-03-13,2022-05-29,1,4.25,12
Nigeria,NG,Non-Asia,Africa,Celebrity: Limited Series,celebrity,True,2023-07-02,2023-07-16,3,4.0,3
Nigeria,NG,Non-Asia,Africa,Doctor Cha: Limited Series,doctor cha,True,2023-05-14,2023-06-11,6,7.0,5
Nigeria,NG,Non-Asia,Africa,Doona!: Season 1,doona!,True,2023-10-29,2023-10-29,4,4.0,1
Nigeria,NG,Non-Asia,Africa,Extraordinary Attorney Woo: Season 1,extraordinary attorney woo,True,2022-07-24,2022-09-04,3,5.571428571428571,7
Nigeria,NG,Non-Asia,Africa,Forecasting Love and Weather: Limited Series,forecasting love and weather,True,2022-02-27,2022-04-10,7,8.571428571428571,7
Nigeria,NG,Non-Asia,Africa,Gyeongseong Creature: Season 1,gyeongseong creature,True,2023-12-31,2024-01-21,4,7.0,4
Nigeria,NG,Non-Asia,Africa,Gyeongseong Creature: Season 2,gyeongseong creature,True,2024-09-29,2024-10-06,2,5.5,2
Nigeria,NG,Non-Asia,Africa,Hellbound: Season 1,hellbound,True,2021-11-21,2021-12-05,1,2.0,3
Nigeria,NG,Non-Asia,Africa,Hierarchy: Limited Series,hierarchy,True,2024-06-09,2024-07-07,2,3.8,5
Nigeria,NG,Non-Asia,Africa,King the Land: Limited Series,king the land,True,2023-06-18,2023-09-03,1,3.75,12
Nigeria,NG,Non-Asia,Africa,Kingdom,kingdom,True,2023-07-23,2025-09-07,5,6.666666666666667,4
Nigeria,NG,Non-Asia,Africa,Little Women: Limited Series,little women,True,2022-09-25,2022-10-30,2,5.666666666666667,6
Nigeria,NG,Non-Asia,Africa,Love Next Door: Limited Series,love next door,True,2024-08-18,2024-10-06,2,6.75,8
Nigeria,NG,Non-Asia,Africa,Love to Hate You: Season 1,love to hate you,True,2023-02-19,2023-03-05,2,4.0,3
Nigeria,NG,Non-Asia,Africa,Mask Girl: Limited Series,mask girl,True,2023-08-27,2023-08-27,2,2.0,1
Nigeria,NG,Non-Asia,Africa,Miss Night and Day: Limited Series,miss night and day,True,2024-06-23,2024-08-11,7,8.666666666666666,3
Nigeria,NG,Non-Asia,Africa,Mr. Plankton: Limited Series,mr. plankton,True,2024-11-17,2024-11-24,6,6.0,2
Nigeria,NG,Non-Asia,Africa,My Demon: Limited Series,my demon,True,2023-11-26,2024-02-11,1,3.5833333333333335,12
Nigeria,NG,Non-Asia,Africa,Narco-Saints: Season 1,narco-saints,True,2022-09-18,2022-09-25,2,4.0,2
Nigeria,NG,Non-Asia,Africa,Parasyte: The Grey: Limited Series,parasyte: the grey,True,2024-04-07,2024-05-05,1,2.8,5
Nigeria,NG,Non-Asia,Africa,Queen of Tears: Limited Series,queen of tears,True,2024-03-17,2024-05-26,2,5.090909090909091,11
Nigeria,NG,Non-Asia,Africa,Remarriage & Desires: Season 1,remarriage & desires,True,2022-07-24,2022-08-14,3,5.75,4
Nigeria,NG,Non-Asia,Africa,See You in My 19th Life: Limited Series,see you in my 19th life,True,2023-06-25,2023-06-25,10,10.0,1
Nigeria,NG,Non-Asia,Africa,Squid Game: Season 1,squid game,True,2021-09-19,2025-07-13,1,4.739130434782608,23
Nigeria,NG,Non-Asia,Africa,Squid Game: Season 2,squid game,True,2024-12-29,2025-07-13,1,4.888888888888889,9
Nigeria,NG,Non-Asia,Africa,Squid Game: Season 3,squid game,True,2025-06-29,2025-07-27,1,2.4,5
Nigeria,NG,Non-Asia,Africa,Sweet Home: Season 1,sweet home,True,2023-12-10,2024-07-28,6,7.5,2
Nigeria,NG,Non-Asia,Africa,Sweet Home: Season 2,sweet home,True,2023-12-03,2023-12-10,8,8.5,2
Nigeria,NG,Non-Asia,Africa,Sweet Home: Season 3,sweet home,True,2024-07-21,2024-08-04,5,6.333333333333333,3
Nigeria,NG,Non-Asia,Africa,The 8 Show: Limited Series,the 8 show,True,2024-05-26,2024-05-26,6,6.0,1
Nigeria,NG,Non-Asia,Africa,The Glory: Season 1,the glory,True,2023-01-08,2023-04-16,1,5.5,8
Nigeria,NG,Non-Asia,Africa,The Good Bad Mother: Limited Series,the good bad mother,True,2023-05-21,2023-06-11,6,7.666666666666667,3
Nigeria,NG,Non-Asia,Africa,The Silent Sea: Season 1,the silent sea,True,2022-01-02,2022-01-02,8,8.0,1
Nigeria,NG,Non-Asia,Africa,Tomorrow: Limited Series,tomorrow,True,2022-05-22,2022-05-29,10,10.0,2
Nigeria,NG,Non-Asia,Africa,Twenty Five Twenty One: Limited Series,twenty five twenty one,True,2022-04-03,2022-04-03,10,10.0,1
Nigeria,NG,Non-Asia,Africa,Under the Queen's Umbrella: Limited Series,under the queen's umbrella,True,2022-11-06,2022-12-25,3,5.75,8
Nigeria,NG,Non-Asia,Africa,Vincenzo: Season 1,vincenzo,True,2021-07-04,2021-11-21,3,6.8,10
Nigeria,NG,Non-Asia,Africa,When the Phone Rings: Limited Series,when the phone rings,True,2024-11-24,2025-01-12,2,4.5,8
Norway,NO,Non-Asia,Europe,All of Us Are Dead: Season 1,all of us are dead,True,2022-01-30,2022-02-27,1,5.0,5
Norway,NO,Non-Asia,Europe,Bloodhounds: Season 1,bloodhounds,True,2023-06-18,2023-06-18,10,10.0,1
Norway,NO,Non-Asia,Europe,Bloodhounds: Season 2,bloodhounds,True,2026-04-12,2026-04-12,10,10.0,1
Norway,NO,Non-Asia,Europe,Hellbound: Season 1,hellbound,True,2021-11-28,2021-11-28,7,7.0,1
Norway,NO,Non-Asia,Europe,Little Women,little women,True,2022-03-13,2022-03-20,4,6.0,2
Norway,NO,Non-Asia,Europe,Narco-Saints: Season 1,narco-saints,True,2022-09-18,2022-09-18,10,10.0,1
Norway,NO,Non-Asia,Europe,Physical: 100: Season 1,physical: 100,True,2023-01-29,2023-02-26,2,4.2,5
Norway,NO,Non-Asia,Europe,Physical: 100: Season 2,physical: 100,True,2024-03-24,2024-03-31,5,5.5,2
Norway,NO,Non-Asia,Europe,Squid Game: Season 1,squid game,True,2021-09-19,2025-01-19,1,3.9285714285714284,14
Norway,NO,Non-Asia,Europe,Squid Game: Season 2,squid game,True,2024-12-29,2025-07-06,1,4.285714285714286,7
Norway,NO,Non-Asia,Europe,Squid Game: Season 3,squid game,True,2025-06-29,2025-08-03,1,2.6666666666666665,6
Norway,NO,Non-Asia,Europe,The Glory: Season 1,the glory,True,2023-03-19,2023-03-19,5,5.0,1
Norway,NO,Non-Asia,Europe,The Silent Sea: Season 1,the silent sea,True,2022-01-02,2022-01-02,8,8.0,1
Oman,OM,Asia,Asia,A Killer Paradox: Season 1,a killer paradox,True,2024-02-11,2024-02-18,4,6.5,2
Oman,OM,Asia,Asia,A Time Called You: Limited Series,a time called you,True,2023-09-17,2023-09-17,6,6.0,1
Oman,OM,Asia,Asia,Alchemy of Souls: Part 1,alchemy of souls,True,2022-07-10,2022-12-25,4,7.181818181818182,11
Oman,OM,Asia,Asia,Alchemy of Souls: Part 2,alchemy of souls,True,2022-12-18,2023-01-15,4,6.0,5
Oman,OM,Asia,Asia,All of Us Are Dead: Season 1,all of us are dead,True,2022-01-30,2022-03-06,1,2.0,6
Oman,OM,Asia,Asia,Behind Your Touch: Limited Series,behind your touch,True,2023-08-20,2023-08-20,6,6.0,1
Oman,OM,Asia,Asia,Bloodhounds: Season 1,bloodhounds,True,2023-06-18,2026-04-19,2,4.666666666666667,6
Oman,OM,Asia,Asia,Bloodhounds: Season 2,bloodhounds,True,2026-04-05,2026-04-26,2,4.0,4
Oman,OM,Asia,Asia,Business Proposal: Limited Series,business proposal,True,2022-03-13,2022-05-08,1,4.0,9
Oman,OM,Asia,Asia,Castaway Diva: Limited Series,castaway diva,True,2023-11-05,2023-11-26,3,8.0,4
Oman,OM,Asia,Asia,Celebrity: Limited Series,celebrity,True,2023-07-02,2023-07-23,2,5.5,4
Oman,OM,Asia,Asia,Culinary Class Wars: Season 1,culinary class wars,True,2024-09-22,2024-09-29,5,7.5,2
Oman,OM,Asia,Asia,Daily Dose of Sunshine: Season 1,daily dose of sunshine,True,2023-11-12,2023-11-12,7,7.0,1
Oman,OM,Asia,Asia,Doctor Cha: Limited Series,doctor cha,True,2023-04-30,2023-06-11,3,4.571428571428571,7
Oman,OM,Asia,Asia,Doona!: Season 1,doona!,True,2023-10-29,2023-10-29,4,4.0,1
Oman,OM,Asia,Asia,Extraordinary Attorney Woo: Season 1,extraordinary attorney woo,True,2022-07-17,2022-09-11,1,3.7777777777777777,9
Oman,OM,Asia,Asia,Gyeongseong Creature: Season 1,gyeongseong creature,True,2023-12-24,2024-01-14,2,5.75,4
Oman,OM,Asia,Asia,Gyeongseong Creature: Season 2,gyeongseong creature,True,2024-09-29,2024-10-06,3,6.5,2
Oman,OM,Asia,Asia,Hellbound: Season 1,hellbound,True,2021-11-21,2021-12-05,1,2.3333333333333335,3
Oman,OM,Asia,Asia,Hellbound: Season 2,hellbound,True,2024-11-03,2024-11-03,10,10.0,1
Oman,OM,Asia,Asia,Hierarchy: Limited Series,hierarchy,True,2024-06-09,2024-06-30,2,4.25,4
Oman,OM,Asia,Asia,Hometown Cha-Cha-Cha: Limited Series,hometown cha-cha-cha,True,2021-09-26,2021-10-31,2,5.5,6
Oman,OM,Asia,Asia,Juvenile Justice: Season 1,juvenile justice,True,2022-03-06,2022-03-06,5,5.0,1
Oman,OM,Asia,Asia,King the Land: Limited Series,king the land,True,2023-06-25,2023-08-13,1,5.125,8
Oman,OM,Asia,Asia,Kingdom,kingdom,True,2023-07-23,2025-09-21,3,5.5,4
Oman,OM,Asia,Asia,Little Women: Limited Series,little women,True,2022-09-18,2022-10-23,3,4.833333333333333,6
Oman,OM,Asia,Asia,Love Next Door: Limited Series,love next door,True,2024-08-25,2024-10-13,2,5.25,8
Oman,OM,Asia,Asia,Love to Hate You: Season 1,love to hate you,True,2023-02-19,2023-02-19,6,6.0,1
Oman,OM,Asia,Asia,Mask Girl: Limited Series,mask girl,True,2023-08-27,2023-09-03,3,5.0,2
Oman,OM,Asia,Asia,Miss Night and Day: Limited Series,miss night and day,True,2024-06-23,2024-08-11,2,3.5,8
Oman,OM,Asia,Asia,Mr. Plankton: Limited Series,mr. plankton,True,2024-11-17,2024-11-24,5,7.0,2
Oman,OM,Asia,Asia,My Demon: Limited Series,my demon,True,2023-11-26,2024-01-28,3,5.5,10
Oman,OM,Asia,Asia,Narco-Saints: Season 1,narco-saints,True,2022-09-18,2022-09-25,2,3.0,2
Oman,OM,Asia,Asia,Parasyte: The Grey: Limited Series,parasyte: the grey,True,2024-04-07,2024-04-28,1,4.5,4
Oman,OM,Asia,Asia,Physical: 100: Season 1,physical: 100,True,2023-02-05,2023-02-26,5,6.0,4
Oman,OM,Asia,Asia,Physical: 100: Season 2,physical: 100,True,2024-03-24,2024-04-07,4,6.333333333333333,3
Oman,OM,Asia,Asia,Queen of Tears: Limited Series,queen of tears,True,2024-03-17,2024-05-05,5,6.0,8
Oman,OM,Asia,Asia,Resident Playbook: Limited Series,resident playbook,True,2025-04-20,2025-05-11,8,9.0,2
Oman,OM,Asia,Asia,See You in My 19th Life: Limited Series,see you in my 19th life,True,2023-06-25,2023-07-02,8,8.5,2
Oman,OM,Asia,Asia,Single’s Inferno: Season 3,single's inferno,True,2023-12-17,2023-12-24,8,9.0,2Oman,OM,Asia,Asia,Single’s Inferno: Season 4,single's inferno,True,2025-01-19,2025-01-26,8,9.0,2
Oman,OM,Asia,Asia,Single’s Inferno: Season 5,single's inferno,True,2026-01-25,2026-02-08,5,5.666666666666667,3
Oman,OM,Asia,Asia,Squid Game: Season 1,squid game,True,2021-09-19,2025-07-13,1,3.3636363636363638,22
Oman,OM,Asia,Asia,Squid Game: Season 2,squid game,True,2024-12-29,2025-07-20,1,3.357142857142857,14
Oman,OM,Asia,Asia,Squid Game: Season 3,squid game,True,2025-06-29,2025-08-17,1,4.25,8
Oman,OM,Asia,Asia,Sweet Home: Season 1,sweet home,True,2023-12-10,2023-12-10,10,10.0,1
Oman,OM,Asia,Asia,Sweet Home: Season 2,sweet home,True,2023-12-10,2023-12-10,7,7.0,1
Oman,OM,Asia,Asia,Sweet Home: Season 3,sweet home,True,2024-07-28,2024-07-28,6,6.0,1
Oman,OM,Asia,Asia,The 8 Show: Limited Series,the 8 show,True,2024-05-26,2024-06-09,3,6.0,3
Oman,OM,Asia,Asia,The Bequeathed: Limited Series,the bequeathed,True,2024-01-28,2024-01-28,7,7.0,1
Oman,OM,Asia,Asia,The Frog: Limited Series,the frog,True,2024-09-01,2024-09-01,6,6.0,1
Oman,OM,Asia,Asia,The Glory: Season 1,the glory,True,2023-01-01,2023-04-23,1,4.545454545454546,11
Oman,OM,Asia,Asia,The Good Bad Mother: Limited Series,the good bad mother,True,2023-05-14,2023-06-18,4,6.333333333333333,6
Oman,OM,Asia,Asia,The Silent Sea: Season 1,the silent sea,True,2022-01-02,2022-01-02,5,5.0,1
Oman,OM,Asia,Asia,Tomorrow: Limited Series,tomorrow,True,2022-05-22,2022-05-22,7,7.0,1
Oman,OM,Asia,Asia,Twenty Five Twenty One: Limited Series,twenty five twenty one,True,2022-03-13,2022-04-10,3,4.2,5
Oman,OM,Asia,Asia,Under the Queen's Umbrella: Limited Series,under the queen's umbrella,True,2022-11-27,2022-12-11,4,6.666666666666667,3
Oman,OM,Asia,Asia,When the Phone Rings: Limited Series,when the phone rings,True,2024-11-24,2025-01-05,1,3.5714285714285716,7
Pakistan,PK,Asia,Asia,A Killer Paradox: Season 1,a killer paradox,True,2024-02-11,2024-03-03,1,5.5,4
Pakistan,PK,Asia,Asia,A Time Called You: Limited Series,a time called you,True,2023-09-17,2023-09-24,5,7.0,2
Pakistan,PK,Asia,Asia,All of Us Are Dead: Season 1,all of us are dead,True,2022-01-30,2023-05-21,1,5.125,24
Pakistan,PK,Asia,Asia,Bloodhounds: Season 1,bloodhounds,True,2023-06-11,2026-05-10,2,5.444444444444445,9
Pakistan,PK,Asia,Asia,Bloodhounds: Season 2,bloodhounds,True,2026-04-05,2026-05-10,2,3.1666666666666665,6
Pakistan,PK,Asia,Asia,Business Proposal: Limited Series,business proposal,True,2022-03-13,2022-12-18,2,7.166666666666667,18
Pakistan,PK,Asia,Asia,Celebrity: Limited Series,celebrity,True,2023-07-09,2023-07-30,2,4.75,4
Pakistan,PK,Asia,Asia,Doona!: Season 1,doona!,True,2023-10-29,2023-10-29,4,4.0,1
Pakistan,PK,Asia,Asia,Extraordinary Attorney Woo: Season 1,extraordinary attorney woo,True,2022-07-31,2022-08-21,5,7.75,4
Pakistan,PK,Asia,Asia,Gyeongseong Creature: Season 1,gyeongseong creature,True,2023-12-24,2024-10-13,2,5.0,7
Pakistan,PK,Asia,Asia,Gyeongseong Creature: Season 2,gyeongseong creature,True,2024-09-29,2024-10-20,2,4.0,4
Pakistan,PK,Asia,Asia,Hellbound: Season 1,hellbound,True,2021-11-21,2024-11-03,1,4.25,4
Pakistan,PK,Asia,Asia,Hellbound: Season 2,hellbound,True,2024-11-03,2024-11-03,4,4.0,1
Pakistan,PK,Asia,Asia,Hierarchy: Limited Series,hierarchy,True,2024-06-09,2024-07-14,1,3.5,6
Pakistan,PK,Asia,Asia,King the Land: Limited Series,king the land,True,2023-06-25,2023-09-10,3,5.166666666666667,12
Pakistan,PK,Asia,Asia,Kingdom,kingdom,True,2025-08-31,2025-09-21,3,3.25,4
Pakistan,PK,Asia,Asia,Little Women,little women,True,2022-05-01,2022-05-01,7,7.0,1
Pakistan,PK,Asia,Asia,Little Women: Limited Series,little women,True,2022-10-09,2022-10-16,8,8.5,2
Pakistan,PK,Asia,Asia,Love Next Door: Limited Series,love next door,True,2024-08-25,2024-10-13,3,6.25,8
Pakistan,PK,Asia,Asia,Love to Hate You: Season 1,love to hate you,True,2023-02-19,2023-02-19,8,8.0,1
Pakistan,PK,Asia,Asia,Mask Girl: Limited Series,mask girl,True,2023-08-27,2023-09-03,5,6.5,2
Pakistan,PK,Asia,Asia,Mr. Plankton: Limited Series,mr. plankton,True,2024-11-17,2024-12-08,3,5.75,4
Pakistan,PK,Asia,Asia,My Demon: Limited Series,my demon,True,2023-11-26,2024-07-14,4,6.75,16
Pakistan,PK,Asia,Asia,Narco-Saints: Season 1,narco-saints,True,2022-09-18,2022-09-25,1,2.5,2
Pakistan,PK,Asia,Asia,Parasyte: The Grey: Limited Series,parasyte: the grey,True,2024-04-07,2024-04-28,2,4.25,4
Pakistan,PK,Asia,Asia,Physical: 100: Season 2,physical: 100,True,2024-03-24,2024-03-24,10,10.0,1
Pakistan,PK,Asia,Asia,Queen of Tears: Limited Series,queen of tears,True,2024-03-17,2024-06-02,3,7.166666666666667,12
Pakistan,PK,Asia,Asia,Squid Game: Season 1,squid game,True,2021-09-19,2025-07-27,1,5.410256410256411,39
Pakistan,PK,Asia,Asia,Squid Game: Season 2,squid game,True,2024-12-29,2025-08-03,1,4.105263157894737,19
Pakistan,PK,Asia,Asia,Squid Game: Season 3,squid game,True,2025-06-29,2025-08-17,1,4.125,8
Pakistan,PK,Asia,Asia,Sweet Home: Season 1,sweet home,True,2023-12-10,2024-07-28,5,7.0,3
Pakistan,PK,Asia,Asia,Sweet Home: Season 2,sweet home,True,2023-12-03,2024-07-28,3,7.0,5
Pakistan,PK,Asia,Asia,Sweet Home: Season 3,sweet home,True,2024-07-21,2024-08-04,2,3.3333333333333335,3
Pakistan,PK,Asia,Asia,The 8 Show: Limited Series,the 8 show,True,2024-05-26,2025-01-12,2,5.5,4
Pakistan,PK,Asia,Asia,The Bequeathed: Limited Series,the bequeathed,True,2024-01-28,2024-01-28,8,8.0,1
Pakistan,PK,Asia,Asia,The Frog: Limited Series,the frog,True,2024-08-25,2024-09-08,2,6.333333333333333,3
Pakistan,PK,Asia,Asia,The Glory: Season 1,the glory,True,2023-01-08,2023-04-23,2,4.666666666666667,9
Pakistan,PK,Asia,Asia,The Good Bad Mother: Limited Series,the good bad mother,True,2023-06-11,2023-06-11,10,10.0,1
Pakistan,PK,Asia,Asia,The Silent Sea: Season 1,the silent sea,True,2022-01-02,2022-01-02,5,5.0,1
Pakistan,PK,Asia,Asia,Twenty Five Twenty One: Limited Series,twenty five twenty one,True,2022-03-20,2022-04-10,5,7.5,4
Pakistan,PK,Asia,Asia,Vincenzo: Season 1,vincenzo,True,2022-06-12,2023-06-11,4,7.288888888888889,45
Pakistan,PK,Asia,Asia,When the Phone Rings: Limited Series,when the phone rings,True,2024-12-01,2025-01-05,3,6.0,6
Panama,PA,Non-Asia,Latin America,A Killer Paradox: Season 1,a killer paradox,True,2024-02-18,2024-02-18,10,10.0,1
Panama,PA,Non-Asia,Latin America,Alchemy of Souls: Part 1,alchemy of souls,True,2022-10-02,2022-10-09,9,9.0,2
Panama,PA,Non-Asia,Latin America,Alchemy of Souls: Part 2,alchemy of souls,True,2023-02-12,2023-02-19,8,8.5,2
Panama,PA,Non-Asia,Latin America,All of Us Are Dead: Season 1,all of us are dead,True,2022-01-30,2022-03-06,2,4.833333333333333,6
Panama,PA,Non-Asia,Latin America,Bloodhounds: Season 1,bloodhounds,True,2023-06-11,2023-06-25,4,6.666666666666667,3
Panama,PA,Non-Asia,Latin America,Bloodhounds: Season 2,bloodhounds,True,2026-04-05,2026-04-12,6,8.0,2
Panama,PA,Non-Asia,Latin America,Business Proposal: Limited Series,business proposal,True,2022-04-17,2022-05-22,4,6.666666666666667,6
Panama,PA,Non-Asia,Latin America,Castaway Diva: Limited Series,castaway diva,True,2023-11-19,2023-11-26,5,7.5,2
Panama,PA,Non-Asia,Latin America,Celebrity: Limited Series,celebrity,True,2023-07-09,2023-07-09,4,4.0,1
Panama,PA,Non-Asia,Latin America,Culinary Class Wars: Season 1,culinary class wars,True,2024-09-29,2024-10-06,8,9.0,2
Panama,PA,Non-Asia,Latin America,Culinary Class Wars: Season 2,culinary class wars,True,2025-12-28,2025-12-28,9,9.0,1
Panama,PA,Non-Asia,Latin America,Daily Dose of Sunshine: Season 1,daily dose of sunshine,True,2023-11-12,2023-11-12,10,10.0,1
Panama,PA,Non-Asia,Latin America,Doctor Cha: Limited Series,doctor cha,True,2023-05-28,2023-06-25,6,8.2,5
Panama,PA,Non-Asia,Latin America,Doona!: Season 1,doona!,True,2023-10-29,2023-10-29,7,7.0,1
Panama,PA,Non-Asia,Latin America,Extraordinary Attorney Woo: Season 1,extraordinary attorney woo,True,2022-07-31,2022-09-25,1,4.888888888888889,9
Panama,PA,Non-Asia,Latin America,Forecasting Love and Weather: Limited Series,forecasting love and weather,True,2022-05-08,2022-05-08,10,10.0,1
Panama,PA,Non-Asia,Latin America,Gyeongseong Creature: Season 1,gyeongseong creature,True,2023-12-31,2023-12-31,6,6.0,1
Panama,PA,Non-Asia,Latin America,Hellbound: Season 1,hellbound,True,2021-11-21,2021-12-05,3,5.0,3
Panama,PA,Non-Asia,Latin America,Hierarchy,hierarchy,True,2026-03-01,2026-03-22,1,3.5,4
Panama,PA,Non-Asia,Latin America,Hierarchy: Limited Series,hierarchy,True,2024-06-09,2024-06-30,2,5.75,4
Panama,PA,Non-Asia,Latin America,Hometown Cha-Cha-Cha: Limited Series,hometown cha-cha-cha,True,2021-11-14,2021-12-05,7,8.25,4
Panama,PA,Non-Asia,Latin America,Juvenile Justice: Season 1,juvenile justice,True,2022-03-20,2022-04-03,6,6.666666666666667,3
Panama,PA,Non-Asia,Latin America,King the Land: Limited Series,king the land,True,2023-07-16,2023-09-03,1,3.857142857142857,7
Panama,PA,Non-Asia,Latin America,Little Women,little women,True,2023-03-05,2023-03-05,10,10.0,1
Panama,PA,Non-Asia,Latin America,Little Women: Limited Series,little women,True,2022-10-23,2022-11-13,8,8.0,3
Panama,PA,Non-Asia,Latin America,Love Next Door: Limited Series,love next door,True,2024-09-01,2024-10-20,4,6.375,8
Panama,PA,Non-Asia,Latin America,Love to Hate You: Season 1,love to hate you,True,2023-02-19,2023-02-19,8,8.0,1
Panama,PA,Non-Asia,Latin America,Mask Girl: Limited Series,mask girl,True,2023-08-27,2023-08-27,5,5.0,1
Panama,PA,Non-Asia,Latin America,Miss Night and Day: Limited Series,miss night and day,True,2024-07-21,2024-09-01,5,7.142857142857143,7
Panama,PA,Non-Asia,Latin America,Mr. Plankton: Limited Series,mr. plankton,True,2024-11-17,2024-11-17,8,8.0,1
Panama,PA,Non-Asia,Latin America,My Demon: Limited Series,my demon,True,2023-12-03,2024-01-28,3,5.444444444444445,9
Panama,PA,Non-Asia,Latin America,Narco-Saints: Season 1,narco-saints,True,2022-09-18,2022-09-25,2,4.5,2
Panama,PA,Non-Asia,Latin America,Parasyte: The Grey: Limited Series,parasyte: the grey,True,2024-04-07,2024-04-21,3,5.333333333333333,3
Panama,PA,Non-Asia,Latin America,Physical: 100: Season 1,physical: 100,True,2023-02-12,2023-02-26,6,7.333333333333333,3
Panama,PA,Non-Asia,Latin America,Physical: 100: Season 2,physical: 100,True,2024-03-24,2024-03-31,4,5.0,2
Panama,PA,Non-Asia,Latin America,Queen of Tears: Limited Series,queen of tears,True,2024-03-24,2024-05-19,3,5.333333333333333,9
Panama,PA,Non-Asia,Latin America,Remarriage & Desires: Season 1,remarriage & desires,True,2022-07-24,2022-07-24,9,9.0,1
Panama,PA,Non-Asia,Latin America,See You in My 19th Life: Limited Series,see you in my 19th life,True,2023-07-09,2023-07-09,10,10.0,1
Panama,PA,Non-Asia,Latin America,Single’s Inferno: Season 3,single's inferno,True,2023-12-24,2023-12-24,10,10.0,1
Panama,PA,Non-Asia,Latin America,Single’s Inferno: Season 5,single's inferno,True,2026-01-25,2026-01-25,9,9.0,1
Panama,PA,Non-Asia,Latin America,Squid Game: Season 1,squid game,True,2021-09-19,2025-07-06,1,3.3846153846153846,13
Panama,PA,Non-Asia,Latin America,Squid Game: Season 2,squid game,True,2024-12-29,2025-07-06,1,2.8333333333333335,6
Panama,PA,Non-Asia,Latin America,Squid Game: Season 3,squid game,True,2025-06-29,2025-07-27,1,3.4,5
Panama,PA,Non-Asia,Latin America,Sweet Home: Season 2,sweet home,True,2023-12-10,2023-12-10,10,10.0,1
Panama,PA,Non-Asia,Latin America,The Glory: Season 1,the glory,True,2023-01-08,2023-04-02,1,5.4,5
Panama,PA,Non-Asia,Latin America,When the Phone Rings: Limited Series,when the phone rings,True,2024-11-24,2025-01-05,1,4.428571428571429,7
Paraguay,PY,Non-Asia,Latin America,A Killer Paradox: Season 1,a killer paradox,True,2024-02-18,2024-02-18,9,9.0,1
Paraguay,PY,Non-Asia,Latin America,A Time Called You: Limited Series,a time called you,True,2023-09-17,2023-09-17,7,7.0,1
Paraguay,PY,Non-Asia,Latin America,All of Us Are Dead: Season 1,all of us are dead,True,2022-01-30,2022-03-06,2,4.0,6
Paraguay,PY,Non-Asia,Latin America,Bloodhounds: Season 1,bloodhounds,True,2023-06-11,2026-04-12,2,5.2,5
Paraguay,PY,Non-Asia,Latin America,Bloodhounds: Season 2,bloodhounds,True,2026-04-05,2026-04-19,3,4.0,3
Paraguay,PY,Non-Asia,Latin America,Business Proposal: Limited Series,business proposal,True,2022-04-24,2022-05-15,4,6.5,4
Paraguay,PY,Non-Asia,Latin America,Castaway Diva: Limited Series,castaway diva,True,2023-11-12,2023-11-26,6,7.666666666666667,3
Paraguay,PY,Non-Asia,Latin America,Celebrity: Limited Series,celebrity,True,2023-07-09,2023-07-16,3,5.5,2
Paraguay,PY,Non-Asia,Latin America,Doctor Cha: Limited Series,doctor cha,True,2023-06-04,2023-06-25,8,9.333333333333334,3
Paraguay,PY,Non-Asia,Latin America,Doona!: Season 1,doona!,True,2023-10-29,2023-10-29,5,5.0,1
Paraguay,PY,Non-Asia,Latin America,Extraordinary Attorney Woo: Season 1,extraordinary attorney woo,True,2022-07-31,2022-09-11,2,3.4285714285714284,7
Paraguay,PY,Non-Asia,Latin America,Gyeongseong Creature: Season 1,gyeongseong creature,True,2023-12-31,2023-12-31,7,7.0,1
Paraguay,PY,Non-Asia,Latin America,Hellbound: Season 1,hellbound,True,2021-11-21,2021-11-28,3,4.5,2
Paraguay,PY,Non-Asia,Latin America,Hierarchy,hierarchy,True,2026-03-01,2026-03-15,1,2.0,3
Paraguay,PY,Non-Asia,Latin America,Hierarchy: Limited Series,hierarchy,True,2024-06-09,2024-06-30,2,4.25,4
Paraguay,PY,Non-Asia,Latin America,Hometown Cha-Cha-Cha: Limited Series,hometown cha-cha-cha,True,2021-11-14,2021-12-12,7,7.8,5
Paraguay,PY,Non-Asia,Latin America,King the Land: Limited Series,king the land,True,2023-07-16,2023-09-10,1,4.555555555555555,9
Paraguay,PY,Non-Asia,Latin America,Little Women,little women,True,2023-02-26,2023-02-26,10,10.0,1
Paraguay,PY,Non-Asia,Latin America,Little Women: Limited Series,little women,True,2022-10-30,2022-11-13,10,10.0,2
Paraguay,PY,Non-Asia,Latin America,Love Next Door: Limited Series,love next door,True,2024-09-01,2024-10-20,4,6.375,8
Paraguay,PY,Non-Asia,Latin America,Love to Hate You: Season 1,love to hate you,True,2023-02-19,2023-02-19,8,8.0,1
Paraguay,PY,Non-Asia,Latin America,Mask Girl: Limited Series,mask girl,True,2023-08-27,2023-08-27,4,4.0,1
Paraguay,PY,Non-Asia,Latin America,Miss Night and Day: Limited Series,miss night and day,True,2024-07-21,2024-09-01,5,6.0,7
Paraguay,PY,Non-Asia,Latin America,Mr. Plankton: Limited Series,mr. plankton,True,2024-11-17,2024-11-24,7,8.0,2
Paraguay,PY,Non-Asia,Latin America,My Demon: Limited Series,my demon,True,2023-12-03,2024-02-04,3,5.6,10
Paraguay,PY,Non-Asia,Latin America,Narco-Saints: Season 1,narco-saints,True,2022-09-18,2022-09-25,4,7.0,2
Paraguay,PY,Non-Asia,Latin America,Parasyte: The Grey: Limited Series,parasyte: the grey,True,2024-04-07,2024-04-21,2,3.6666666666666665,3
Paraguay,PY,Non-Asia,Latin America,Physical: 100: Season 1,physical: 100,True,2023-02-19,2023-02-19,10,10.0,1
Paraguay,PY,Non-Asia,Latin America,Physical: 100: Season 2,physical: 100,True,2024-03-24,2024-03-24,5,5.0,1
Paraguay,PY,Non-Asia,Latin America,Queen of Tears: Limited Series,queen of tears,True,2024-03-24,2024-05-19,3,4.888888888888889,9
Paraguay,PY,Non-Asia,Latin America,See You in My 19th Life: Limited Series,see you in my 19th life,True,2023-07-02,2023-07-09,8,9.0,2
Paraguay,PY,Non-Asia,Latin America,Squid Game: Season 1,squid game,True,2021-09-19,2025-07-06,1,4.666666666666667,18
Paraguay,PY,Non-Asia,Latin America,Squid Game: Season 2,squid game,True,2024-12-29,2025-07-13,1,3.3,10
Paraguay,PY,Non-Asia,Latin America,Squid Game: Season 3,squid game,True,2025-06-29,2025-08-10,1,4.142857142857143,7
Paraguay,PY,Non-Asia,Latin America,The 8 Show: Limited Series,the 8 show,True,2024-05-26,2024-05-26,10,10.0,1
Paraguay,PY,Non-Asia,Latin America,The Frog: Limited Series,the frog,True,2024-09-01,2024-09-01,9,9.0,1
Paraguay,PY,Non-Asia,Latin America,The Glory: Season 1,the glory,True,2023-01-08,2023-04-02,1,5.2,5
Paraguay,PY,Non-Asia,Latin America,When the Phone Rings: Limited Series,when the phone rings,True,2024-11-24,2025-01-12,1,3.875,8
Peru,PE,Non-Asia,Latin America,A Killer Paradox: Season 1,a killer paradox,True,2024-02-18,2024-02-18,3,3.0,1
Peru,PE,Non-Asia,Latin America,A Time Called You: Limited Series,a time called you,True,2023-09-17,2023-09-24,3,5.0,2
Peru,PE,Non-Asia,Latin America,Alchemy of Souls: Part 1,alchemy of souls,True,2022-08-28,2023-01-29,6,7.166666666666667,6
Peru,PE,Non-Asia,Latin America,Alchemy of Souls: Part 2,alchemy of souls,True,2023-01-29,2023-02-19,4,6.0,4
Peru,PE,Non-Asia,Latin America,All of Us Are Dead: Season 1,all of us are dead,True,2022-01-30,2024-02-04,1,3.8181818181818183,11
Peru,PE,Non-Asia,Latin America,Behind Your Touch: Limited Series,behind your touch,True,2023-08-20,2023-10-01,5,8.0,5
Peru,PE,Non-Asia,Latin America,Bloodhounds: Season 1,bloodhounds,True,2023-06-11,2026-04-26,2,5.875,8
Peru,PE,Non-Asia,Latin America,Bloodhounds: Season 2,bloodhounds,True,2026-04-05,2026-04-26,2,3.25,4
Peru,PE,Non-Asia,Latin America,Business Proposal: Limited Series,business proposal,True,2022-04-17,2022-07-17,1,5.916666666666667,12
Peru,PE,Non-Asia,Latin America,Castaway Diva: Limited Series,castaway diva,True,2023-11-12,2023-12-03,2,5.0,4
Peru,PE,Non-Asia,Latin America,Celebrity: Limited Series,celebrity,True,2023-07-09,2023-07-16,1,2.5,2
Peru,PE,Non-Asia,Latin America,Daily Dose of Sunshine: Season 1,daily dose of sunshine,True,2023-11-12,2023-11-26,5,7.0,3
Peru,PE,Non-Asia,Latin America,Doctor Cha: Limited Series,doctor cha,True,2023-05-28,2023-07-09,4,4.857142857142857,7
Peru,PE,Non-Asia,Latin America,Doona!: Season 1,doona!,True,2023-10-22,2023-11-12,4,6.25,4
Peru,PE,Non-Asia,Latin America,Extraordinary Attorney Woo: Season 1,extraordinary attorney woo,True,2022-07-17,2022-10-30,1,3.75,16
Peru,PE,Non-Asia,Latin America,Forecasting Love and Weather: Limited Series,forecasting love and weather,True,2022-05-08,2022-05-15,8,9.0,2
Peru,PE,Non-Asia,Latin America,Gyeongseong Creature: Season 1,gyeongseong creature,True,2023-12-24,2023-12-31,5,7.5,2
Peru,PE,Non-Asia,Latin America,Hellbound: Season 1,hellbound,True,2021-11-21,2021-11-28,2,4.0,2
Peru,PE,Non-Asia,Latin America,Hierarchy,hierarchy,True,2026-03-01,2026-03-15,2,5.0,3
Peru,PE,Non-Asia,Latin America,Hierarchy: Limited Series,hierarchy,True,2024-06-09,2024-07-14,2,4.5,6
Peru,PE,Non-Asia,Latin America,Hometown Cha-Cha-Cha: Limited Series,hometown cha-cha-cha,True,2021-11-07,2021-12-19,4,6.0,7
Peru,PE,Non-Asia,Latin America,Juvenile Justice: Season 1,juvenile justice,True,2022-03-06,2022-03-20,6,6.0,3
Peru,PE,Non-Asia,Latin America,King the Land: Limited Series,king the land,True,2023-07-16,2023-11-05,1,4.166666666666667,12
Peru,PE,Non-Asia,Latin America,Kingdom,kingdom,True,2023-07-23,2023-07-23,6,6.0,1
Peru,PE,Non-Asia,Latin America,Little Women: Limited Series,little women,True,2022-10-23,2022-11-27,4,5.333333333333333,6
Peru,PE,Non-Asia,Latin America,Love Next Door: Limited Series,love next door,True,2024-09-01,2024-10-27,1,2.7777777777777777,9
Peru,PE,Non-Asia,Latin America,Love to Hate You: Season 1,love to hate you,True,2023-02-19,2023-02-19,6,6.0,1
Peru,PE,Non-Asia,Latin America,Mask Girl: Limited Series,mask girl,True,2023-08-20,2023-09-03,2,6.333333333333333,3
Peru,PE,Non-Asia,Latin America,Miss Night and Day: Limited Series,miss night and day,True,2024-07-14,2024-09-15,1,3.6,10
Peru,PE,Non-Asia,Latin America,Mr. Plankton: Limited Series,mr. plankton,True,2024-11-17,2024-12-01,5,6.666666666666667,3
Peru,PE,Non-Asia,Latin America,My Demon: Limited Series,my demon,True,2023-12-03,2024-02-04,1,3.1,10
Peru,PE,Non-Asia,Latin America,Narco-Saints: Season 1,narco-saints,True,2022-09-18,2022-09-18,6,6.0,1
Peru,PE,Non-Asia,Latin America,Our Beloved Summer: Limited Series,our beloved summer,True,2022-02-20,2022-02-20,9,9.0,1
Peru,PE,Non-Asia,Latin America,Parasyte: The Grey: Limited Series,parasyte: the grey,True,2024-04-07,2024-04-28,1,2.0,4
Peru,PE,Non-Asia,Latin America,Physical: 100: Season 1,physical: 100,True,2023-02-19,2023-02-19,9,9.0,1
Peru,PE,Non-Asia,Latin America,Physical: 100: Season 2,physical: 100,True,2024-03-24,2024-03-24,6,6.0,1
Peru,PE,Non-Asia,Latin America,Queen of Tears: Limited Series,queen of tears,True,2024-03-24,2024-06-02,1,3.8181818181818183,11
Peru,PE,Non-Asia,Latin America,Resident Playbook: Limited Series,resident playbook,True,2025-05-11,2025-05-11,9,9.0,1
Peru,PE,Non-Asia,Latin America,See You in My 19th Life: Limited Series,see you in my 19th life,True,2023-07-02,2023-07-30,5,5.8,5
Peru,PE,Non-Asia,Latin America,Single’s Inferno: Season 3,single's inferno,True,2023-12-17,2023-12-24,6,7.0,2
Peru,PE,Non-Asia,Latin America,Single’s Inferno: Season 5,single's inferno,True,2026-01-25,2026-02-01,6,7.0,2
Peru,PE,Non-Asia,Latin America,Squid Game: Season 1,squid game,True,2021-09-19,2025-07-13,1,4.190476190476191,21
Peru,PE,Non-Asia,Latin America,Squid Game: Season 2,squid game,True,2024-12-29,2025-07-27,1,3.75,16
Peru,PE,Non-Asia,Latin America,Squid Game: Season 3,squid game,True,2025-06-29,2025-08-17,1,3.125,8
Peru,PE,Non-Asia,Latin America,Sweet Home: Season 1,sweet home,True,2023-12-10,2024-07-28,8,9.0,2
Peru,PE,Non-Asia,Latin America,Sweet Home: Season 2,sweet home,True,2023-12-03,2023-12-17,2,5.666666666666667,3
Peru,PE,Non-Asia,Latin America,Sweet Home: Season 3,sweet home,True,2024-07-21,2024-08-04,4,6.0,3
Peru,PE,Non-Asia,Latin America,The 8 Show: Limited Series,the 8 show,True,2024-05-26,2024-05-26,5,5.0,1
Peru,PE,Non-Asia,Latin America,The Frog: Limited Series,the frog,True,2024-09-01,2024-09-01,8,8.0,1
Peru,PE,Non-Asia,Latin America,The Glory: Season 1,the glory,True,2023-01-08,2023-04-09,1,5.75,8
Peru,PE,Non-Asia,Latin America,The Good Bad Mother: Limited Series,the good bad mother,True,2023-05-28,2023-07-09,3,6.285714285714286,7
Peru,PE,Non-Asia,Latin America,The Silent Sea: Season 1,the silent sea,True,2022-01-02,2022-01-02,10,10.0,1
Peru,PE,Non-Asia,Latin America,Twenty Five Twenty One: Limited Series,twenty five twenty one,True,2022-04-03,2022-05-22,5,7.75,8
Peru,PE,Non-Asia,Latin America,Under the Queen's Umbrella: Limited Series,under the queen's umbrella,True,2022-12-04,2022-12-04,9,9.0,1
Peru,PE,Non-Asia,Latin America,When the Phone Rings: Limited Series,when the phone rings,True,2024-11-24,2025-01-12,1,3.125,8
Philippines,PH,Asia,Asia,A Killer Paradox: Season 1,a killer paradox,True,2024-02-11,2024-03-03,1,4.25,4
Philippines,PH,Asia,Asia,A Time Called You: Limited Series,a time called you,True,2023-09-10,2023-10-01,2,5.0,4
Philippines,PH,Asia,Asia,Alchemy of Souls: Part 1,alchemy of souls,True,2022-06-26,2023-02-05,2,4.875,24
Philippines,PH,Asia,Asia,Alchemy of Souls: Part 2,alchemy of souls,True,2022-12-11,2023-02-05,2,3.7777777777777777,9
Philippines,PH,Asia,Asia,All of Us Are Dead: Season 1,all of us are dead,True,2022-01-30,2025-01-05,1,4.909090909090909,11
Philippines,PH,Asia,Asia,Behind Your Touch: Limited Series,behind your touch,True,2023-08-20,2023-09-17,4,7.4,5
Philippines,PH,Asia,Asia,Bloodhounds: Season 1,bloodhounds,True,2023-06-11,2026-04-26,1,5.857142857142857,7
Philippines,PH,Asia,Asia,Bloodhounds: Season 2,bloodhounds,True,2026-04-05,2026-05-03,1,4.8,5
Philippines,PH,Asia,Asia,Business Proposal: Limited Series,business proposal,True,2022-03-06,2022-05-29,1,3.076923076923077,13
Philippines,PH,Asia,Asia,Café Minamdang: Limited Series,cafe minamdang,True,2022-08-21,2022-09-04,6,7.333333333333333,3
Philippines,PH,Asia,Asia,Castaway Diva: Limited Series,castaway diva,True,2023-11-05,2023-12-10,3,5.666666666666667,6
Philippines,PH,Asia,Asia,Celebrity: Limited Series,celebrity,True,2023-07-02,2023-07-23,2,3.75,4
Philippines,PH,Asia,Asia,Crash Landing on You: Limited Series,crash landing on you,True,2022-02-20,2023-04-02,8,9.2,5
Philippines,PH,Asia,Asia,Culinary Class Wars: Season 1,culinary class wars,True,2024-09-22,2024-10-27,4,5.666666666666667,6
Philippines,PH,Asia,Asia,Culinary Class Wars: Season 2,culinary class wars,True,2025-12-21,2025-12-28,6,7.0,2
Philippines,PH,Asia,Asia,D.P.: Season 1,d.p.,True,2021-08-29,2021-09-05,10,10.0,2
Philippines,PH,Asia,Asia,Daily Dose of Sunshine: Season 1,daily dose of sunshine,True,2023-11-12,2023-11-26,5,6.666666666666667,3
Philippines,PH,Asia,Asia,Doctor Cha: Limited Series,doctor cha,True,2023-04-23,2023-06-18,1,3.0,9
Philippines,PH,Asia,Asia,Doona!: Season 1,doona!,True,2023-10-22,2023-11-12,2,3.5,4
Philippines,PH,Asia,Asia,Extraordinary Attorney Woo: Season 1,extraordinary attorney woo,True,2022-07-10,2022-10-02,1,3.4615384615384617,13
Philippines,PH,Asia,Asia,Forecasting Love and Weather: Limited Series,forecasting love and weather,True,2022-02-20,2022-04-24,3,4.0,10
Philippines,PH,Asia,Asia,Gyeongseong Creature: Season 1,gyeongseong creature,True,2023-12-24,2024-10-13,1,5.0,9
Philippines,PH,Asia,Asia,Gyeongseong Creature: Season 2,gyeongseong creature,True,2024-09-29,2024-10-20,1,3.0,4
Philippines,PH,Asia,Asia,Hellbound: Season 1,hellbound,True,2021-11-21,2024-11-03,1,2.75,4
Philippines,PH,Asia,Asia,Hellbound: Season 2,hellbound,True,2024-11-03,2024-11-03,4,4.0,1
Philippines,PH,Asia,Asia,Hierarchy: Limited Series,hierarchy,True,2024-06-09,2024-07-07,1,3.8,5
Philippines,PH,Asia,Asia,Hometown Cha-Cha-Cha: Limited Series,hometown cha-cha-cha,True,2021-09-05,2021-12-26,1,3.411764705882353,17
Philippines,PH,Asia,Asia,Hospital Playlist: Season 2,hospital playlist,True,2021-07-04,2021-09-26,4,6.909090909090909,11
Philippines,PH,Asia,Asia,Juvenile Justice: Season 1,juvenile justice,True,2022-03-06,2022-03-20,5,5.333333333333333,3
Philippines,PH,Asia,Asia,King the Land: Limited Series,king the land,True,2023-06-18,2023-09-03,1,3.0833333333333335,12
Philippines,PH,Asia,Asia,Kingdom,kingdom,True,2023-07-23,2023-07-30,2,3.5,2
Philippines,PH,Asia,Asia,Kingdom: Season 1,kingdom,True,2021-08-01,2021-08-01,8,8.0,1
Philippines,PH,Asia,Asia,Little Women: Limited Series,little women,True,2022-09-11,2022-11-06,2,4.444444444444445,9
Philippines,PH,Asia,Asia,Love Next Door: Limited Series,love next door,True,2024-08-18,2024-10-27,1,4.181818181818182,11
Philippines,PH,Asia,Asia,Love to Hate You: Season 1,love to hate you,True,2023-02-12,2023-03-05,3,5.75,4
Philippines,PH,Asia,Asia,Mask Girl: Limited Series,mask girl,True,2023-08-20,2023-09-10,1,4.25,4
Philippines,PH,Asia,Asia,Miss Night and Day: Limited Series,miss night and day,True,2024-06-23,2024-08-18,1,3.888888888888889,9
Philippines,PH,Asia,Asia,Mr. Plankton: Limited Series,mr. plankton,True,2024-11-17,2024-12-01,3,5.0,3
Philippines,PH,Asia,Asia,My Demon: Limited Series,my demon,True,2023-11-26,2024-02-11,1,3.0833333333333335,12
Philippines,PH,Asia,Asia,My Liberation Notes: Limited Series,my liberation notes,True,2022-05-08,2022-06-05,5,6.8,5
Philippines,PH,Asia,Asia,Narco-Saints: Season 1,narco-saints,True,2022-09-18,2022-09-18,5,5.0,1
Philippines,PH,Asia,Asia,Our Beloved Summer: Limited Series,our beloved summer,True,2021-12-12,2022-02-13,2,3.7,10
Philippines,PH,Asia,Asia,Our Blues: Limited Series,our blues,True,2022-04-24,2022-06-19,3,7.875,8
Philippines,PH,Asia,Asia,Parasyte: The Grey: Limited Series,parasyte: the grey,True,2024-04-07,2024-05-12,1,3.8333333333333335,6
Philippines,PH,Asia,Asia,Physical: 100: Season 1,physical: 100,True,2023-01-29,2023-03-05,2,5.166666666666667,6
Philippines,PH,Asia,Asia,Physical: 100: Season 2,physical: 100,True,2024-03-24,2024-04-07,2,4.666666666666667,3
Philippines,PH,Asia,Asia,Queen of Tears: Limited Series,queen of tears,True,2024-03-10,2024-06-30,1,4.176470588235294,17
Philippines,PH,Asia,Asia,Remarriage & Desires: Season 1,remarriage & desires,True,2022-07-24,2022-07-24,7,7.0,1
Philippines,PH,Asia,Asia,Resident Playbook: Limited Series,resident playbook,True,2025-04-20,2025-05-25,1,4.666666666666667,6
Philippines,PH,Asia,Asia,See You in My 19th Life: Limited Series,see you in my 19th life,True,2023-06-25,2023-07-30,2,4.166666666666667,6
Philippines,PH,Asia,Asia,Single's Inferno Reunion: Limited Series,single's inferno reunion,True,2026-02-15,2026-02-22,3,4.5,2
Philippines,PH,Asia,Asia,Single’s Inferno: Season 1,single's inferno,True,2022-01-16,2022-01-16,9,9.0,1
Philippines,PH,Asia,Asia,Single’s Inferno: Season 2,single's inferno,True,2022-12-25,2023-01-15,3,7.25,4
Philippines,PH,Asia,Asia,Single’s Inferno: Season 3,single's inferno,True,2023-12-17,2024-01-14,3,6.0,5
Philippines,PH,Asia,Asia,Single’s Inferno: Season 4,single's inferno,True,2025-01-19,2025-02-09,5,7.25,4
Philippines,PH,Asia,Asia,Single’s Inferno: Season 5,single's inferno,True,2026-01-25,2026-02-15,2,4.25,4
Philippines,PH,Asia,Asia,Squid Game: Season 1,squid game,True,2021-09-19,2025-07-06,1,4.944444444444445,18
Philippines,PH,Asia,Asia,Squid Game: Season 2,squid game,True,2024-12-29,2025-07-13,1,3.6,10
Philippines,PH,Asia,Asia,Squid Game: Season 3,squid game,True,2025-06-29,2025-07-27,1,2.8,5
Philippines,PH,Asia,Asia,Sweet Home: Season 1,sweet home,True,2023-12-10,2024-08-04,6,8.0,4
Philippines,PH,Asia,Asia,Sweet Home: Season 2,sweet home,True,2023-12-03,2024-08-04,2,6.571428571428571,7
Philippines,PH,Asia,Asia,Sweet Home: Season 3,sweet home,True,2024-07-21,2024-08-11,1,2.75,4
Philippines,PH,Asia,Asia,The 8 Show: Limited Series,the 8 show,True,2024-05-19,2025-01-12,3,6.5,6
Philippines,PH,Asia,Asia,The Bequeathed: Limited Series,the bequeathed,True,2024-01-21,2024-01-28,4,5.5,2
Philippines,PH,Asia,Asia,The Frog: Limited Series,the frog,True,2024-08-25,2024-09-15,1,4.25,4
Philippines,PH,Asia,Asia,The Glory: Season 1,the glory,True,2023-01-01,2023-04-30,1,4.470588235294118,17
Philippines,PH,Asia,Asia,The Good Bad Mother: Limited Series,the good bad mother,True,2023-05-07,2023-06-25,1,3.5,8
Philippines,PH,Asia,Asia,The Silent Sea: Season 1,the silent sea,True,2021-12-26,2022-01-09,1,5.0,3
Philippines,PH,Asia,Asia,Thirty-Nine: Limited Series,thirty-nine,True,2022-02-20,2022-04-17,5,6.555555555555555,9
Philippines,PH,Asia,Asia,Tomorrow: Limited Series,tomorrow,True,2022-04-10,2022-06-12,2,5.2,10
Philippines,PH,Asia,Asia,Twenty Five Twenty One: Limited Series,twenty five twenty one,True,2022-02-20,2022-05-15,2,3.5384615384615383,13
Philippines,PH,Asia,Asia,Under the Queen's Umbrella: Limited Series,under the queen's umbrella,True,2022-11-06,2022-12-18,2,3.4285714285714284,7
Philippines,PH,Asia,Asia,Vincenzo: Season 1,vincenzo,True,2021-07-04,2021-08-08,3,6.8,5
Philippines,PH,Asia,Asia,When the Phone Rings: Limited Series,when the phone rings,True,2024-11-24,2025-01-19,1,3.111111111111111,9
Poland,PL,Non-Asia,Europe,All of Us Are Dead: Season 1,all of us are dead,True,2022-01-30,2022-02-20,1,3.25,4
Poland,PL,Non-Asia,Europe,Bloodhounds: Season 1,bloodhounds,True,2023-06-18,2023-06-18,7,7.0,1
Poland,PL,Non-Asia,Europe,Bloodhounds: Season 2,bloodhounds,True,2026-04-05,2026-04-12,6,7.5,2
Poland,PL,Non-Asia,Europe,Hellbound: Season 1,hellbound,True,2021-11-21,2021-11-28,1,2.5,2
Poland,PL,Non-Asia,Europe,Little Women,little women,True,2021-10-10,2021-10-17,8,8.5,2
Poland,PL,Non-Asia,Europe,Mask Girl: Limited Series,mask girl,True,2023-08-27,2023-08-27,8,8.0,1
Poland,PL,Non-Asia,Europe,My Demon: Limited Series,my demon,True,2023-11-26,2023-11-26,10,10.0,1
Poland,PL,Non-Asia,Europe,Parasyte: The Grey: Limited Series,parasyte: the grey,True,2024-04-14,2024-04-14,6,6.0,1
Poland,PL,Non-Asia,Europe,Physical: 100: Season 1,physical: 100,True,2023-02-12,2023-02-19,5,5.5,2
Poland,PL,Non-Asia,Europe,Physical: 100: Season 2,physical: 100,True,2024-03-24,2024-03-24,7,7.0,1
Poland,PL,Non-Asia,Europe,Remarriage & Desires: Season 1,remarriage & desires,True,2022-07-24,2022-07-24,8,8.0,1
Poland,PL,Non-Asia,Europe,Squid Game: Season 1,squid game,True,2021-09-19,2025-07-06,1,4.0,17
Poland,PL,Non-Asia,Europe,Squid Game: Season 2,squid game,True,2024-12-29,2025-07-06,1,4.714285714285714,7
Poland,PL,Non-Asia,Europe,Squid Game: Season 3,squid game,True,2025-06-29,2025-07-27,1,2.8,5
Poland,PL,Non-Asia,Europe,The 8 Show: Limited Series,the 8 show,True,2024-05-26,2024-05-26,9,9.0,1
Poland,PL,Non-Asia,Europe,The Bequeathed: Limited Series,the bequeathed,True,2024-01-28,2024-01-28,10,10.0,1
Poland,PL,Non-Asia,Europe,The Glory: Season 1,the glory,True,2023-01-08,2023-03-26,1,5.25,4
Poland,PL,Non-Asia,Europe,The Silent Sea: Season 1,the silent sea,True,2021-12-26,2022-01-02,6,8.0,2
Portugal,PT,Non-Asia,Europe,Alchemy of Souls: Part 2,alchemy of souls,True,2023-02-12,2023-02-12,8,8.0,1
Portugal,PT,Non-Asia,Europe,All of Us Are Dead: Season 1,all of us are dead,True,2022-01-30,2022-02-27,2,6.0,5
Portugal,PT,Non-Asia,Europe,Bloodhounds: Season 1,bloodhounds,True,2023-06-18,2023-06-25,5,6.5,2
Portugal,PT,Non-Asia,Europe,Bloodhounds: Season 2,bloodhounds,True,2026-04-05,2026-04-12,4,5.0,2
Portugal,PT,Non-Asia,Europe,Business Proposal: Limited Series,business proposal,True,2022-05-01,2022-05-01,10,10.0,1
Portugal,PT,Non-Asia,Europe,Celebrity: Limited Series,celebrity,True,2023-07-09,2023-07-09,10,10.0,1
Portugal,PT,Non-Asia,Europe,Extraordinary Attorney Woo: Season 1,extraordinary attorney woo,True,2022-08-21,2022-09-04,5,6.0,3
Portugal,PT,Non-Asia,Europe,Gyeongseong Creature: Season 1,gyeongseong creature,True,2023-12-31,2023-12-31,9,9.0,1
Portugal,PT,Non-Asia,Europe,Hellbound: Season 1,hellbound,True,2021-11-28,2021-11-28,5,5.0,1
Portugal,PT,Non-Asia,Europe,Hierarchy: Limited Series,hierarchy,True,2024-06-09,2024-06-16,7,8.0,2
Portugal,PT,Non-Asia,Europe,King the Land: Limited Series,king the land,True,2023-06-25,2023-07-23,8,8.5,2
Portugal,PT,Non-Asia,Europe,Little Women,little women,True,2021-10-10,2021-10-17,5,5.5,2
Portugal,PT,Non-Asia,Europe,Love Next Door: Limited Series,love next door,True,2024-08-25,2024-09-08,7,8.5,2
Portugal,PT,Non-Asia,Europe,Love to Hate You: Season 1,love to hate you,True,2023-02-19,2023-02-19,8,8.0,1
Portugal,PT,Non-Asia,Europe,Mask Girl: Limited Series,mask girl,True,2023-08-27,2023-08-27,10,10.0,1
Portugal,PT,Non-Asia,Europe,My Demon: Limited Series,my demon,True,2023-11-26,2023-12-10,6,7.333333333333333,3
Portugal,PT,Non-Asia,Europe,Narco-Saints: Season 1,narco-saints,True,2022-09-18,2022-09-18,8,8.0,1
Portugal,PT,Non-Asia,Europe,Parasyte: The Grey: Limited Series,parasyte: the grey,True,2024-04-07,2024-04-14,7,8.5,2
Portugal,PT,Non-Asia,Europe,Physical: 100: Season 1,physical: 100,True,2023-02-05,2023-02-26,2,3.75,4
Portugal,PT,Non-Asia,Europe,Physical: 100: Season 2,physical: 100,True,2024-03-24,2024-04-07,4,5.666666666666667,3
Portugal,PT,Non-Asia,Europe,Single’s Inferno: Season 5,single's inferno,True,2026-01-25,2026-01-25,8,8.0,1
Portugal,PT,Non-Asia,Europe,Squid Game: Season 1,squid game,True,2021-09-19,2025-07-06,1,4.0,14
Portugal,PT,Non-Asia,Europe,Squid Game: Season 2,squid game,True,2024-12-29,2025-07-13,1,4.125,8
Portugal,PT,Non-Asia,Europe,Squid Game: Season 3,squid game,True,2025-06-29,2025-08-10,1,3.2857142857142856,7
Portugal,PT,Non-Asia,Europe,The 8 Show: Limited Series,the 8 show,True,2024-05-26,2024-05-26,7,7.0,1
Portugal,PT,Non-Asia,Europe,The Glory: Season 1,the glory,True,2023-03-12,2023-03-19,3,6.0,2
Portugal,PT,Non-Asia,Europe,The Silent Sea: Season 1,the silent sea,True,2022-01-02,2022-01-02,10,10.0,1
Portugal,PT,Non-Asia,Europe,When the Phone Rings: Limited Series,when the phone rings,True,2024-12-01,2025-01-05,5,6.833333333333333,6
Qatar,QA,Asia,Asia,A Killer Paradox: Season 1,a killer paradox,True,2024-02-11,2024-02-18,3,4.0,2
Qatar,QA,Asia,Asia,A Time Called You: Limited Series,a time called you,True,2023-09-17,2023-09-17,5,5.0,1
Qatar,QA,Asia,Asia,Alchemy of Souls: Part 1,alchemy of souls,True,2022-07-03,2022-12-25,1,4.615384615384615,13
Qatar,QA,Asia,Asia,Alchemy of Souls: Part 2,alchemy of souls,True,2022-12-18,2023-01-15,4,5.0,5
Qatar,QA,Asia,Asia,All of Us Are Dead: Season 1,all of us are dead,True,2022-01-30,2022-03-06,1,2.6666666666666665,6
Qatar,QA,Asia,Asia,Behind Your Touch: Limited Series,behind your touch,True,2023-08-20,2023-08-20,5,5.0,1
Qatar,QA,Asia,Asia,Bloodhounds: Season 1,bloodhounds,True,2023-06-11,2026-04-19,2,6.833333333333333,6
Qatar,QA,Asia,Asia,Bloodhounds: Season 2,bloodhounds,True,2026-04-05,2026-04-19,2,3.0,3
Qatar,QA,Asia,Asia,Business Proposal: Limited Series,business proposal,True,2022-03-13,2022-05-22,1,3.8181818181818183,11
Qatar,QA,Asia,Asia,Castaway Diva: Limited Series,castaway diva,True,2023-11-05,2023-11-26,5,8.0,3
Qatar,QA,Asia,Asia,Celebrity: Limited Series,celebrity,True,2023-07-02,2023-07-16,2,5.333333333333333,3
Qatar,QA,Asia,Asia,Culinary Class Wars: Season 1,culinary class wars,True,2024-09-22,2024-10-13,5,6.25,4
Qatar,QA,Asia,Asia,Culinary Class Wars: Season 2,culinary class wars,True,2025-12-21,2025-12-28,8,8.0,2
Qatar,QA,Asia,Asia,Daily Dose of Sunshine: Season 1,daily dose of sunshine,True,2023-11-12,2023-11-12,7,7.0,1
Qatar,QA,Asia,Asia,Doctor Cha: Limited Series,doctor cha,True,2023-04-30,2023-06-11,2,4.0,7
Qatar,QA,Asia,Asia,Doona!: Season 1,doona!,True,2023-10-22,2023-10-29,2,4.5,2
Qatar,QA,Asia,Asia,Extraordinary Attorney Woo: Season 1,extraordinary attorney woo,True,2022-07-10,2022-09-11,1,4.4,10
Qatar,QA,Asia,Asia,Forecasting Love and Weather: Limited Series,forecasting love and weather,True,2022-03-13,2022-04-10,5,6.8,5
Qatar,QA,Asia,Asia,Gyeongseong Creature: Season 1,gyeongseong creature,True,2023-12-24,2024-01-21,2,5.0,5
Qatar,QA,Asia,Asia,Gyeongseong Creature: Season 2,gyeongseong creature,True,2024-09-29,2024-10-13,3,5.0,3
Qatar,QA,Asia,Asia,Hellbound: Season 1,hellbound,True,2021-11-21,2021-12-05,1,1.6666666666666667,3
Qatar,QA,Asia,Asia,Hellbound: Season 2,hellbound,True,2024-11-03,2024-11-03,9,9.0,1
Qatar,QA,Asia,Asia,Hierarchy: Limited Series,hierarchy,True,2024-06-09,2024-06-30,2,3.75,4
Qatar,QA,Asia,Asia,Hometown Cha-Cha-Cha: Limited Series,hometown cha-cha-cha,True,2021-09-05,2021-11-21,2,5.0,12
Qatar,QA,Asia,Asia,Juvenile Justice: Season 1,juvenile justice,True,2022-03-06,2022-03-13,5,6.5,2
Qatar,QA,Asia,Asia,King the Land: Limited Series,king the land,True,2023-06-18,2023-08-20,1,3.7,10
Qatar,QA,Asia,Asia,Kingdom,kingdom,True,2023-07-23,2025-09-21,2,5.0,3
Qatar,QA,Asia,Asia,Little Women: Limited Series,little women,True,2022-09-18,2022-10-23,3,4.833333333333333,6
Qatar,QA,Asia,Asia,Love Next Door: Limited Series,love next door,True,2024-08-18,2024-10-06,2,5.375,8
Qatar,QA,Asia,Asia,Love to Hate You: Season 1,love to hate you,True,2023-02-19,2023-02-26,6,8.0,2
Qatar,QA,Asia,Asia,Mask Girl: Limited Series,mask girl,True,2023-08-20,2023-09-03,3,6.0,3
Qatar,QA,Asia,Asia,Miss Night and Day: Limited Series,miss night and day,True,2024-06-23,2024-08-11,2,4.0,8
Qatar,QA,Asia,Asia,Mr. Plankton: Limited Series,mr. plankton,True,2024-11-17,2024-11-24,4,6.0,2
Qatar,QA,Asia,Asia,My Demon: Limited Series,my demon,True,2023-11-26,2024-01-28,3,5.1,10
Qatar,QA,Asia,Asia,My Liberation Notes: Limited Series,my liberation notes,True,2022-05-29,2022-06-05,8,8.0,2
Qatar,QA,Asia,Asia,Narco-Saints: Season 1,narco-saints,True,2022-09-18,2022-09-25,2,3.5,2
Qatar,QA,Asia,Asia,Our Beloved Summer: Limited Series,our beloved summer,True,2022-01-16,2022-01-30,5,5.666666666666667,3
Qatar,QA,Asia,Asia,Our Blues: Limited Series,our blues,True,2022-06-05,2022-06-12,9,9.0,2
Qatar,QA,Asia,Asia,Parasyte: The Grey: Limited Series,parasyte: the grey,True,2024-04-07,2024-04-28,1,3.5,4
Qatar,QA,Asia,Asia,Physical: 100: Season 1,physical: 100,True,2023-01-29,2023-02-26,2,4.4,5
Qatar,QA,Asia,Asia,Physical: 100: Season 2,physical: 100,True,2024-03-24,2024-04-07,4,6.333333333333333,3
Qatar,QA,Asia,Asia,Queen of Tears: Limited Series,queen of tears,True,2024-03-10,2024-05-19,2,4.454545454545454,11
Qatar,QA,Asia,Asia,Remarriage & Desires: Season 1,remarriage & desires,True,2022-07-24,2022-07-24,8,8.0,1
Qatar,QA,Asia,Asia,Resident Playbook: Limited Series,resident playbook,True,2025-04-20,2025-05-11,7,8.0,2
Qatar,QA,Asia,Asia,See You in My 19th Life: Limited Series,see you in my 19th life,True,2023-06-25,2023-07-09,5,6.333333333333333,3
Qatar,QA,Asia,Asia,Single's Inferno Reunion: Limited Series,single's inferno reunion,True,2026-02-15,2026-02-15,9,9.0,1
Qatar,QA,Asia,Asia,Single’s Inferno: Season 1,single's inferno,True,2022-01-02,2022-01-16,6,7.0,3
Qatar,QA,Asia,Asia,Single’s Inferno: Season 2,single's inferno,True,2023-01-01,2023-01-15,9,9.666666666666666,3
Qatar,QA,Asia,Asia,Single’s Inferno: Season 3,single's inferno,True,2023-12-17,2023-12-31,6,7.333333333333333,3
Qatar,QA,Asia,Asia,Single’s Inferno: Season 4,single's inferno,True,2025-01-19,2025-01-26,7,7.0,2
Qatar,QA,Asia,Asia,Single’s Inferno: Season 5,single's inferno,True,2026-01-25,2026-02-08,5,6.0,3
Qatar,QA,Asia,Asia,Squid Game: Season 1,squid game,True,2021-09-19,2025-07-13,1,4.090909090909091,22
Qatar,QA,Asia,Asia,Squid Game: Season 2,squid game,True,2024-12-29,2025-07-20,1,3.0,11
Qatar,QA,Asia,Asia,Squid Game: Season 3,squid game,True,2025-06-29,2025-08-10,1,3.5714285714285716,7
Qatar,QA,Asia,Asia,Sweet Home: Season 2,sweet home,True,2023-12-03,2023-12-10,4,6.5,2
Qatar,QA,Asia,Asia,Sweet Home: Season 3,sweet home,True,2024-07-21,2024-07-28,6,7.0,2
Qatar,QA,Asia,Asia,The 8 Show: Limited Series,the 8 show,True,2024-05-26,2024-06-02,3,4.0,2
Qatar,QA,Asia,Asia,The Bequeathed: Limited Series,the bequeathed,True,2024-01-21,2024-01-28,6,8.0,2
Qatar,QA,Asia,Asia,The Frog: Limited Series,the frog,True,2024-08-25,2024-09-01,5,5.0,2
Qatar,QA,Asia,Asia,The Glory: Season 1,the glory,True,2023-01-01,2023-04-16,1,3.4,10
Qatar,QA,Asia,Asia,The Good Bad Mother: Limited Series,the good bad mother,True,2023-05-07,2023-06-11,4,6.0,6
Qatar,QA,Asia,Asia,The Silent Sea: Season 1,the silent sea,True,2021-12-26,2022-01-09,3,6.0,3
Qatar,QA,Asia,Asia,Thirty-Nine: Limited Series,thirty-nine,True,2022-02-27,2022-04-10,6,8.6,5
Qatar,QA,Asia,Asia,Tomorrow: Limited Series,tomorrow,True,2022-05-01,2022-06-05,3,6.833333333333333,6
Qatar,QA,Asia,Asia,Twenty Five Twenty One: Limited Series,twenty five twenty one,True,2022-02-27,2022-05-01,3,6.1,10
Qatar,QA,Asia,Asia,Under the Queen's Umbrella: Limited Series,under the queen's umbrella,True,2022-11-20,2022-12-11,3,4.75,4
Qatar,QA,Asia,Asia,When the Phone Rings: Limited Series,when the phone rings,True,2024-11-24,2025-01-12,1,3.5,8
Romania,RO,Non-Asia,Europe,Alchemy of Souls: Part 1,alchemy of souls,True,2022-09-04,2022-10-16,6,8.2,5
Romania,RO,Non-Asia,Europe,Alchemy of Souls: Part 2,alchemy of souls,True,2023-02-05,2023-02-19,6,7.333333333333333,3
Romania,RO,Non-Asia,Europe,All of Us Are Dead: Season 1,all of us are dead,True,2022-01-30,2022-02-20,3,5.25,4
Romania,RO,Non-Asia,Europe,Bloodhounds: Season 1,bloodhounds,True,2023-06-18,2026-04-12,4,7.333333333333333,3
Romania,RO,Non-Asia,Europe,Bloodhounds: Season 2,bloodhounds,True,2026-04-05,2026-04-12,4,5.0,2
Romania,RO,Non-Asia,Europe,Doona!: Season 1,doona!,True,2023-10-29,2023-10-29,10,10.0,1
Romania,RO,Non-Asia,Europe,Extraordinary Attorney Woo: Season 1,extraordinary attorney woo,True,2022-08-07,2022-09-04,10,10.0,2
Romania,RO,Non-Asia,Europe,Gyeongseong Creature: Season 1,gyeongseong creature,True,2023-12-31,2023-12-31,5,5.0,1
Romania,RO,Non-Asia,Europe,Hellbound: Season 1,hellbound,True,2021-11-21,2021-11-28,3,4.0,2
Romania,RO,Non-Asia,Europe,Hierarchy: Limited Series,hierarchy,True,2024-06-09,2024-06-16,5,6.5,2
Romania,RO,Non-Asia,Europe,King the Land: Limited Series,king the land,True,2023-06-25,2023-08-13,3,6.375,8
Romania,RO,Non-Asia,Europe,Kingdom,kingdom,True,2023-07-23,2023-07-30,5,7.0,2
Romania,RO,Non-Asia,Europe,Little Women,little women,True,2022-04-03,2022-04-03,2,2.0,1
Romania,RO,Non-Asia,Europe,Love Next Door: Limited Series,love next door,True,2024-08-25,2024-09-01,7,8.0,2
Romania,RO,Non-Asia,Europe,Love to Hate You: Season 1,love to hate you,True,2023-02-12,2023-02-19,4,5.5,2
Romania,RO,Non-Asia,Europe,Mask Girl: Limited Series,mask girl,True,2023-08-27,2023-08-27,10,10.0,1
Romania,RO,Non-Asia,Europe,My Demon: Limited Series,my demon,True,2023-11-26,2023-12-31,5,7.166666666666667,6
Romania,RO,Non-Asia,Europe,Narco-Saints: Season 1,narco-saints,True,2022-09-18,2022-09-18,5,5.0,1
Romania,RO,Non-Asia,Europe,Parasyte: The Grey: Limited Series,parasyte: the grey,True,2024-04-07,2024-04-14,6,7.5,2
Romania,RO,Non-Asia,Europe,Physical: 100: Season 1,physical: 100,True,2023-02-12,2023-02-26,2,4.0,3
Romania,RO,Non-Asia,Europe,Physical: 100: Season 2,physical: 100,True,2024-03-24,2024-03-31,6,8.0,2
Romania,RO,Non-Asia,Europe,Queen of Tears: Limited Series,queen of tears,True,2024-03-31,2024-03-31,9,9.0,1
Romania,RO,Non-Asia,Europe,Remarriage & Desires: Season 1,remarriage & desires,True,2022-07-24,2022-07-24,8,8.0,1
Romania,RO,Non-Asia,Europe,Squid Game: Season 1,squid game,True,2021-09-19,2025-07-06,1,4.7272727272727275,22
Romania,RO,Non-Asia,Europe,Squid Game: Season 2,squid game,True,2024-12-29,2025-07-13,1,5.4,10
Romania,RO,Non-Asia,Europe,Squid Game: Season 3,squid game,True,2025-06-29,2025-08-10,1,4.0,7
Romania,RO,Non-Asia,Europe,The Bequeathed: Limited Series,the bequeathed,True,2024-01-28,2024-01-28,10,10.0,1
Romania,RO,Non-Asia,Europe,The Glory: Season 1,the glory,True,2023-03-12,2023-03-19,3,4.5,2
Romania,RO,Non-Asia,Europe,The Silent Sea: Season 1,the silent sea,True,2021-12-26,2022-01-02,5,7.5,2
Romania,RO,Non-Asia,Europe,When the Phone Rings: Limited Series,when the phone rings,True,2024-11-24,2025-01-05,5,8.142857142857142,7
Russia,RU,Non-Asia,Europe,All of Us Are Dead: Season 1,all of us are dead,True,2022-01-30,2022-02-20,1,4.5,4
Russia,RU,Non-Asia,Europe,Hellbound: Season 1,hellbound,True,2021-11-28,2021-12-05,3,6.5,2
Russia,RU,Non-Asia,Europe,Squid Game: Season 1,squid game,True,2021-09-26,2022-02-27,1,4.0,19
Russia,RU,Non-Asia,Europe,The Silent Sea: Season 1,the silent sea,True,2022-01-02,2022-01-02,9,9.0,1
Réunion,RE,Non-Asia,Africa,A Killer Paradox: Season 1,a killer paradox,True,2024-02-18,2024-02-18,5,5.0,1
Réunion,RE,Non-Asia,Africa,All of Us Are Dead: Season 1,all of us are dead,True,2022-01-30,2022-03-06,1,3.5,6
Réunion,RE,Non-Asia,Africa,Bloodhounds: Season 1,bloodhounds,True,2023-06-11,2026-04-12,1,3.8333333333333335,6
Réunion,RE,Non-Asia,Africa,Bloodhounds: Season 2,bloodhounds,True,2026-04-05,2026-04-19,3,4.333333333333333,3
Réunion,RE,Non-Asia,Africa,Business Proposal: Limited Series,business proposal,True,2022-05-08,2022-05-15,7,8.0,2
Réunion,RE,Non-Asia,Africa,Celebrity: Limited Series,celebrity,True,2023-07-09,2023-07-16,4,6.5,2
Réunion,RE,Non-Asia,Africa,Culinary Class Wars: Season 1,culinary class wars,True,2024-09-22,2024-09-29,6,6.5,2
Réunion,RE,Non-Asia,Africa,Doona!: Season 1,doona!,True,2023-10-29,2023-10-29,8,8.0,1
Réunion,RE,Non-Asia,Africa,Gyeongseong Creature: Season 1,gyeongseong creature,True,2023-12-24,2023-12-31,3,6.5,2
Réunion,RE,Non-Asia,Africa,Gyeongseong Creature: Season 2,gyeongseong creature,True,2024-10-06,2024-10-06,6,6.0,1
Réunion,RE,Non-Asia,Africa,Hellbound: Season 1,hellbound,True,2021-11-21,2021-12-05,1,3.6666666666666665,3
Réunion,RE,Non-Asia,Africa,Hierarchy: Limited Series,hierarchy,True,2024-06-09,2024-06-23,2,6.0,3
Réunion,RE,Non-Asia,Africa,Juvenile Justice: Season 1,juvenile justice,True,2022-03-06,2022-03-06,6,6.0,1
Réunion,RE,Non-Asia,Africa,King the Land: Limited Series,king the land,True,2023-06-25,2023-06-25,10,10.0,1
Réunion,RE,Non-Asia,Africa,Little Women,little women,True,2023-05-28,2023-05-28,7,7.0,1
Réunion,RE,Non-Asia,Africa,Love Next Door: Limited Series,love next door,True,2024-08-25,2024-08-25,9,9.0,1
Réunion,RE,Non-Asia,Africa,Love to Hate You: Season 1,love to hate you,True,2023-02-19,2023-02-19,5,5.0,1
Réunion,RE,Non-Asia,Africa,Mask Girl: Limited Series,mask girl,True,2023-08-27,2023-09-03,5,6.5,2
Réunion,RE,Non-Asia,Africa,My Demon: Limited Series,my demon,True,2023-11-26,2023-12-17,6,7.75,4
Réunion,RE,Non-Asia,Africa,Narco-Saints: Season 1,narco-saints,True,2022-09-18,2022-09-25,4,7.0,2
Réunion,RE,Non-Asia,Africa,Parasyte: The Grey: Limited Series,parasyte: the grey,True,2024-04-07,2024-04-21,1,2.6666666666666665,3
Réunion,RE,Non-Asia,Africa,Physical: 100: Season 1,physical: 100,True,2023-01-29,2023-03-05,2,5.0,6
Réunion,RE,Non-Asia,Africa,Physical: 100: Season 2,physical: 100,True,2024-03-24,2024-04-07,3,5.666666666666667,3
Réunion,RE,Non-Asia,Africa,Remarriage & Desires: Season 1,remarriage & desires,True,2022-07-24,2022-07-31,7,8.0,2
Réunion,RE,Non-Asia,Africa,Single’s Inferno: Season 3,single's inferno,True,2023-12-17,2023-12-17,9,9.0,1
Réunion,RE,Non-Asia,Africa,Squid Game: Season 1,squid game,True,2021-09-19,2025-07-06,1,3.642857142857143,14
Réunion,RE,Non-Asia,Africa,Squid Game: Season 2,squid game,True,2024-12-29,2025-07-06,1,3.1666666666666665,6
Réunion,RE,Non-Asia,Africa,Squid Game: Season 3,squid game,True,2025-06-29,2025-07-27,1,3.0,5
Réunion,RE,Non-Asia,Africa,Sweet Home: Season 1,sweet home,True,2023-12-10,2023-12-10,10,10.0,1
Réunion,RE,Non-Asia,Africa,Sweet Home: Season 2,sweet home,True,2023-12-10,2023-12-10,6,6.0,1
Réunion,RE,Non-Asia,Africa,Sweet Home: Season 3,sweet home,True,2024-07-28,2024-07-28,10,10.0,1
Réunion,RE,Non-Asia,Africa,The 8 Show: Limited Series,the 8 show,True,2024-05-26,2024-05-26,2,2.0,1
Réunion,RE,Non-Asia,Africa,The Bequeathed: Limited Series,the bequeathed,True,2024-01-28,2024-01-28,7,7.0,1
Réunion,RE,Non-Asia,Africa,The Frog: Limited Series,the frog,True,2024-09-01,2024-09-01,7,7.0,1
Réunion,RE,Non-Asia,Africa,The Glory: Season 1,the glory,True,2023-01-08,2023-04-16,1,5.333333333333333,9
Réunion,RE,Non-Asia,Africa,The Silent Sea: Season 1,the silent sea,True,2022-01-02,2022-01-02,5,5.0,1
Saudi Arabia,SA,Asia,Asia,A Killer Paradox: Season 1,a killer paradox,True,2024-02-11,2024-02-25,3,6.666666666666667,3
Saudi Arabia,SA,Asia,Asia,A Time Called You: Limited Series,a time called you,True,2023-09-17,2023-09-17,7,7.0,1
Saudi Arabia,SA,Asia,Asia,Alchemy of Souls: Part 1,alchemy of souls,True,2022-07-24,2022-12-25,7,8.25,8
Saudi Arabia,SA,Asia,Asia,Alchemy of Souls: Part 2,alchemy of souls,True,2022-12-18,2023-01-08,5,7.25,4
Saudi Arabia,SA,Asia,Asia,All of Us Are Dead: Season 1,all of us are dead,True,2022-01-30,2022-03-27,1,4.111111111111111,9
Saudi Arabia,SA,Asia,Asia,Behind Your Touch: Limited Series,behind your touch,True,2023-08-20,2023-08-20,8,8.0,1
Saudi Arabia,SA,Asia,Asia,Bloodhounds: Season 1,bloodhounds,True,2023-06-11,2026-04-19,1,5.428571428571429,7
Saudi Arabia,SA,Asia,Asia,Bloodhounds: Season 2,bloodhounds,True,2026-04-05,2026-04-19,2,4.0,3
Saudi Arabia,SA,Asia,Asia,Business Proposal: Limited Series,business proposal,True,2022-03-06,2022-05-22,1,3.3333333333333335,12
Saudi Arabia,SA,Asia,Asia,Castaway Diva: Limited Series,castaway diva,True,2023-11-05,2023-11-26,4,7.25,4
Saudi Arabia,SA,Asia,Asia,Celebrity: Limited Series,celebrity,True,2023-07-02,2023-07-23,2,4.25,4
Saudi Arabia,SA,Asia,Asia,Culinary Class Wars: Season 2,culinary class wars,True,2025-12-21,2025-12-28,7,7.5,2
Saudi Arabia,SA,Asia,Asia,Daily Dose of Sunshine: Season 1,daily dose of sunshine,True,2023-11-12,2023-11-19,4,5.0,2
Saudi Arabia,SA,Asia,Asia,Doctor Cha: Limited Series,doctor cha,True,2023-04-23,2023-06-11,1,4.0,8
Saudi Arabia,SA,Asia,Asia,Doona!: Season 1,doona!,True,2023-10-22,2023-11-05,3,6.333333333333333,3
Saudi Arabia,SA,Asia,Asia,Extraordinary Attorney Woo: Season 1,extraordinary attorney woo,True,2022-07-17,2022-09-11,1,4.111111111111111,9
Saudi Arabia,SA,Asia,Asia,Gyeongseong Creature: Season 1,gyeongseong creature,True,2023-12-31,2024-01-14,2,4.333333333333333,3
Saudi Arabia,SA,Asia,Asia,Gyeongseong Creature: Season 2,gyeongseong creature,True,2024-10-06,2024-10-06,6,6.0,1
Saudi Arabia,SA,Asia,Asia,Hellbound: Season 1,hellbound,True,2021-11-21,2021-12-05,1,3.0,3
Saudi Arabia,SA,Asia,Asia,Hierarchy: Limited Series,hierarchy,True,2024-06-09,2024-06-30,3,5.75,4
Saudi Arabia,SA,Asia,Asia,Hometown Cha-Cha-Cha: Limited Series,hometown cha-cha-cha,True,2021-09-05,2021-11-14,3,6.363636363636363,11
Saudi Arabia,SA,Asia,Asia,Juvenile Justice: Season 1,juvenile justice,True,2022-03-06,2022-03-27,3,5.25,4
Saudi Arabia,SA,Asia,Asia,King the Land: Limited Series,king the land,True,2023-06-25,2023-08-13,1,5.0,7
Saudi Arabia,SA,Asia,Asia,Kingdom,kingdom,True,2023-07-23,2025-09-21,6,7.333333333333333,2
Saudi Arabia,SA,Asia,Asia,Little Women: Limited Series,little women,True,2022-09-11,2022-11-06,2,4.888888888888889,9
Saudi Arabia,SA,Asia,Asia,Love Next Door: Limited Series,love next door,True,2024-08-18,2024-10-06,1,5.625,8
Saudi Arabia,SA,Asia,Asia,Love to Hate You: Season 1,love to hate you,True,2023-02-19,2023-02-19,5,5.0,1
Saudi Arabia,SA,Asia,Asia,Mask Girl: Limited Series,mask girl,True,2023-08-27,2023-09-10,1,4.333333333333333,3
Saudi Arabia,SA,Asia,Asia,Miss Night and Day: Limited Series,miss night and day,True,2024-06-23,2024-08-18,2,2.888888888888889,9
Saudi Arabia,SA,Asia,Asia,Mr. Plankton: Limited Series,mr. plankton,True,2024-11-17,2024-11-24,5,6.0,2
Saudi Arabia,SA,Asia,Asia,My Demon: Limited Series,my demon,True,2023-11-26,2024-01-21,3,6.0,8
Saudi Arabia,SA,Asia,Asia,My Liberation Notes: Limited Series,my liberation notes,True,2022-06-05,2022-06-05,8,8.0,1
Saudi Arabia,SA,Asia,Asia,Narco-Saints: Season 1,narco-saints,True,2022-09-18,2022-10-02,1,4.333333333333333,3
Saudi Arabia,SA,Asia,Asia,Our Beloved Summer: Limited Series,our beloved summer,True,2022-01-30,2022-01-30,8,8.0,1
Saudi Arabia,SA,Asia,Asia,Parasyte: The Grey: Limited Series,parasyte: the grey,True,2024-04-07,2024-04-28,1,4.0,4
Saudi Arabia,SA,Asia,Asia,Physical: 100: Season 1,physical: 100,True,2023-02-05,2023-02-26,5,6.25,4
Saudi Arabia,SA,Asia,Asia,Physical: 100: Season 2,physical: 100,True,2024-03-24,2024-04-07,4,5.666666666666667,3
Saudi Arabia,SA,Asia,Asia,Queen of Tears: Limited Series,queen of tears,True,2024-03-17,2024-05-12,5,6.666666666666667,9
Saudi Arabia,SA,Asia,Asia,Resident Playbook: Limited Series,resident playbook,True,2025-04-20,2025-04-20,10,10.0,1
Saudi Arabia,SA,Asia,Asia,See You in My 19th Life: Limited Series,see you in my 19th life,True,2023-06-25,2023-07-02,8,8.0,2
Saudi Arabia,SA,Asia,Asia,Single’s Inferno: Season 1,single's inferno,True,2022-01-02,2022-01-23,4,6.5,4
Saudi Arabia,SA,Asia,Asia,Single’s Inferno: Season 2,single's inferno,True,2022-12-25,2023-01-15,7,8.25,4
Saudi Arabia,SA,Asia,Asia,Single’s Inferno: Season 3,single's inferno,True,2023-12-17,2024-01-14,4,7.2,5
Saudi Arabia,SA,Asia,Asia,Single’s Inferno: Season 4,single's inferno,True,2025-01-19,2025-02-02,4,6.0,3
Saudi Arabia,SA,Asia,Asia,Single’s Inferno: Season 5,single's inferno,True,2026-01-25,2026-02-15,3,4.25,4
Saudi Arabia,SA,Asia,Asia,Squid Game: Season 1,squid game,True,2021-09-19,2025-07-13,1,3.5652173913043477,23
Saudi Arabia,SA,Asia,Asia,Squid Game: Season 2,squid game,True,2024-12-29,2025-07-20,1,3.7857142857142856,14
Saudi Arabia,SA,Asia,Asia,Squid Game: Season 3,squid game,True,2025-06-29,2025-08-17,1,3.625,8
Saudi Arabia,SA,Asia,Asia,Sweet Home: Season 2,sweet home,True,2023-12-03,2023-12-10,6,7.5,2
Saudi Arabia,SA,Asia,Asia,Sweet Home: Season 3,sweet home,True,2024-07-28,2024-07-28,6,6.0,1
Saudi Arabia,SA,Asia,Asia,The 8 Show: Limited Series,the 8 show,True,2024-05-26,2024-06-09,2,5.0,3
Saudi Arabia,SA,Asia,Asia,The Bequeathed: Limited Series,the bequeathed,True,2024-01-28,2024-02-04,6,8.0,2
Saudi Arabia,SA,Asia,Asia,The Frog: Limited Series,the frog,True,2024-09-01,2024-09-01,5,5.0,1
Saudi Arabia,SA,Asia,Asia,The Glory: Season 1,the glory,True,2023-01-01,2023-05-21,1,4.875,16
Saudi Arabia,SA,Asia,Asia,The Good Bad Mother: Limited Series,the good bad mother,True,2023-05-14,2023-06-18,2,4.833333333333333,6
Saudi Arabia,SA,Asia,Asia,The Silent Sea: Season 1,the silent sea,True,2022-01-02,2022-01-09,5,7.5,2
Saudi Arabia,SA,Asia,Asia,Thirty-Nine: Limited Series,thirty-nine,True,2022-04-03,2022-04-03,10,10.0,1
Saudi Arabia,SA,Asia,Asia,Tomorrow: Limited Series,tomorrow,True,2022-04-24,2022-06-05,4,7.285714285714286,7
Saudi Arabia,SA,Asia,Asia,Twenty Five Twenty One: Limited Series,twenty five twenty one,True,2022-02-20,2022-05-01,2,5.090909090909091,11
Saudi Arabia,SA,Asia,Asia,Under the Queen's Umbrella: Limited Series,under the queen's umbrella,True,2022-12-04,2022-12-11,7,7.5,2
Saudi Arabia,SA,Asia,Asia,Vincenzo: Season 1,vincenzo,True,2021-07-04,2021-07-11,7,7.5,2
Saudi Arabia,SA,Asia,Asia,When the Phone Rings: Limited Series,when the phone rings,True,2024-11-24,2025-01-12,1,3.75,8
Serbia,RS,Non-Asia,Europe,All of Us Are Dead: Season 1,all of us are dead,True,2022-01-30,2022-02-27,1,5.4,5
Serbia,RS,Non-Asia,Europe,Bloodhounds: Season 1,bloodhounds,True,2023-06-18,2023-06-18,6,6.0,1
Serbia,RS,Non-Asia,Europe,Bloodhounds: Season 2,bloodhounds,True,2026-04-05,2026-04-12,6,6.0,2
Serbia,RS,Non-Asia,Europe,Business Proposal: Limited Series,business proposal,True,2022-04-10,2022-04-10,8,8.0,1
Serbia,RS,Non-Asia,Europe,Gyeongseong Creature: Season 1,gyeongseong creature,True,2023-12-31,2023-12-31,8,8.0,1
Serbia,RS,Non-Asia,Europe,Hellbound: Season 1,hellbound,True,2021-11-28,2021-11-28,2,2.0,1
Serbia,RS,Non-Asia,Europe,Hierarchy: Limited Series,hierarchy,True,2024-06-16,2024-06-16,9,9.0,1
Serbia,RS,Non-Asia,Europe,Little Women,little women,True,2021-10-10,2021-10-17,6,6.5,2
Serbia,RS,Non-Asia,Europe,Mask Girl: Limited Series,mask girl,True,2023-08-27,2023-08-27,7,7.0,1
Serbia,RS,Non-Asia,Europe,My Demon: Limited Series,my demon,True,2023-12-03,2023-12-03,9,9.0,1
Serbia,RS,Non-Asia,Europe,Narco-Saints: Season 1,narco-saints,True,2022-09-18,2022-09-25,6,8.0,2
Serbia,RS,Non-Asia,Europe,Parasyte: The Grey: Limited Series,parasyte: the grey,True,2024-04-14,2024-04-14,9,9.0,1
Serbia,RS,Non-Asia,Europe,Physical: 100: Season 1,physical: 100,True,2023-02-05,2023-02-26,2,5.25,4
Serbia,RS,Non-Asia,Europe,Physical: 100: Season 2,physical: 100,True,2024-03-24,2024-03-31,6,6.0,2
Serbia,RS,Non-Asia,Europe,Squid Game: Season 1,squid game,True,2021-09-19,2025-07-13,1,4.62962962962963,27
Serbia,RS,Non-Asia,Europe,Squid Game: Season 2,squid game,True,2024-12-29,2025-07-20,1,5.0,15
Serbia,RS,Non-Asia,Europe,Squid Game: Season 3,squid game,True,2025-06-29,2025-08-17,1,3.0,8
Serbia,RS,Non-Asia,Europe,The 8 Show: Limited Series,the 8 show,True,2024-05-26,2024-05-26,8,8.0,1
Serbia,RS,Non-Asia,Europe,The Glory: Season 1,the glory,True,2023-03-19,2023-03-19,5,5.0,1
Serbia,RS,Non-Asia,Europe,The Silent Sea: Season 1,the silent sea,True,2022-01-02,2022-01-02,6,6.0,1
Singapore,SG,Asia,Asia,A Killer Paradox: Season 1,a killer paradox,True,2024-02-11,2024-03-03,1,4.0,4
Singapore,SG,Asia,Asia,A Time Called You: Limited Series,a time called you,True,2023-09-10,2023-09-24,2,6.666666666666667,3
Singapore,SG,Asia,Asia,Alchemy of Souls: Part 1,alchemy of souls,True,2022-06-26,2023-01-22,2,4.666666666666667,18
Singapore,SG,Asia,Asia,Alchemy of Souls: Part 2,alchemy of souls,True,2022-12-11,2023-01-29,3,5.125,8
Singapore,SG,Asia,Asia,All of Us Are Dead: Season 1,all of us are dead,True,2022-01-30,2022-03-06,1,3.0,6
Singapore,SG,Asia,Asia,Behind Your Touch: Limited Series,behind your touch,True,2023-08-20,2023-10-08,3,7.375,8
Singapore,SG,Asia,Asia,Bloodhounds: Season 1,bloodhounds,True,2023-06-11,2026-04-19,1,5.571428571428571,7
Singapore,SG,Asia,Asia,Bloodhounds: Season 2,bloodhounds,True,2026-04-05,2026-04-26,1,4.0,4
Singapore,SG,Asia,Asia,Business Proposal: Limited Series,business proposal,True,2022-03-06,2022-05-29,1,3.6923076923076925,13
Singapore,SG,Asia,Asia,Café Minamdang: Limited Series,cafe minamdang,True,2022-07-10,2022-09-11,4,6.777777777777778,9
Singapore,SG,Asia,Asia,Castaway Diva: Limited Series,castaway diva,True,2023-11-05,2023-12-10,2,5.166666666666667,6
Singapore,SG,Asia,Asia,Celebrity: Limited Series,celebrity,True,2023-07-02,2023-07-23,1,2.75,4
Singapore,SG,Asia,Asia,Culinary Class Wars: Season 1,culinary class wars,True,2024-09-22,2024-11-10,1,2.0,8
Singapore,SG,Asia,Asia,Culinary Class Wars: Season 2,culinary class wars,True,2025-12-21,2026-01-18,1,2.2,5
Singapore,SG,Asia,Asia,D.P.: Season 1,d.p.,True,2021-08-29,2021-09-05,3,5.5,2
Singapore,SG,Asia,Asia,D.P.: Season 2,d.p.,True,2023-07-30,2023-08-13,4,6.666666666666667,3
Singapore,SG,Asia,Asia,Daily Dose of Sunshine: Season 1,daily dose of sunshine,True,2023-11-12,2023-11-26,3,5.0,3
Singapore,SG,Asia,Asia,Doctor Cha: Limited Series,doctor cha,True,2023-04-30,2023-06-11,1,1.4285714285714286,7
Singapore,SG,Asia,Asia,Doona!: Season 1,doona!,True,2023-10-22,2023-11-12,1,4.5,4
Singapore,SG,Asia,Asia,Extraordinary Attorney Woo: Season 1,extraordinary attorney woo,True,2022-07-03,2022-10-23,1,3.588235294117647,17
Singapore,SG,Asia,Asia,Forecasting Love and Weather: Limited Series,forecasting love and weather,True,2022-02-20,2022-04-10,3,4.625,8
Singapore,SG,Asia,Asia,Gyeongseong Creature: Season 1,gyeongseong creature,True,2023-12-24,2024-10-06,1,4.833333333333333,6
Singapore,SG,Asia,Asia,Gyeongseong Creature: Season 2,gyeongseong creature,True,2024-09-29,2024-10-20,2,4.25,4
Singapore,SG,Asia,Asia,Hellbound: Season 1,hellbound,True,2021-11-21,2024-11-03,1,3.6,5
Singapore,SG,Asia,Asia,Hellbound: Season 2,hellbound,True,2024-10-27,2024-11-10,1,6.333333333333333,3
Singapore,SG,Asia,Asia,Hierarchy: Limited Series,hierarchy,True,2024-06-09,2024-06-30,1,3.25,4
Singapore,SG,Asia,Asia,Hometown Cha-Cha-Cha: Limited Series,hometown cha-cha-cha,True,2021-09-05,2021-12-12,1,3.2666666666666666,15
Singapore,SG,Asia,Asia,Hospital Playlist: Season 1,hospital playlist,True,2021-07-04,2021-07-18,8,9.333333333333334,3
Singapore,SG,Asia,Asia,Hospital Playlist: Season 2,hospital playlist,True,2021-07-04,2021-10-10,1,4.8,15
Singapore,SG,Asia,Asia,Juvenile Justice: Season 1,juvenile justice,True,2022-02-27,2022-03-27,1,4.6,5
Singapore,SG,Asia,Asia,King the Land: Limited Series,king the land,True,2023-06-18,2023-08-27,1,2.3636363636363638,11
Singapore,SG,Asia,Asia,Kingdom,kingdom,True,2023-07-23,2025-08-31,9,9.5,1
Singapore,SG,Asia,Asia,Little Women: Limited Series,little women,True,2022-09-11,2022-11-06,1,2.888888888888889,9
Singapore,SG,Asia,Asia,Love Next Door: Limited Series,love next door,True,2024-08-18,2024-10-20,1,3.6,10
Singapore,SG,Asia,Asia,Love to Hate You: Season 1,love to hate you,True,2023-02-12,2023-03-05,5,6.75,4
Singapore,SG,Asia,Asia,Mask Girl: Limited Series,mask girl,True,2023-08-20,2023-09-10,1,2.75,4
Singapore,SG,Asia,Asia,Miss Night and Day: Limited Series,miss night and day,True,2024-06-23,2024-08-18,1,2.5555555555555554,9
Singapore,SG,Asia,Asia,Mr. Plankton: Limited Series,mr. plankton,True,2024-11-17,2024-12-01,3,5.333333333333333,3
Singapore,SG,Asia,Asia,My Demon: Limited Series,my demon,True,2023-11-26,2024-02-04,1,3.8181818181818183,11
Singapore,SG,Asia,Asia,My Liberation Notes: Limited Series,my liberation notes,True,2022-05-15,2022-06-05,6,7.0,4
Singapore,SG,Asia,Asia,Narco-Saints: Season 1,narco-saints,True,2022-09-11,2022-10-02,1,5.75,4
Singapore,SG,Asia,Asia,Our Beloved Summer: Limited Series,our beloved summer,True,2021-12-19,2022-02-13,3,6.666666666666667,9
Singapore,SG,Asia,Asia,Our Blues: Limited Series,our blues,True,2022-04-24,2022-07-03,2,5.363636363636363,11
Singapore,SG,Asia,Asia,Parasyte: The Grey: Limited Series,parasyte: the grey,True,2024-04-07,2024-05-05,1,3.6,5
Singapore,SG,Asia,Asia,Physical: 100: Season 1,physical: 100,True,2023-01-29,2023-03-05,1,1.5,6
Singapore,SG,Asia,Asia,Physical: 100: Season 2,physical: 100,True,2024-03-24,2024-04-28,1,3.8333333333333335,6
Singapore,SG,Asia,Asia,Queen of Tears: Limited Series,queen of tears,True,2024-03-10,2024-06-02,1,3.230769230769231,13
Singapore,SG,Asia,Asia,Remarriage & Desires: Season 1,remarriage & desires,True,2022-07-17,2022-07-31,2,4.0,3
Singapore,SG,Asia,Asia,Resident Playbook: Limited Series,resident playbook,True,2025-04-20,2025-05-25,3,4.5,6
Singapore,SG,Asia,Asia,See You in My 19th Life: Limited Series,see you in my 19th life,True,2023-06-25,2023-07-30,3,4.5,6
Singapore,SG,Asia,Asia,Single's Inferno Reunion: Limited Series,single's inferno reunion,True,2026-02-15,2026-03-01,1,3.0,3
Singapore,SG,Asia,Asia,Single’s Inferno: Season 1,single's inferno,True,2021-12-26,2022-01-30,2,4.166666666666667,6
Singapore,SG,Asia,Asia,Single’s Inferno: Season 2,single's inferno,True,2022-12-18,2023-01-29,1,3.4285714285714284,7
Singapore,SG,Asia,Asia,Single’s Inferno: Season 3,single's inferno,True,2023-12-17,2024-01-21,1,2.6666666666666665,6
Singapore,SG,Asia,Asia,Single’s Inferno: Season 4,single's inferno,True,2025-01-19,2025-02-16,1,1.6,5
Singapore,SG,Asia,Asia,Single’s Inferno: Season 5,single's inferno,True,2026-01-25,2026-02-22,1,2.6,5
Singapore,SG,Asia,Asia,Squid Game: Season 1,squid game,True,2021-09-19,2025-01-12,1,4.0,14
Singapore,SG,Asia,Asia,Squid Game: Season 2,squid game,True,2024-12-29,2025-07-06,1,4.875,8
Singapore,SG,Asia,Asia,Squid Game: Season 3,squid game,True,2025-06-29,2025-07-27,1,2.4,5
Singapore,SG,Asia,Asia,Sweet Home: Season 1,sweet home,True,2023-12-10,2023-12-10,7,7.0,1
Singapore,SG,Asia,Asia,Sweet Home: Season 2,sweet home,True,2023-12-03,2023-12-24,2,4.75,4
Singapore,SG,Asia,Asia,Sweet Home: Season 3,sweet home,True,2024-07-21,2024-08-11,1,4.5,4
Singapore,SG,Asia,Asia,The 8 Show: Limited Series,the 8 show,True,2024-05-26,2024-06-09,3,5.0,3
Singapore,SG,Asia,Asia,The Bequeathed: Limited Series,the bequeathed,True,2024-01-21,2024-02-04,1,4.666666666666667,3
Singapore,SG,Asia,Asia,The Frog: Limited Series,the frog,True,2024-08-25,2024-09-15,2,5.5,4
Singapore,SG,Asia,Asia,The Glory: Season 1,the glory,True,2023-01-01,2023-05-14,1,4.578947368421052,19
Singapore,SG,Asia,Asia,The Good Bad Mother: Limited Series,the good bad mother,True,2023-05-07,2023-06-25,2,4.5,8
Singapore,SG,Asia,Asia,The Silent Sea: Season 1,the silent sea,True,2021-12-26,2022-01-09,1,3.6666666666666665,3
Singapore,SG,Asia,Asia,Thirty-Nine: Limited Series,thirty-nine,True,2022-02-20,2022-04-24,2,5.2,10
Singapore,SG,Asia,Asia,Tomorrow: Limited Series,tomorrow,True,2022-04-10,2022-06-19,3,5.636363636363637,11
Singapore,SG,Asia,Asia,Twenty Five Twenty One: Limited Series,twenty five twenty one,True,2022-02-27,2022-05-01,2,5.0,10
Singapore,SG,Asia,Asia,Under the Queen's Umbrella: Limited Series,under the queen's umbrella,True,2022-10-23,2022-12-25,1,4.4,10
Singapore,SG,Asia,Asia,Vincenzo: Season 1,vincenzo,True,2021-07-04,2021-07-25,7,8.5,4
Singapore,SG,Asia,Asia,When the Phone Rings: Limited Series,when the phone rings,True,2024-11-24,2025-01-12,1,1.75,8
Slovakia,SK,Non-Asia,Europe,All of Us Are Dead: Season 1,all of us are dead,True,2022-01-30,2022-03-06,1,4.666666666666667,6
Slovakia,SK,Non-Asia,Europe,Bloodhounds: Season 1,bloodhounds,True,2023-06-11,2026-04-12,4,7.5,4
Slovakia,SK,Non-Asia,Europe,Bloodhounds: Season 2,bloodhounds,True,2026-04-05,2026-04-12,4,4.5,2
Slovakia,SK,Non-Asia,Europe,Gyeongseong Creature: Season 1,gyeongseong creature,True,2023-12-31,2023-12-31,5,5.0,1
Slovakia,SK,Non-Asia,Europe,Gyeongseong Creature: Season 2,gyeongseong creature,True,2024-10-06,2024-10-06,8,8.0,1
Slovakia,SK,Non-Asia,Europe,Hellbound: Season 1,hellbound,True,2021-11-21,2021-11-28,4,5.0,2
Slovakia,SK,Non-Asia,Europe,Little Women,little women,True,2021-10-10,2021-10-17,6,6.5,2
Slovakia,SK,Non-Asia,Europe,Mask Girl: Limited Series,mask girl,True,2023-08-27,2023-08-27,7,7.0,1
Slovakia,SK,Non-Asia,Europe,Parasyte: The Grey: Limited Series,parasyte: the grey,True,2024-04-07,2024-04-14,3,4.5,2
Slovakia,SK,Non-Asia,Europe,Physical: 100: Season 1,physical: 100,True,2023-02-05,2023-02-19,4,6.0,3
Slovakia,SK,Non-Asia,Europe,Physical: 100: Season 2,physical: 100,True,2024-03-24,2024-03-31,6,6.0,2
Slovakia,SK,Non-Asia,Europe,Squid Game: Season 1,squid game,True,2021-09-26,2025-07-13,1,4.125,24
Slovakia,SK,Non-Asia,Europe,Squid Game: Season 2,squid game,True,2024-12-29,2025-07-20,1,5.3076923076923075,13
Slovakia,SK,Non-Asia,Europe,Squid Game: Season 3,squid game,True,2025-06-29,2025-08-10,1,4.142857142857143,7
Slovakia,SK,Non-Asia,Europe,The 8 Show: Limited Series,the 8 show,True,2024-05-26,2024-06-02,3,4.5,2
Slovakia,SK,Non-Asia,Europe,The Glory: Season 1,the glory,True,2023-01-08,2023-03-19,3,6.0,3
Slovakia,SK,Non-Asia,Europe,The Silent Sea: Season 1,the silent sea,True,2022-01-02,2022-01-02,7,7.0,1
Slovenia,SI,Non-Asia,Europe,All of Us Are Dead: Season 1,all of us are dead,True,2022-01-30,2022-02-20,1,5.0,4
Slovenia,SI,Non-Asia,Europe,Bloodhounds: Season 2,bloodhounds,True,2026-04-12,2026-04-12,5,5.0,1
Slovenia,SI,Non-Asia,Europe,Hellbound: Season 1,hellbound,True,2021-11-28,2021-11-28,10,10.0,1
Slovenia,SI,Non-Asia,Europe,Little Women,little women,True,2021-10-10,2021-10-17,3,3.0,2
Slovenia,SI,Non-Asia,Europe,Narco-Saints: Season 1,narco-saints,True,2022-09-18,2022-09-18,7,7.0,1
Slovenia,SI,Non-Asia,Europe,Parasyte: The Grey: Limited Series,parasyte: the grey,True,2024-04-14,2024-04-14,10,10.0,1
Slovenia,SI,Non-Asia,Europe,Physical: 100: Season 1,physical: 100,True,2023-01-29,2023-02-26,3,5.8,5
Slovenia,SI,Non-Asia,Europe,Physical: 100: Season 2,physical: 100,True,2024-03-24,2024-03-31,5,5.0,2
Slovenia,SI,Non-Asia,Europe,Squid Game: Season 1,squid game,True,2021-09-19,2025-07-06,1,4.619047619047619,21
Slovenia,SI,Non-Asia,Europe,Squid Game: Season 2,squid game,True,2024-12-29,2025-07-13,1,4.4,10
Slovenia,SI,Non-Asia,Europe,Squid Game: Season 3,squid game,True,2025-06-29,2025-08-10,1,2.7142857142857144,7
Slovenia,SI,Non-Asia,Europe,The Glory: Season 1,the glory,True,2023-03-19,2023-03-19,9,9.0,1
Slovenia,SI,Non-Asia,Europe,The Silent Sea: Season 1,the silent sea,True,2022-01-02,2022-01-02,7,7.0,1
South Africa,ZA,Non-Asia,Africa,All of Us Are Dead: Season 1,all of us are dead,True,2022-01-30,2022-02-27,2,5.8,5
South Africa,ZA,Non-Asia,Africa,Bloodhounds: Season 1,bloodhounds,True,2023-06-18,2023-06-18,8,8.0,1
South Africa,ZA,Non-Asia,Africa,Business Proposal: Limited Series,business proposal,True,2022-04-03,2022-04-10,7,7.5,2
South Africa,ZA,Non-Asia,Africa,Hellbound: Season 1,hellbound,True,2021-11-21,2021-11-28,3,4.0,2
South Africa,ZA,Non-Asia,Africa,Hierarchy: Limited Series,hierarchy,True,2024-06-16,2024-06-16,5,5.0,1
South Africa,ZA,Non-Asia,Africa,My Demon: Limited Series,my demon,True,2023-11-26,2023-12-03,10,10.0,2
South Africa,ZA,Non-Asia,Africa,Narco-Saints: Season 1,narco-saints,True,2022-09-18,2022-09-18,4,4.0,1
South Africa,ZA,Non-Asia,Africa,Parasyte: The Grey: Limited Series,parasyte: the grey,True,2024-04-14,2024-04-14,4,4.0,1
South Africa,ZA,Non-Asia,Africa,Physical: 100: Season 1,physical: 100,True,2023-01-29,2023-02-26,4,6.6,5
South Africa,ZA,Non-Asia,Africa,Physical: 100: Season 2,physical: 100,True,2024-03-24,2024-03-31,7,8.0,2
South Africa,ZA,Non-Asia,Africa,Remarriage & Desires: Season 1,remarriage & desires,True,2022-07-24,2022-07-31,6,7.5,2
South Africa,ZA,Non-Asia,Africa,Squid Game: Season 1,squid game,True,2021-09-26,2025-07-06,1,4.157894736842105,19
South Africa,ZA,Non-Asia,Africa,Squid Game: Season 2,squid game,True,2024-12-29,2025-07-06,1,4.0,6
South Africa,ZA,Non-Asia,Africa,Squid Game: Season 3,squid game,True,2025-06-29,2025-07-27,1,2.8,5
South Africa,ZA,Non-Asia,Africa,The Glory: Season 1,the glory,True,2023-01-08,2023-03-26,3,7.0,4
South Africa,ZA,Non-Asia,Africa,The Silent Sea: Season 1,the silent sea,True,2022-01-02,2022-01-02,10,10.0,1
South Korea,KR,Asia,Asia,A Killer Paradox: Season 1,a killer paradox,True,2024-02-11,2024-04-14,1,4.0,10
South Korea,KR,Asia,Asia,A Time Called You: Limited Series,a time called you,True,2023-09-10,2023-10-08,1,4.6,5
South Korea,KR,Asia,Asia,Alchemy of Souls: Part 1,alchemy of souls,True,2022-06-26,2023-01-15,1,3.5789473684210527,19
South Korea,KR,Asia,Asia,Alchemy of Souls: Part 2,alchemy of souls,True,2022-12-18,2023-01-22,2,3.8333333333333335,6
South Korea,KR,Asia,Asia,All of Us Are Dead: Season 1,all of us are dead,True,2022-01-30,2022-03-06,1,2.8333333333333335,6
South Korea,KR,Asia,Asia,Behind Your Touch: Limited Series,behind your touch,True,2023-08-13,2023-10-08,2,3.888888888888889,9
South Korea,KR,Asia,Asia,Bloodhounds: Season 1,bloodhounds,True,2023-06-11,2026-05-03,1,4.3076923076923075,13
South Korea,KR,Asia,Asia,Bloodhounds: Season 2,bloodhounds,True,2026-04-05,2026-05-10,1,3.1666666666666665,6
South Korea,KR,Asia,Asia,Business Proposal: Limited Series,business proposal,True,2022-03-06,2022-05-08,2,4.4,10
South Korea,KR,Asia,Asia,Café Minamdang: Limited Series,cafe minamdang,True,2022-07-03,2022-08-28,4,4.888888888888889,9
South Korea,KR,Asia,Asia,Castaway Diva: Limited Series,castaway diva,True,2023-10-29,2023-12-10,1,5.142857142857143,7
South Korea,KR,Asia,Asia,Celebrity: Limited Series,celebrity,True,2023-07-02,2023-07-30,1,3.4,5
South Korea,KR,Asia,Asia,Crash Landing on You: Limited Series,crash landing on you,True,2022-01-30,2022-09-25,8,9.0,7
South Korea,KR,Asia,Asia,Culinary Class Wars: Season 1,culinary class wars,True,2024-09-22,2024-11-10,1,3.25,8
South Korea,KR,Asia,Asia,Culinary Class Wars: Season 2,culinary class wars,True,2025-12-21,2026-01-25,1,2.5,6
South Korea,KR,Asia,Asia,D.P.: Season 1,d.p.,True,2021-08-29,2023-08-13,1,4.166666666666667,12
South Korea,KR,Asia,Asia,D.P.: Season 2,d.p.,True,2023-07-30,2023-08-27,1,2.8,5
South Korea,KR,Asia,Asia,Daily Dose of Sunshine: Season 1,daily dose of sunshine,True,2023-11-05,2023-12-03,1,3.4,5
South Korea,KR,Asia,Asia,Doctor Cha: Limited Series,doctor cha,True,2023-04-23,2023-06-18,1,2.3333333333333335,9
South Korea,KR,Asia,Asia,Doona!: Season 1,doona!,True,2023-10-22,2023-11-19,1,3.8,5
South Korea,KR,Asia,Asia,Extraordinary Attorney Woo: Season 1,extraordinary attorney woo,True,2022-07-03,2022-10-16,1,3.5625,16
South Korea,KR,Asia,Asia,Forecasting Love and Weather: Limited Series,forecasting love and weather,True,2022-02-20,2022-04-10,3,4.125,8
South Korea,KR,Asia,Asia,Gyeongseong Creature: Season 1,gyeongseong creature,True,2023-12-24,2024-10-06,1,3.625,8
South Korea,KR,Asia,Asia,Gyeongseong Creature: Season 2,gyeongseong creature,True,2024-09-29,2024-10-20,2,4.25,4
South Korea,KR,Asia,Asia,Hellbound: Season 1,hellbound,True,2021-11-21,2024-11-10,1,4.25,8
South Korea,KR,Asia,Asia,Hellbound: Season 2,hellbound,True,2024-10-27,2024-11-17,1,2.5,4
South Korea,KR,Asia,Asia,Hierarchy: Limited Series,hierarchy,True,2024-06-09,2024-07-21,1,5.428571428571429,7
South Korea,KR,Asia,Asia,Hometown Cha-Cha-Cha: Limited Series,hometown cha-cha-cha,True,2021-09-05,2021-11-21,1,3.4166666666666665,12
South Korea,KR,Asia,Asia,Hospital Playlist: Season 1,hospital playlist,True,2021-07-04,2022-11-27,2,6.0,20
South Korea,KR,Asia,Asia,Hospital Playlist: Season 2,hospital playlist,True,2021-07-04,2022-12-11,1,4.125,24
South Korea,KR,Asia,Asia,Juvenile Justice: Season 1,juvenile justice,True,2022-02-27,2022-04-10,1,3.857142857142857,7
South Korea,KR,Asia,Asia,King the Land: Limited Series,king the land,True,2023-06-18,2023-08-20,1,3.3,10
South Korea,KR,Asia,Asia,Kingdom: Season 1,kingdom,True,2021-08-01,2021-08-01,8,8.0,1
South Korea,KR,Asia,Asia,Kingdom: Season 2,kingdom,True,2021-08-01,2021-08-01,9,9.0,1
South Korea,KR,Asia,Asia,Little Women: Limited Series,little women,True,2022-09-11,2022-11-13,1,2.9,10
South Korea,KR,Asia,Asia,Love Next Door: Limited Series,love next door,True,2024-08-18,2024-10-13,2,3.2222222222222223,9
South Korea,KR,Asia,Asia,Love to Hate You: Season 1,love to hate you,True,2023-02-19,2023-03-19,4,7.6,5
South Korea,KR,Asia,Asia,Mask Girl: Limited Series,mask girl,True,2023-08-20,2023-10-08,1,4.0,8
South Korea,KR,Asia,Asia,Miss Night and Day: Limited Series,miss night and day,True,2024-06-16,2024-08-18,1,3.1,10
South Korea,KR,Asia,Asia,Mr. Plankton: Limited Series,mr. plankton,True,2024-11-10,2024-12-15,1,5.5,6
South Korea,KR,Asia,Asia,Mr. Sunshine: Season 1,mr. sunshine,True,2021-08-22,2023-04-23,7,8.869565217391305,23
South Korea,KR,Asia,Asia,My Demon: Limited Series,my demon,True,2023-11-26,2024-01-28,3,4.6,10
South Korea,KR,Asia,Asia,My Liberation Notes: Limited Series,my liberation notes,True,2022-04-17,2022-07-24,1,3.466666666666667,15
South Korea,KR,Asia,Asia,Narco-Saints: Season 1,narco-saints,True,2022-09-11,2022-11-13,1,3.8,10
South Korea,KR,Asia,Asia,Our Beloved Summer: Limited Series,our beloved summer,True,2021-12-12,2022-03-20,1,3.2666666666666666,15
South Korea,KR,Asia,Asia,Our Blues: Limited Series,our blues,True,2022-04-17,2022-07-24,1,2.8666666666666667,15
South Korea,KR,Asia,Asia,Parasyte: The Grey: Limited Series,parasyte: the grey,True,2024-04-07,2024-05-12,1,3.5,6
South Korea,KR,Asia,Asia,Physical: 100: Season 1,physical: 100,True,2023-01-29,2023-03-05,2,3.3333333333333335,6
South Korea,KR,Asia,Asia,Physical: 100: Season 2,physical: 100,True,2024-03-24,2024-04-21,1,3.2,5
South Korea,KR,Asia,Asia,Queen of Tears: Limited Series,queen of tears,True,2024-03-10,2024-06-02,1,3.230769230769231,13
South Korea,KR,Asia,Asia,Remarriage & Desires: Season 1,remarriage & desires,True,2022-07-17,2022-08-07,2,4.0,4
South Korea,KR,Asia,Asia,Resident Playbook: Limited Series,resident playbook,True,2025-04-13,2025-06-08,1,4.111111111111111,9
South Korea,KR,Asia,Asia,See You in My 19th Life: Limited Series,see you in my 19th life,True,2023-06-18,2023-07-30,3,4.714285714285714,7
South Korea,KR,Asia,Asia,Single's Inferno Reunion: Limited Series,single's inferno reunion,True,2026-02-15,2026-02-22,2,2.0,2
South Korea,KR,Asia,Asia,Single’s Inferno: Season 1,single's inferno,True,2021-12-26,2022-01-30,2,3.5,6
South Korea,KR,Asia,Asia,Single’s Inferno: Season 2,single's inferno,True,2022-12-18,2023-01-15,2,4.0,5
South Korea,KR,Asia,Asia,Single’s Inferno: Season 3,single's inferno,True,2023-12-17,2024-01-14,1,1.8,5
South Korea,KR,Asia,Asia,Single’s Inferno: Season 4,single's inferno,True,2025-01-19,2025-02-16,1,2.0,5
South Korea,KR,Asia,Asia,Single’s Inferno: Season 5,single's inferno,True,2026-01-25,2026-02-15,1,1.75,4
South Korea,KR,Asia,Asia,Squid Game: Season 1,squid game,True,2021-09-19,2025-01-12,1,5.157894736842105,19
South Korea,KR,Asia,Asia,Squid Game: Season 2,squid game,True,2024-12-29,2025-07-06,1,4.666666666666667,9
South Korea,KR,Asia,Asia,Squid Game: Season 3,squid game,True,2025-06-29,2025-08-03,1,4.166666666666667,6
South Korea,KR,Asia,Asia,Start-Up,start-up,True,2026-03-01,2026-03-01,5,5.0,1
South Korea,KR,Asia,Asia,Sweet Home: Season 1,sweet home,True,2023-12-10,2024-08-04,7,7.75,4
South Korea,KR,Asia,Asia,Sweet Home: Season 2,sweet home,True,2023-12-03,2024-08-04,1,4.857142857142857,7
South Korea,KR,Asia,Asia,Sweet Home: Season 3,sweet home,True,2024-07-21,2024-08-18,1,3.2,5
South Korea,KR,Asia,Asia,The 8 Show: Limited Series,the 8 show,True,2024-05-19,2024-07-07,1,4.25,8
South Korea,KR,Asia,Asia,The Bequeathed: Limited Series,the bequeathed,True,2024-01-21,2024-02-18,1,3.0,5
South Korea,KR,Asia,Asia,The Frog: Limited Series,the frog,True,2024-08-25,2024-09-29,1,3.5,6
South Korea,KR,Asia,Asia,The Glory: Season 1,the glory,True,2023-01-01,2025-06-29,1,3.95,20
South Korea,KR,Asia,Asia,The Good Bad Mother: Limited Series,the good bad mother,True,2023-04-30,2023-06-25,2,3.6666666666666665,9
South Korea,KR,Asia,Asia,The Silent Sea: Season 1,the silent sea,True,2021-12-26,2022-01-23,1,3.4,5
South Korea,KR,Asia,Asia,Thirty-Nine: Limited Series,thirty-nine,True,2022-02-20,2022-04-10,3,4.0,8
South Korea,KR,Asia,Asia,Tomorrow: Limited Series,tomorrow,True,2022-04-10,2022-06-05,4,5.222222222222222,9
South Korea,KR,Asia,Asia,Twenty Five Twenty One: Limited Series,twenty five twenty one,True,2022-02-20,2022-05-29,1,3.8666666666666667,15
South Korea,KR,Asia,Asia,Under the Queen's Umbrella: Limited Series,under the queen's umbrella,True,2022-10-23,2022-12-18,1,1.8888888888888888,9
South Korea,KR,Asia,Asia,Vincenzo: Season 1,vincenzo,True,2021-07-18,2021-07-18,9,9.0,1
South Korea,KR,Asia,Asia,When the Phone Rings: Limited Series,when the phone rings,True,2024-11-24,2025-01-12,2,3.875,8
Spain,ES,Non-Asia,Europe,All of Us Are Dead: Season 1,all of us are dead,True,2022-01-30,2022-02-20,2,4.75,4
Spain,ES,Non-Asia,Europe,Bloodhounds: Season 1,bloodhounds,True,2023-06-18,2023-06-25,6,7.5,2
Spain,ES,Non-Asia,Europe,Bloodhounds: Season 2,bloodhounds,True,2026-04-12,2026-04-12,7,7.0,1
Spain,ES,Non-Asia,Europe,Extraordinary Attorney Woo: Season 1,extraordinary attorney woo,True,2022-08-21,2022-09-04,5,7.5,2
Spain,ES,Non-Asia,Europe,Gyeongseong Creature: Season 1,gyeongseong creature,True,2023-12-31,2023-12-31,9,9.0,1
Spain,ES,Non-Asia,Europe,Hellbound: Season 1,hellbound,True,2021-11-28,2021-11-28,4,4.0,1
Spain,ES,Non-Asia,Europe,Hierarchy: Limited Series,hierarchy,True,2024-06-16,2024-06-16,8,8.0,1
Spain,ES,Non-Asia,Europe,Little Women,little women,True,2021-10-17,2021-10-31,4,6.0,3
Spain,ES,Non-Asia,Europe,Mask Girl: Limited Series,mask girl,True,2023-08-27,2023-08-27,6,6.0,1
Spain,ES,Non-Asia,Europe,Narco-Saints: Season 1,narco-saints,True,2022-09-18,2022-09-18,7,7.0,1
Spain,ES,Non-Asia,Europe,Parasyte: The Grey: Limited Series,parasyte: the grey,True,2024-04-14,2024-04-14,7,7.0,1
Spain,ES,Non-Asia,Europe,Physical: 100: Season 1,physical: 100,True,2023-02-12,2023-02-26,5,6.666666666666667,3
Spain,ES,Non-Asia,Europe,Physical: 100: Season 2,physical: 100,True,2024-03-24,2024-03-24,9,9.0,1
Spain,ES,Non-Asia,Europe,Squid Game: Season 1,squid game,True,2021-09-19,2025-01-12,1,2.8333333333333335,12
Spain,ES,Non-Asia,Europe,Squid Game: Season 2,squid game,True,2024-12-29,2025-07-13,1,4.0,8
Spain,ES,Non-Asia,Europe,Squid Game: Season 3,squid game,True,2025-06-29,2025-08-10,1,4.285714285714286,7
Spain,ES,Non-Asia,Europe,The 8 Show: Limited Series,the 8 show,True,2024-05-26,2024-05-26,9,9.0,1
Spain,ES,Non-Asia,Europe,The Bequeathed: Limited Series,the bequeathed,True,2024-01-28,2024-01-28,6,6.0,1
Spain,ES,Non-Asia,Europe,The Glory: Season 1,the glory,True,2023-03-19,2023-03-19,8,8.0,1
Spain,ES,Non-Asia,Europe,The Silent Sea: Season 1,the silent sea,True,2022-01-02,2022-01-02,9,9.0,1
Sri Lanka,LK,Asia,Asia,A Killer Paradox: Season 1,a killer paradox,True,2024-02-18,2024-02-18,6,6.0,1
Sri Lanka,LK,Asia,Asia,A Time Called You: Limited Series,a time called you,True,2023-09-17,2023-09-17,6,6.0,1
Sri Lanka,LK,Asia,Asia,Alchemy of Souls: Part 1,alchemy of souls,True,2022-07-10,2023-01-01,1,5.6923076923076925,13
Sri Lanka,LK,Asia,Asia,Alchemy of Souls: Part 2,alchemy of souls,True,2022-12-11,2023-01-15,4,6.0,6
Sri Lanka,LK,Asia,Asia,All of Us Are Dead: Season 1,all of us are dead,True,2022-01-30,2022-04-10,1,4.625,8
Sri Lanka,LK,Asia,Asia,Bloodhounds: Season 1,bloodhounds,True,2023-06-18,2026-04-12,6,6.0,2
Sri Lanka,LK,Asia,Asia,Bloodhounds: Season 2,bloodhounds,True,2026-04-05,2026-04-19,3,4.333333333333333,3
Sri Lanka,LK,Asia,Asia,Business Proposal: Limited Series,business proposal,True,2022-03-13,2022-06-12,1,4.076923076923077,13
Sri Lanka,LK,Asia,Asia,Celebrity: Limited Series,celebrity,True,2023-07-09,2023-07-16,4,5.5,2
Sri Lanka,LK,Asia,Asia,Culinary Class Wars: Season 1,culinary class wars,True,2024-10-06,2024-10-06,10,10.0,1
Sri Lanka,LK,Asia,Asia,Doctor Cha: Limited Series,doctor cha,True,2023-05-07,2023-06-11,2,5.0,6
Sri Lanka,LK,Asia,Asia,Doona!: Season 1,doona!,True,2023-10-29,2023-10-29,8,8.0,1
Sri Lanka,LK,Asia,Asia,Extraordinary Attorney Woo: Season 1,extraordinary attorney woo,True,2022-07-10,2022-09-11,1,4.9,10
Sri Lanka,LK,Asia,Asia,Forecasting Love and Weather: Limited Series,forecasting love and weather,True,2022-03-13,2022-04-10,5,7.2,5
Sri Lanka,LK,Asia,Asia,Gyeongseong Creature: Season 1,gyeongseong creature,True,2023-12-31,2024-01-14,6,8.666666666666666,3
Sri Lanka,LK,Asia,Asia,Gyeongseong Creature: Season 2,gyeongseong creature,True,2024-09-29,2024-10-06,5,6.5,2
Sri Lanka,LK,Asia,Asia,Hellbound: Season 1,hellbound,True,2021-11-21,2021-12-05,1,5.0,3
Sri Lanka,LK,Asia,Asia,Hierarchy: Limited Series,hierarchy,True,2024-06-09,2024-07-07,2,4.6,5
Sri Lanka,LK,Asia,Asia,Hometown Cha-Cha-Cha: Limited Series,hometown cha-cha-cha,True,2021-09-19,2021-11-14,3,5.0,9
Sri Lanka,LK,Asia,Asia,King the Land: Limited Series,king the land,True,2023-06-18,2023-08-20,2,3.4,10
Sri Lanka,LK,Asia,Asia,Kingdom,kingdom,True,2025-08-31,2025-09-28,1,4.4,5
Sri Lanka,LK,Asia,Asia,Little Women: Limited Series,little women,True,2022-09-18,2022-10-30,3,6.0,7
Sri Lanka,LK,Asia,Asia,Love Next Door: Limited Series,love next door,True,2024-08-18,2024-10-13,2,4.0,9
Sri Lanka,LK,Asia,Asia,Love to Hate You: Season 1,love to hate you,True,2023-02-19,2023-02-19,4,4.0,1
Sri Lanka,LK,Asia,Asia,Mask Girl: Limited Series,mask girl,True,2023-08-27,2023-08-27,6,6.0,1
Sri Lanka,LK,Asia,Asia,Miss Night and Day: Limited Series,miss night and day,True,2024-06-30,2024-07-28,5,7.8,5
Sri Lanka,LK,Asia,Asia,Mr. Plankton: Limited Series,mr. plankton,True,2024-11-17,2024-11-24,6,6.0,2
Sri Lanka,LK,Asia,Asia,My Demon: Limited Series,my demon,True,2023-11-26,2024-02-04,1,3.8181818181818183,11
Sri Lanka,LK,Asia,Asia,Narco-Saints: Season 1,narco-saints,True,2022-09-18,2022-09-25,3,5.5,2
Sri Lanka,LK,Asia,Asia,Our Beloved Summer: Limited Series,our beloved summer,True,2022-01-30,2022-01-30,7,7.0,1
Sri Lanka,LK,Asia,Asia,Parasyte: The Grey: Limited Series,parasyte: the grey,True,2024-04-07,2024-04-21,1,4.666666666666667,3
Sri Lanka,LK,Asia,Asia,Physical: 100: Season 2,physical: 100,True,2024-03-24,2024-03-31,7,8.5,2
Sri Lanka,LK,Asia,Asia,Queen of Tears: Limited Series,queen of tears,True,2024-03-10,2024-05-12,2,3.8,10
Sri Lanka,LK,Asia,Asia,Resident Playbook: Limited Series,resident playbook,True,2025-04-20,2025-04-20,10,10.0,1
Sri Lanka,LK,Asia,Asia,See You in My 19th Life: Limited Series,see you in my 19th life,True,2023-06-25,2023-07-09,5,6.0,3
Sri Lanka,LK,Asia,Asia,Single’s Inferno: Season 3,single's inferno,True,2023-12-17,2023-12-17,10,10.0,1
Sri Lanka,LK,Asia,Asia,Squid Game: Season 1,squid game,True,2021-09-26,2025-07-13,1,3.5217391304347827,23
Sri Lanka,LK,Asia,Asia,Squid Game: Season 2,squid game,True,2024-12-29,2025-07-20,1,3.9166666666666665,12
Sri Lanka,LK,Asia,Asia,Squid Game: Season 3,squid game,True,2025-06-29,2025-08-17,1,3.875,8
Sri Lanka,LK,Asia,Asia,Sweet Home: Season 2,sweet home,True,2023-12-10,2023-12-10,8,8.0,1
Sri Lanka,LK,Asia,Asia,Sweet Home: Season 3,sweet home,True,2024-07-21,2024-07-28,7,7.5,2
Sri Lanka,LK,Asia,Asia,The Frog: Limited Series,the frog,True,2024-09-01,2024-09-08,6,8.0,2
Sri Lanka,LK,Asia,Asia,The Glory: Season 1,the glory,True,2023-01-01,2023-04-16,1,4.7,10
Sri Lanka,LK,Asia,Asia,The Good Bad Mother: Limited Series,the good bad mother,True,2023-05-14,2023-06-11,5,7.2,5
Sri Lanka,LK,Asia,Asia,The Silent Sea: Season 1,the silent sea,True,2021-12-26,2022-01-02,4,7.0,2
Sri Lanka,LK,Asia,Asia,Thirty-Nine: Limited Series,thirty-nine,True,2022-04-03,2022-04-03,8,8.0,1
Sri Lanka,LK,Asia,Asia,Tomorrow: Limited Series,tomorrow,True,2022-05-08,2022-05-29,2,6.0,4
Sri Lanka,LK,Asia,Asia,Twenty Five Twenty One: Limited Series,twenty five twenty one,True,2022-03-06,2022-04-24,3,5.875,8
Sri Lanka,LK,Asia,Asia,Under the Queen's Umbrella: Limited Series,under the queen's umbrella,True,2022-11-13,2022-12-18,3,5.833333333333333,6
Sri Lanka,LK,Asia,Asia,Vincenzo: Season 1,vincenzo,True,2021-07-04,2021-07-11,6,6.5,2
Sri Lanka,LK,Asia,Asia,When the Phone Rings: Limited Series,when the phone rings,True,2024-11-24,2025-01-12,1,3.375,8
Sweden,SE,Non-Asia,Europe,All of Us Are Dead: Season 1,all of us are dead,True,2022-01-30,2022-02-27,1,4.8,5
Sweden,SE,Non-Asia,Europe,Bloodhounds: Season 1,bloodhounds,True,2023-06-18,2023-06-18,9,9.0,1
Sweden,SE,Non-Asia,Europe,Hellbound: Season 1,hellbound,True,2021-11-28,2021-11-28,7,7.0,1
Sweden,SE,Non-Asia,Europe,Little Women,little women,True,2022-03-20,2022-03-20,5,5.0,1
Sweden,SE,Non-Asia,Europe,Narco-Saints: Season 1,narco-saints,True,2022-09-18,2022-09-18,9,9.0,1
Sweden,SE,Non-Asia,Europe,Physical: 100: Season 1,physical: 100,True,2023-01-29,2023-02-26,2,4.8,5
Sweden,SE,Non-Asia,Europe,Physical: 100: Season 2,physical: 100,True,2024-03-24,2024-03-31,6,7.0,2
Sweden,SE,Non-Asia,Europe,Squid Game: Season 1,squid game,True,2021-09-19,2025-01-19,1,4.0,14
Sweden,SE,Non-Asia,Europe,Squid Game: Season 2,squid game,True,2024-12-29,2025-07-13,1,5.0,8
Sweden,SE,Non-Asia,Europe,Squid Game: Season 3,squid game,True,2025-06-29,2025-08-03,1,2.3333333333333335,6
Sweden,SE,Non-Asia,Europe,The Glory: Season 1,the glory,True,2023-03-19,2023-03-19,5,5.0,1
Sweden,SE,Non-Asia,Europe,The Silent Sea: Season 1,the silent sea,True,2021-12-26,2022-01-02,9,9.5,2
Switzerland,CH,Non-Asia,Europe,All of Us Are Dead: Season 1,all of us are dead,True,2022-01-30,2022-02-27,1,5.2,5
Switzerland,CH,Non-Asia,Europe,Bloodhounds: Season 1,bloodhounds,True,2023-06-18,2023-06-25,4,5.5,2
Switzerland,CH,Non-Asia,Europe,Bloodhounds: Season 2,bloodhounds,True,2026-04-05,2026-04-12,5,6.5,2
Switzerland,CH,Non-Asia,Europe,Culinary Class Wars: Season 1,culinary class wars,True,2024-09-29,2024-09-29,9,9.0,1
Switzerland,CH,Non-Asia,Europe,Hellbound: Season 1,hellbound,True,2021-11-28,2021-11-28,3,3.0,1
Switzerland,CH,Non-Asia,Europe,Hierarchy: Limited Series,hierarchy,True,2024-06-16,2024-06-16,9,9.0,1
Switzerland,CH,Non-Asia,Europe,Mask Girl: Limited Series,mask girl,True,2023-08-27,2023-08-27,8,8.0,1
Switzerland,CH,Non-Asia,Europe,Narco-Saints: Season 1,narco-saints,True,2022-09-18,2022-09-25,3,5.0,2
Switzerland,CH,Non-Asia,Europe,Parasyte: The Grey: Limited Series,parasyte: the grey,True,2024-04-14,2024-04-14,8,8.0,1
Switzerland,CH,Non-Asia,Europe,Physical: 100: Season 1,physical: 100,True,2023-01-29,2023-02-26,2,5.2,5
Switzerland,CH,Non-Asia,Europe,Physical: 100: Season 2,physical: 100,True,2024-03-24,2024-04-07,4,6.333333333333333,3
Switzerland,CH,Non-Asia,Europe,Squid Game: Season 1,squid game,True,2021-09-19,2025-01-12,1,3.7142857142857144,14
Switzerland,CH,Non-Asia,Europe,Squid Game: Season 2,squid game,True,2024-12-29,2025-02-02,1,3.1666666666666665,6
Switzerland,CH,Non-Asia,Europe,Squid Game: Season 3,squid game,True,2025-06-29,2025-08-10,1,3.857142857142857,7
Switzerland,CH,Non-Asia,Europe,The 8 Show: Limited Series,the 8 show,True,2024-05-26,2024-05-26,4,4.0,1
Switzerland,CH,Non-Asia,Europe,The Glory: Season 1,the glory,True,2023-01-08,2023-03-26,3,6.75,4
Switzerland,CH,Non-Asia,Europe,The Silent Sea: Season 1,the silent sea,True,2022-01-02,2022-01-02,8,8.0,1
Taiwan,TW,Asia,Asia,A Killer Paradox: Season 1,a killer paradox,True,2024-02-11,2024-03-03,2,4.75,4
Taiwan,TW,Asia,Asia,A Time Called You: Limited Series,a time called you,True,2023-09-10,2023-09-24,3,6.0,3
Taiwan,TW,Asia,Asia,Alchemy of Souls: Part 1,alchemy of souls,True,2022-06-26,2023-01-29,2,4.944444444444445,18
Taiwan,TW,Asia,Asia,Alchemy of Souls: Part 2,alchemy of souls,True,2022-12-18,2023-01-29,2,4.571428571428571,7
Taiwan,TW,Asia,Asia,All of Us Are Dead: Season 1,all of us are dead,True,2022-01-30,2022-03-06,1,3.1666666666666665,6
Taiwan,TW,Asia,Asia,Behind Your Touch: Limited Series,behind your touch,True,2023-08-20,2023-10-08,2,4.875,8
Taiwan,TW,Asia,Asia,Bloodhounds: Season 1,bloodhounds,True,2023-06-11,2026-04-26,1,5.857142857142857,7
Taiwan,TW,Asia,Asia,Bloodhounds: Season 2,bloodhounds,True,2026-04-05,2026-05-03,3,4.6,5
Taiwan,TW,Asia,Asia,Business Proposal: Limited Series,business proposal,True,2022-03-06,2022-05-22,1,3.4166666666666665,12
Taiwan,TW,Asia,Asia,Café Minamdang: Limited Series,cafe minamdang,True,2022-08-14,2022-09-04,4,6.5,4
Taiwan,TW,Asia,Asia,Castaway Diva: Limited Series,castaway diva,True,2023-11-05,2023-12-10,2,3.3333333333333335,6
Taiwan,TW,Asia,Asia,Celebrity: Limited Series,celebrity,True,2023-07-02,2023-07-30,1,3.8,5
Taiwan,TW,Asia,Asia,Crash Landing on You: Limited Series,crash landing on you,True,2022-02-13,2022-04-24,7,9.0,6
Taiwan,TW,Asia,Asia,Culinary Class Wars: Season 1,culinary class wars,True,2024-09-22,2024-11-17,1,3.3333333333333335,9
Taiwan,TW,Asia,Asia,Culinary Class Wars: Season 2,culinary class wars,True,2025-12-21,2026-01-25,1,3.0,6
Taiwan,TW,Asia,Asia,D.P.: Season 1,d.p.,True,2021-08-29,2021-09-19,3,6.75,4
Taiwan,TW,Asia,Asia,D.P.: Season 2,d.p.,True,2023-07-30,2023-08-13,5,6.666666666666667,3
Taiwan,TW,Asia,Asia,Daily Dose of Sunshine: Season 1,daily dose of sunshine,True,2023-11-12,2023-12-03,2,4.75,4
Taiwan,TW,Asia,Asia,Doctor Cha: Limited Series,doctor cha,True,2023-04-30,2023-06-18,1,3.375,8
Taiwan,TW,Asia,Asia,Doona!: Season 1,doona!,True,2023-10-22,2023-11-12,1,3.5,4
Taiwan,TW,Asia,Asia,Extraordinary Attorney Woo: Season 1,extraordinary attorney woo,True,2022-07-03,2022-10-23,1,2.8823529411764706,17
Taiwan,TW,Asia,Asia,Forecasting Love and Weather: Limited Series,forecasting love and weather,True,2022-02-20,2022-05-01,3,5.090909090909091,11
Taiwan,TW,Asia,Asia,Gyeongseong Creature: Season 1,gyeongseong creature,True,2023-12-24,2024-10-06,1,3.142857142857143,7
Taiwan,TW,Asia,Asia,Gyeongseong Creature: Season 2,gyeongseong creature,True,2024-09-29,2024-10-20,2,4.5,4
Taiwan,TW,Asia,Asia,Hellbound: Season 1,hellbound,True,2021-11-21,2024-11-03,1,4.2,5
Taiwan,TW,Asia,Asia,Hellbound: Season 2,hellbound,True,2024-10-27,2024-11-10,5,7.333333333333333,3
Taiwan,TW,Asia,Asia,Hierarchy: Limited Series,hierarchy,True,2024-06-09,2024-06-23,1,3.0,3
Taiwan,TW,Asia,Asia,Hometown Cha-Cha-Cha: Limited Series,hometown cha-cha-cha,True,2021-09-05,2021-12-26,1,3.1176470588235294,17
Taiwan,TW,Asia,Asia,Hospital Playlist: Season 1,hospital playlist,True,2021-07-04,2021-10-10,3,6.066666666666666,15
Taiwan,TW,Asia,Asia,Hospital Playlist: Season 2,hospital playlist,True,2021-07-04,2021-11-07,1,3.3157894736842106,19
Taiwan,TW,Asia,Asia,Juvenile Justice: Season 1,juvenile justice,True,2022-02-27,2022-04-10,1,5.0,7
Taiwan,TW,Asia,Asia,King the Land: Limited Series,king the land,True,2023-06-18,2023-08-27,1,3.6363636363636362,11
Taiwan,TW,Asia,Asia,Kingdom,kingdom,True,2023-07-23,2023-07-23,10,10.0,1
Taiwan,TW,Asia,Asia,Little Women: Limited Series,little women,True,2022-09-11,2022-11-13,1,3.9,10
Taiwan,TW,Asia,Asia,Love Next Door: Limited Series,love next door,True,2024-08-18,2024-10-20,2,3.5,10
Taiwan,TW,Asia,Asia,Love to Hate You: Season 1,love to hate you,True,2023-02-19,2023-03-05,6,6.333333333333333,3
Taiwan,TW,Asia,Asia,Mask Girl: Limited Series,mask girl,True,2023-08-20,2023-09-17,1,3.2,5
Taiwan,TW,Asia,Asia,Miss Night and Day: Limited Series,miss night and day,True,2024-06-23,2024-08-25,1,2.8,10
Taiwan,TW,Asia,Asia,Mr. Plankton: Limited Series,mr. plankton,True,2024-11-17,2024-12-01,8,8.666666666666666,3
Taiwan,TW,Asia,Asia,My Demon: Limited Series,my demon,True,2023-11-26,2024-02-04,1,3.4545454545454546,11
Taiwan,TW,Asia,Asia,My Liberation Notes: Limited Series,my liberation notes,True,2022-05-01,2022-07-03,1,6.0,10
Taiwan,TW,Asia,Asia,Narco-Saints: Season 1,narco-saints,True,2022-09-11,2022-10-16,1,5.0,6
Taiwan,TW,Asia,Asia,Our Beloved Summer: Limited Series,our beloved summer,True,2021-12-19,2022-03-13,1,4.6923076923076925,13
Taiwan,TW,Asia,Asia,Our Blues: Limited Series,our blues,True,2022-04-17,2022-07-31,1,4.133333333333334,15
Taiwan,TW,Asia,Asia,Parasyte: The Grey: Limited Series,parasyte: the grey,True,2024-04-07,2024-05-05,1,2.4,5
Taiwan,TW,Asia,Asia,Physical: 100: Season 1,physical: 100,True,2023-02-05,2023-03-05,2,5.0,5
Taiwan,TW,Asia,Asia,Physical: 100: Season 2,physical: 100,True,2024-03-24,2024-04-07,3,3.6666666666666665,3
Taiwan,TW,Asia,Asia,Queen of Tears: Limited Series,queen of tears,True,2024-03-10,2024-06-16,1,2.933333333333333,15
Taiwan,TW,Asia,Asia,Remarriage & Desires: Season 1,remarriage & desires,True,2022-07-17,2022-08-07,4,7.25,4
Taiwan,TW,Asia,Asia,Resident Playbook: Limited Series,resident playbook,True,2025-04-13,2025-06-01,1,4.0,8
Taiwan,TW,Asia,Asia,See You in My 19th Life: Limited Series,see you in my 19th life,True,2023-06-25,2023-07-30,3,5.333333333333333,6
Taiwan,TW,Asia,Asia,Single's Inferno Reunion: Limited Series,single's inferno reunion,True,2026-03-01,2026-03-08,3,3.5,2
Taiwan,TW,Asia,Asia,Single’s Inferno: Season 1,single's inferno,True,2021-12-26,2022-01-30,1,4.333333333333333,6
Taiwan,TW,Asia,Asia,Single’s Inferno: Season 2,single's inferno,True,2023-01-01,2023-01-22,4,5.25,4
Taiwan,TW,Asia,Asia,Single’s Inferno: Season 3,single's inferno,True,2023-12-17,2024-01-21,1,2.8333333333333335,6
Taiwan,TW,Asia,Asia,Single’s Inferno: Season 4,single's inferno,True,2025-01-19,2025-02-16,1,3.4,5
Taiwan,TW,Asia,Asia,Single’s Inferno: Season 5,single's inferno,True,2026-01-25,2026-02-22,1,4.0,5
Taiwan,TW,Asia,Asia,Squid Game: Season 1,squid game,True,2021-09-19,2025-01-12,1,3.8333333333333335,12
Taiwan,TW,Asia,Asia,Squid Game: Season 2,squid game,True,2024-12-29,2025-07-06,1,4.428571428571429,7
Taiwan,TW,Asia,Asia,Squid Game: Season 3,squid game,True,2025-06-29,2025-07-20,1,2.25,4
Taiwan,TW,Asia,Asia,Sweet Home: Season 1,sweet home,True,2023-12-10,2023-12-10,7,7.0,1
Taiwan,TW,Asia,Asia,Sweet Home: Season 2,sweet home,True,2023-12-03,2023-12-17,2,4.0,3
Taiwan,TW,Asia,Asia,Sweet Home: Season 3,sweet home,True,2024-07-21,2024-08-11,2,3.75,4
Taiwan,TW,Asia,Asia,The 8 Show: Limited Series,the 8 show,True,2024-05-19,2024-06-16,2,5.0,5
Taiwan,TW,Asia,Asia,The Bequeathed: Limited Series,the bequeathed,True,2024-01-21,2024-02-04,1,4.333333333333333,3
Taiwan,TW,Asia,Asia,The Frog: Limited Series,the frog,True,2024-08-25,2024-09-22,3,5.6,5
Taiwan,TW,Asia,Asia,The Glory: Season 1,the glory,True,2023-01-01,2025-04-20,1,3.6956521739130435,18
Taiwan,TW,Asia,Asia,The Good Bad Mother: Limited Series,the good bad mother,True,2023-05-07,2023-06-25,2,5.125,8
Taiwan,TW,Asia,Asia,The Silent Sea: Season 1,the silent sea,True,2021-12-26,2022-01-09,2,4.333333333333333,3
Taiwan,TW,Asia,Asia,Thirty-Nine: Limited Series,thirty-nine,True,2022-02-20,2022-05-01,2,4.909090909090909,11
Taiwan,TW,Asia,Asia,Tomorrow: Limited Series,tomorrow,True,2022-04-10,2022-06-19,4,7.0,11
Taiwan,TW,Asia,Asia,Twenty Five Twenty One: Limited Series,twenty five twenty one,True,2022-02-20,2022-06-19,2,5.352941176470588,17
Taiwan,TW,Asia,Asia,Under the Queen's Umbrella: Limited Series,under the queen's umbrella,True,2022-10-23,2022-12-25,2,4.5,10
Taiwan,TW,Asia,Asia,Vincenzo: Season 1,vincenzo,True,2021-07-04,2021-08-08,6,7.166666666666667,6
Taiwan,TW,Asia,Asia,When the Phone Rings: Limited Series,when the phone rings,True,2024-11-24,2025-01-19,1,3.111111111111111,9
Thailand,TH,Asia,Asia,A Killer Paradox: Season 1,a killer paradox,True,2024-02-11,2024-03-03,1,3.0,4
Thailand,TH,Asia,Asia,A Time Called You: Limited Series,a time called you,True,2023-09-10,2023-09-24,3,5.333333333333333,3
Thailand,TH,Asia,Asia,Alchemy of Souls: Part 1,alchemy of souls,True,2022-06-26,2023-04-30,1,5.571428571428571,42
Thailand,TH,Asia,Asia,Alchemy of Souls: Part 2,alchemy of souls,True,2022-12-11,2023-03-19,2,5.166666666666667,12
Thailand,TH,Asia,Asia,All of Us Are Dead: Season 1,all of us are dead,True,2022-01-30,2022-03-27,1,4.111111111111111,9
Thailand,TH,Asia,Asia,Behind Your Touch: Limited Series,behind your touch,True,2023-08-20,2023-10-01,4,8.2,5
Thailand,TH,Asia,Asia,Bloodhounds: Season 1,bloodhounds,True,2023-06-11,2026-04-19,1,4.714285714285714,7
Thailand,TH,Asia,Asia,Bloodhounds: Season 2,bloodhounds,True,2026-04-05,2026-04-26,1,3.75,4
Thailand,TH,Asia,Asia,Business Proposal: Limited Series,business proposal,True,2022-03-06,2022-10-30,1,5.166666666666667,18
Thailand,TH,Asia,Asia,Café Minamdang: Limited Series,cafe minamdang,True,2022-08-14,2022-08-28,8,9.0,3
Thailand,TH,Asia,Asia,Castaway Diva: Limited Series,castaway diva,True,2023-11-05,2023-12-03,4,6.2,5
Thailand,TH,Asia,Asia,Celebrity: Limited Series,celebrity,True,2023-07-02,2023-07-23,1,3.5,4
Thailand,TH,Asia,Asia,Crash Landing on You: Limited Series,crash landing on you,True,2021-07-04,2023-04-30,4,8.285714285714286,35
Thailand,TH,Asia,Asia,Culinary Class Wars: Season 1,culinary class wars,True,2024-09-22,2024-10-06,5,6.333333333333333,3
Thailand,TH,Asia,Asia,Culinary Class Wars: Season 2,culinary class wars,True,2025-12-28,2025-12-28,10,10.0,1
Thailand,TH,Asia,Asia,D.P.: Season 1,d.p.,True,2021-08-29,2021-09-05,4,5.0,2
Thailand,TH,Asia,Asia,D.P.: Season 2,d.p.,True,2023-07-30,2023-08-13,6,7.666666666666667,3
Thailand,TH,Asia,Asia,Daily Dose of Sunshine: Season 1,daily dose of sunshine,True,2023-11-05,2023-11-26,3,5.5,4
Thailand,TH,Asia,Asia,Doctor Cha: Limited Series,doctor cha,True,2023-04-23,2023-06-11,2,3.0,8
Thailand,TH,Asia,Asia,Doona!: Season 1,doona!,True,2023-10-22,2023-11-19,2,3.4,5
Thailand,TH,Asia,Asia,Extraordinary Attorney Woo: Season 1,extraordinary attorney woo,True,2022-07-03,2023-05-28,1,5.958333333333333,24
Thailand,TH,Asia,Asia,Forecasting Love and Weather: Limited Series,forecasting love and weather,True,2022-02-20,2022-06-26,1,4.076923076923077,13
Thailand,TH,Asia,Asia,Gyeongseong Creature: Season 1,gyeongseong creature,True,2023-12-24,2024-10-06,1,4.25,8
Thailand,TH,Asia,Asia,Gyeongseong Creature: Season 2,gyeongseong creature,True,2024-09-29,2024-10-20,1,3.25,4
Thailand,TH,Asia,Asia,Hellbound: Season 1,hellbound,True,2021-11-21,2024-11-03,1,3.25,4
Thailand,TH,Asia,Asia,Hellbound: Season 2,hellbound,True,2024-10-27,2024-11-03,5,6.5,2
Thailand,TH,Asia,Asia,Hierarchy: Limited Series,hierarchy,True,2024-06-09,2024-06-23,1,2.3333333333333335,3
Thailand,TH,Asia,Asia,Hometown Cha-Cha-Cha: Limited Series,hometown cha-cha-cha,True,2021-09-05,2022-05-01,1,5.387096774193548,31
Thailand,TH,Asia,Asia,Hospital Playlist: Season 2,hospital playlist,True,2021-07-04,2021-09-19,5,6.444444444444445,9
Thailand,TH,Asia,Asia,Juvenile Justice: Season 1,juvenile justice,True,2022-02-27,2023-10-15,1,4.142857142857143,7
Thailand,TH,Asia,Asia,King the Land: Limited Series,king the land,True,2023-06-18,2023-08-27,1,3.5454545454545454,11
Thailand,TH,Asia,Asia,Kingdom,kingdom,True,2023-07-23,2023-07-23,5,5.0,1
Thailand,TH,Asia,Asia,Kingdom: Season 1,kingdom,True,2021-07-25,2021-08-01,8,8.0,2
Thailand,TH,Asia,Asia,Kingdom: Season 2,kingdom,True,2021-08-01,2021-08-01,9,9.0,1
Thailand,TH,Asia,Asia,Little Women: Limited Series,little women,True,2022-09-11,2022-10-23,2,3.857142857142857,7
Thailand,TH,Asia,Asia,Love Next Door: Limited Series,love next door,True,2024-08-18,2024-10-13,2,4.666666666666667,9
Thailand,TH,Asia,Asia,Love to Hate You: Season 1,love to hate you,True,2023-02-12,2023-03-05,1,4.0,4
Thailand,TH,Asia,Asia,Mask Girl: Limited Series,mask girl,True,2023-08-20,2023-09-17,1,3.6,5
Thailand,TH,Asia,Asia,Miss Night and Day: Limited Series,miss night and day,True,2024-06-23,2024-08-11,3,6.714285714285714,7
Thailand,TH,Asia,Asia,Mr. Plankton: Limited Series,mr. plankton,True,2024-11-10,2024-11-24,3,5.333333333333333,3
Thailand,TH,Asia,Asia,My Demon: Limited Series,my demon,True,2023-11-26,2024-02-11,1,3.6666666666666665,12
Thailand,TH,Asia,Asia,My Liberation Notes: Limited Series,my liberation notes,True,2022-05-15,2022-06-05,2,3.25,4
Thailand,TH,Asia,Asia,Narco-Saints: Season 1,narco-saints,True,2022-09-11,2022-09-25,2,5.666666666666667,3
Thailand,TH,Asia,Asia,Our Beloved Summer: Limited Series,our beloved summer,True,2021-12-12,2022-02-13,2,4.3,10
Thailand,TH,Asia,Asia,Our Blues: Limited Series,our blues,True,2022-05-01,2022-06-26,3,7.555555555555555,9
Thailand,TH,Asia,Asia,Parasyte: The Grey: Limited Series,parasyte: the grey,True,2024-04-07,2024-04-28,1,2.0,4
Thailand,TH,Asia,Asia,Physical: 100: Season 1,physical: 100,True,2023-02-05,2023-02-26,4,6.25,4
Thailand,TH,Asia,Asia,Physical: 100: Season 2,physical: 100,True,2024-03-24,2024-04-07,4,5.666666666666667,3
Thailand,TH,Asia,Asia,Queen of Tears: Limited Series,queen of tears,True,2024-03-10,2024-06-02,1,3.6923076923076925,13
Thailand,TH,Asia,Asia,Remarriage & Desires: Season 1,remarriage & desires,True,2022-07-17,2022-07-31,4,6.666666666666667,3
Thailand,TH,Asia,Asia,Resident Playbook: Limited Series,resident playbook,True,2025-04-20,2025-05-25,2,4.833333333333333,6
Thailand,TH,Asia,Asia,See You in My 19th Life: Limited Series,see you in my 19th life,True,2023-06-18,2023-07-23,5,7.333333333333333,6
Thailand,TH,Asia,Asia,Single’s Inferno: Season 1,single's inferno,True,2022-01-02,2022-01-30,1,3.4,5
Thailand,TH,Asia,Asia,Single’s Inferno: Season 2,single's inferno,True,2022-12-25,2023-01-15,3,5.75,4
Thailand,TH,Asia,Asia,Single’s Inferno: Season 3,single's inferno,True,2023-12-17,2024-01-14,2,4.0,5
Thailand,TH,Asia,Asia,Single’s Inferno: Season 4,single's inferno,True,2025-01-19,2025-02-16,2,4.8,5
Thailand,TH,Asia,Asia,Single’s Inferno: Season 5,single's inferno,True,2026-01-25,2026-02-15,2,3.5,4
Thailand,TH,Asia,Asia,Squid Game: Season 1,squid game,True,2021-09-19,2025-07-06,1,3.6875,16
Thailand,TH,Asia,Asia,Squid Game: Season 2,squid game,True,2024-12-29,2025-07-06,1,4.0,8
Thailand,TH,Asia,Asia,Squid Game: Season 3,squid game,True,2025-06-29,2025-07-20,1,2.5,4
Thailand,TH,Asia,Asia,Sweet Home: Season 1,sweet home,True,2023-11-12,2024-07-28,6,8.4,5
Thailand,TH,Asia,Asia,Sweet Home: Season 2,sweet home,True,2023-12-03,2023-12-31,1,5.4,5
Thailand,TH,Asia,Asia,Sweet Home: Season 3,sweet home,True,2024-07-21,2024-08-11,2,5.0,4
Thailand,TH,Asia,Asia,The 8 Show: Limited Series,the 8 show,True,2024-05-19,2024-06-02,1,3.0,3
Thailand,TH,Asia,Asia,The Bequeathed: Limited Series,the bequeathed,True,2024-01-21,2024-02-11,1,4.25,4
Thailand,TH,Asia,Asia,The Frog: Limited Series,the frog,True,2024-08-25,2024-09-08,2,4.666666666666667,3
Thailand,TH,Asia,Asia,The Glory: Season 1,the glory,True,2023-01-01,2023-04-23,1,2.6153846153846154,13
Thailand,TH,Asia,Asia,The Good Bad Mother: Limited Series,the good bad mother,True,2023-05-07,2023-06-25,2,5.0,8
Thailand,TH,Asia,Asia,The Silent Sea: Season 1,the silent sea,True,2021-12-26,2022-01-16,1,4.25,4
Thailand,TH,Asia,Asia,Thirty-Nine: Limited Series,thirty-nine,True,2022-02-20,2022-04-10,6,7.25,8
Thailand,TH,Asia,Asia,Tomorrow: Limited Series,tomorrow,True,2022-04-10,2022-06-05,3,6.111111111111111,9
Thailand,TH,Asia,Asia,Twenty Five Twenty One: Limited Series,twenty five twenty one,True,2022-02-20,2022-05-29,2,4.928571428571429,14
Thailand,TH,Asia,Asia,Under the Queen's Umbrella: Limited Series,under the queen's umbrella,True,2022-10-23,2022-12-25,1,3.5,10
Thailand,TH,Asia,Asia,Vincenzo: Season 1,vincenzo,True,2021-07-04,2022-06-12,3,6.827586206896552,29
Thailand,TH,Asia,Asia,When the Phone Rings: Limited Series,when the phone rings,True,2024-11-24,2025-01-19,2,4.0,9
Trinidad and Tobago,TT,Non-Asia,Latin America,Alchemy of Souls: Part 1,alchemy of souls,True,2022-12-18,2022-12-18,7,7.0,1
Trinidad and Tobago,TT,Non-Asia,Latin America,Alchemy of Souls: Part 2,alchemy of souls,True,2023-01-01,2023-01-01,10,10.0,1
Trinidad and Tobago,TT,Non-Asia,Latin America,All of Us Are Dead: Season 1,all of us are dead,True,2022-01-30,2022-02-27,2,4.6,5
Trinidad and Tobago,TT,Non-Asia,Latin America,Bloodhounds: Season 1,bloodhounds,True,2023-06-11,2023-06-25,5,6.666666666666667,3
Trinidad and Tobago,TT,Non-Asia,Latin America,Bloodhounds: Season 2,bloodhounds,True,2026-04-12,2026-04-12,9,9.0,1
Trinidad and Tobago,TT,Non-Asia,Latin America,Business Proposal: Limited Series,business proposal,True,2022-04-03,2022-04-10,6,7.5,2
Trinidad and Tobago,TT,Non-Asia,Latin America,Gyeongseong Creature: Season 1,gyeongseong creature,True,2023-12-31,2023-12-31,9,9.0,1
Trinidad and Tobago,TT,Non-Asia,Latin America,Hellbound: Season 1,hellbound,True,2021-11-21,2021-11-28,2,2.0,2
Trinidad and Tobago,TT,Non-Asia,Latin America,Hierarchy,hierarchy,True,2026-03-01,2026-03-15,1,3.6666666666666665,3
Trinidad and Tobago,TT,Non-Asia,Latin America,Hierarchy: Limited Series,hierarchy,True,2024-06-16,2024-06-16,4,4.0,1
Trinidad and Tobago,TT,Non-Asia,Latin America,Kingdom,kingdom,True,2023-07-23,2023-07-23,5,5.0,1
Trinidad and Tobago,TT,Non-Asia,Latin America,Love to Hate You: Season 1,love to hate you,True,2023-02-19,2023-02-19,5,5.0,1
Trinidad and Tobago,TT,Non-Asia,Latin America,My Demon: Limited Series,my demon,True,2023-11-26,2023-12-10,9,9.0,2
Trinidad and Tobago,TT,Non-Asia,Latin America,Narco-Saints: Season 1,narco-saints,True,2022-09-18,2022-09-25,1,5.0,2Trinidad and Tobago,TT,Non-Asia,Latin America,Parasyte: The Grey: Limited Series,parasyte: the grey,True,2024-04-07,2024-04-14,2,3.5,2
Trinidad and Tobago,TT,Non-Asia,Latin America,Physical: 100: Season 1,physical: 100,True,2023-02-12,2023-02-19,3,3.5,2
Trinidad and Tobago,TT,Non-Asia,Latin America,Physical: 100: Season 2,physical: 100,True,2024-03-24,2024-03-24,7,7.0,1
Trinidad and Tobago,TT,Non-Asia,Latin America,Remarriage & Desires: Season 1,remarriage & desires,True,2022-07-24,2022-07-24,9,9.0,1
Trinidad and Tobago,TT,Non-Asia,Latin America,Squid Game: Season 1,squid game,True,2021-09-19,2025-01-12,1,4.461538461538462,13
Trinidad and Tobago,TT,Non-Asia,Latin America,Squid Game: Season 2,squid game,True,2024-12-29,2025-01-19,1,2.25,4
Trinidad and Tobago,TT,Non-Asia,Latin America,Squid Game: Season 3,squid game,True,2025-06-29,2025-07-13,1,1.0,3
Trinidad and Tobago,TT,Non-Asia,Latin America,The Glory: Season 1,the glory,True,2023-01-08,2023-03-26,3,6.75,4
Trinidad and Tobago,TT,Non-Asia,Latin America,The Silent Sea: Season 1,the silent sea,True,2022-01-02,2022-01-02,7,7.0,1
Trinidad and Tobago,TT,Non-Asia,Latin America,When the Phone Rings: Limited Series,when the phone rings,True,2024-12-01,2024-12-29,9,9.5,2
Turkey,TR,Asia,Europe,A Killer Paradox: Season 1,a killer paradox,True,2024-02-18,2024-02-18,7,7.0,1
Turkey,TR,Asia,Europe,Alchemy of Souls: Part 1,alchemy of souls,True,2022-10-02,2022-10-02,9,9.0,1
Turkey,TR,Asia,Europe,All of Us Are Dead: Season 1,all of us are dead,True,2022-01-30,2022-03-13,1,3.857142857142857,7
Turkey,TR,Asia,Europe,Bloodhounds: Season 1,bloodhounds,True,2023-06-11,2026-04-19,2,5.5,6
Turkey,TR,Asia,Europe,Bloodhounds: Season 2,bloodhounds,True,2026-04-05,2026-04-26,1,3.25,4
Turkey,TR,Asia,Europe,Business Proposal: Limited Series,business proposal,True,2022-04-24,2022-05-15,7,8.0,3
Turkey,TR,Asia,Europe,Celebrity: Limited Series,celebrity,True,2023-07-09,2023-07-16,5,5.5,2
Turkey,TR,Asia,Europe,Extraordinary Attorney Woo: Season 1,extraordinary attorney woo,True,2022-08-14,2022-09-04,7,8.0,4
Turkey,TR,Asia,Europe,Gyeongseong Creature: Season 1,gyeongseong creature,True,2023-12-31,2023-12-31,5,5.0,1
Turkey,TR,Asia,Europe,Gyeongseong Creature: Season 2,gyeongseong creature,True,2024-10-06,2024-10-06,9,9.0,1
Turkey,TR,Asia,Europe,Hellbound: Season 1,hellbound,True,2021-11-21,2021-12-12,1,3.5,4
Turkey,TR,Asia,Europe,Hellbound: Season 2,hellbound,True,2024-11-03,2024-11-03,10,10.0,1
Turkey,TR,Asia,Europe,Hierarchy: Limited Series,hierarchy,True,2024-06-09,2024-06-23,6,7.333333333333333,3
Turkey,TR,Asia,Europe,Hometown Cha-Cha-Cha: Limited Series,hometown cha-cha-cha,True,2021-11-21,2021-11-28,7,7.5,2
Turkey,TR,Asia,Europe,King the Land: Limited Series,king the land,True,2023-06-25,2023-07-30,6,6.833333333333333,6
Turkey,TR,Asia,Europe,Love Next Door: Limited Series,love next door,True,2024-08-25,2024-08-25,9,9.0,1
Turkey,TR,Asia,Europe,Love to Hate You: Season 1,love to hate you,True,2023-02-19,2023-02-19,5,5.0,1
Turkey,TR,Asia,Europe,Mask Girl: Limited Series,mask girl,True,2023-08-27,2023-09-03,5,7.5,2
Turkey,TR,Asia,Europe,Mr. Plankton: Limited Series,mr. plankton,True,2024-11-17,2024-11-17,10,10.0,1
Turkey,TR,Asia,Europe,My Demon: Limited Series,my demon,True,2023-11-26,2024-01-21,6,7.625,8
Turkey,TR,Asia,Europe,Narco-Saints: Season 1,narco-saints,True,2022-09-18,2022-09-25,4,5.5,2
Turkey,TR,Asia,Europe,Parasyte: The Grey: Limited Series,parasyte: the grey,True,2024-04-07,2024-04-21,3,5.333333333333333,3
Turkey,TR,Asia,Europe,Physical: 100: Season 1,physical: 100,True,2023-02-05,2023-02-26,3,5.75,4
Turkey,TR,Asia,Europe,Physical: 100: Season 2,physical: 100,True,2024-03-24,2024-03-31,8,8.5,2
Turkey,TR,Asia,Europe,Queen of Tears: Limited Series,queen of tears,True,2024-03-17,2024-04-07,9,9.5,2
Turkey,TR,Asia,Europe,Squid Game: Season 1,squid game,True,2021-09-19,2025-07-13,1,4.111111111111111,27
Turkey,TR,Asia,Europe,Squid Game: Season 2,squid game,True,2024-12-29,2025-07-20,1,3.9285714285714284,14
Turkey,TR,Asia,Europe,Squid Game: Season 3,squid game,True,2025-06-29,2025-09-07,1,5.090909090909091,11
Turkey,TR,Asia,Europe,Sweet Home: Season 2,sweet home,True,2023-12-10,2023-12-10,9,9.0,1
Turkey,TR,Asia,Europe,Sweet Home: Season 3,sweet home,True,2024-07-28,2024-07-28,8,8.0,1
Turkey,TR,Asia,Europe,The 8 Show: Limited Series,the 8 show,True,2024-05-19,2024-06-23,3,7.0,6
Turkey,TR,Asia,Europe,The Bequeathed: Limited Series,the bequeathed,True,2024-01-28,2024-01-28,6,6.0,1
Turkey,TR,Asia,Europe,The Frog: Limited Series,the frog,True,2024-09-01,2024-09-01,9,9.0,1
Turkey,TR,Asia,Europe,The Glory: Season 1,the glory,True,2023-01-08,2023-04-16,1,5.285714285714286,7
Turkey,TR,Asia,Europe,The Silent Sea: Season 1,the silent sea,True,2021-12-26,2022-01-02,5,6.0,2
Turkey,TR,Asia,Europe,When the Phone Rings: Limited Series,when the phone rings,True,2024-12-01,2025-01-05,2,4.666666666666667,6
Ukraine,UA,Non-Asia,Europe,All of Us Are Dead: Season 1,all of us are dead,True,2022-02-06,2022-02-13,3,4.5,2
Ukraine,UA,Non-Asia,Europe,Hellbound: Season 1,hellbound,True,2021-11-28,2021-11-28,4,4.0,1
Ukraine,UA,Non-Asia,Europe,Parasyte: The Grey: Limited Series,parasyte: the grey,True,2024-04-14,2024-04-14,9,9.0,1
Ukraine,UA,Non-Asia,Europe,Physical: 100: Season 2,physical: 100,True,2024-03-24,2024-03-24,9,9.0,1
Ukraine,UA,Non-Asia,Europe,Squid Game: Season 1,squid game,True,2021-09-26,2025-07-06,1,4.818181818181818,22
Ukraine,UA,Non-Asia,Europe,Squid Game: Season 2,squid game,True,2024-12-29,2025-07-13,1,4.25,12
Ukraine,UA,Non-Asia,Europe,Squid Game: Season 3,squid game,True,2025-06-29,2025-08-24,1,4.444444444444445,9
Ukraine,UA,Non-Asia,Europe,The Silent Sea: Season 1,the silent sea,True,2022-01-02,2022-01-02,10,10.0,1
United Arab Emirates,AE,Asia,Asia,A Killer Paradox: Season 1,a killer paradox,True,2024-02-11,2024-02-18,5,6.0,2
United Arab Emirates,AE,Asia,Asia,A Time Called You: Limited Series,a time called you,True,2023-09-17,2023-09-17,8,8.0,1
United Arab Emirates,AE,Asia,Asia,Alchemy of Souls: Part 1,alchemy of souls,True,2022-07-03,2022-12-25,2,6.3076923076923075,13
United Arab Emirates,AE,Asia,Asia,Alchemy of Souls: Part 2,alchemy of souls,True,2022-12-18,2023-01-15,5,6.0,5
United Arab Emirates,AE,Asia,Asia,All of Us Are Dead: Season 1,all of us are dead,True,2022-01-30,2022-03-06,1,3.1666666666666665,6
United Arab Emirates,AE,Asia,Asia,Behind Your Touch: Limited Series,behind your touch,True,2023-08-20,2023-08-20,6,6.0,1
United Arab Emirates,AE,Asia,Asia,Bloodhounds: Season 1,bloodhounds,True,2023-06-11,2026-04-19,3,7.2,5
United Arab Emirates,AE,Asia,Asia,Bloodhounds: Season 2,bloodhounds,True,2026-04-05,2026-04-19,2,3.0,3
United Arab Emirates,AE,Asia,Asia,Business Proposal: Limited Series,business proposal,True,2022-03-13,2022-05-22,1,5.2727272727272725,11
United Arab Emirates,AE,Asia,Asia,Celebrity: Limited Series,celebrity,True,2023-07-02,2023-07-16,2,6.0,3
United Arab Emirates,AE,Asia,Asia,Culinary Class Wars: Season 1,culinary class wars,True,2024-09-22,2024-10-13,5,7.5,4
United Arab Emirates,AE,Asia,Asia,Culinary Class Wars: Season 2,culinary class wars,True,2025-12-21,2025-12-28,9,9.0,2
United Arab Emirates,AE,Asia,Asia,Doctor Cha: Limited Series,doctor cha,True,2023-04-30,2023-06-11,2,5.428571428571429,7
United Arab Emirates,AE,Asia,Asia,Doona!: Season 1,doona!,True,2023-10-22,2023-10-29,5,7.0,2
United Arab Emirates,AE,Asia,Asia,Extraordinary Attorney Woo: Season 1,extraordinary attorney woo,True,2022-07-17,2022-09-04,1,3.375,8
United Arab Emirates,AE,Asia,Asia,Forecasting Love and Weather: Limited Series,forecasting love and weather,True,2022-02-27,2022-04-10,7,8.2,5
United Arab Emirates,AE,Asia,Asia,Gyeongseong Creature: Season 1,gyeongseong creature,True,2023-12-24,2024-01-21,3,7.0,5
United Arab Emirates,AE,Asia,Asia,Gyeongseong Creature: Season 2,gyeongseong creature,True,2024-09-29,2024-10-13,5,7.333333333333333,3
United Arab Emirates,AE,Asia,Asia,Hellbound: Season 1,hellbound,True,2021-11-21,2021-12-05,1,1.6666666666666667,3
United Arab Emirates,AE,Asia,Asia,Hellbound: Season 2,hellbound,True,2024-11-03,2024-11-03,10,10.0,1
United Arab Emirates,AE,Asia,Asia,Hierarchy: Limited Series,hierarchy,True,2024-06-09,2024-06-30,2,5.5,4
United Arab Emirates,AE,Asia,Asia,Hometown Cha-Cha-Cha: Limited Series,hometown cha-cha-cha,True,2021-09-12,2021-11-21,2,5.7272727272727275,11
United Arab Emirates,AE,Asia,Asia,Juvenile Justice: Season 1,juvenile justice,True,2022-03-06,2022-03-06,6,6.0,1
United Arab Emirates,AE,Asia,Asia,King the Land: Limited Series,king the land,True,2023-06-25,2023-08-20,2,4.0,9
United Arab Emirates,AE,Asia,Asia,Kingdom,kingdom,True,2023-07-23,2025-09-21,3,6.8,3
United Arab Emirates,AE,Asia,Asia,Little Women: Limited Series,little women,True,2022-09-25,2022-10-23,3,5.4,5
United Arab Emirates,AE,Asia,Asia,Love Next Door: Limited Series,love next door,True,2024-08-18,2024-10-06,3,6.285714285714286,7
United Arab Emirates,AE,Asia,Asia,Love to Hate You: Season 1,love to hate you,True,2023-02-19,2023-02-19,7,7.0,1
United Arab Emirates,AE,Asia,Asia,Mask Girl: Limited Series,mask girl,True,2023-08-27,2023-09-03,4,6.0,2
United Arab Emirates,AE,Asia,Asia,Miss Night and Day: Limited Series,miss night and day,True,2024-06-23,2024-08-11,4,5.25,8
United Arab Emirates,AE,Asia,Asia,Mr. Plankton: Limited Series,mr. plankton,True,2024-11-17,2024-11-24,6,7.0,2
United Arab Emirates,AE,Asia,Asia,My Demon: Limited Series,my demon,True,2023-11-26,2024-01-28,3,5.8,10
United Arab Emirates,AE,Asia,Asia,My Liberation Notes: Limited Series,my liberation notes,True,2022-06-05,2022-06-05,9,9.0,1
United Arab Emirates,AE,Asia,Asia,Narco-Saints: Season 1,narco-saints,True,2022-09-18,2022-09-25,1,3.0,2
United Arab Emirates,AE,Asia,Asia,Our Beloved Summer: Limited Series,our beloved summer,True,2022-01-16,2022-01-30,6,6.666666666666667,3
United Arab Emirates,AE,Asia,Asia,Parasyte: The Grey: Limited Series,parasyte: the grey,True,2024-04-07,2024-04-28,1,4.0,4
United Arab Emirates,AE,Asia,Asia,Physical: 100: Season 1,physical: 100,True,2023-01-29,2023-02-26,2,4.8,5
United Arab Emirates,AE,Asia,Asia,Physical: 100: Season 2,physical: 100,True,2024-03-24,2024-04-07,3,6.0,3
United Arab Emirates,AE,Asia,Asia,Queen of Tears: Limited Series,queen of tears,True,2024-03-17,2024-05-12,3,4.555555555555555,9
United Arab Emirates,AE,Asia,Asia,Remarriage & Desires: Season 1,remarriage & desires,True,2022-07-24,2022-07-24,10,10.0,1
United Arab Emirates,AE,Asia,Asia,Resident Playbook: Limited Series,resident playbook,True,2025-05-11,2025-05-11,10,10.0,1
United Arab Emirates,AE,Asia,Asia,See You in My 19th Life: Limited Series,see you in my 19th life,True,2023-06-25,2023-07-02,7,7.0,2
United Arab Emirates,AE,Asia,Asia,Single’s Inferno: Season 1,single's inferno,True,2022-01-09,2022-01-16,5,5.0,2
United Arab Emirates,AE,Asia,Asia,Single’s Inferno: Season 3,single's inferno,True,2023-12-17,2023-12-24,6,8.0,2
United Arab Emirates,AE,Asia,Asia,Single’s Inferno: Season 4,single's inferno,True,2025-01-19,2025-01-26,7,8.5,2
United Arab Emirates,AE,Asia,Asia,Single’s Inferno: Season 5,single's inferno,True,2026-01-25,2026-02-08,5,6.333333333333333,3
United Arab Emirates,AE,Asia,Asia,Squid Game: Season 1,squid game,True,2021-09-19,2025-07-13,1,4.0,20
United Arab Emirates,AE,Asia,Asia,Squid Game: Season 2,squid game,True,2024-12-29,2025-07-20,1,3.8181818181818183,11
United Arab Emirates,AE,Asia,Asia,Squid Game: Season 3,squid game,True,2025-06-29,2025-08-03,1,2.6666666666666665,6
United Arab Emirates,AE,Asia,Asia,Sweet Home: Season 2,sweet home,True,2023-12-10,2023-12-10,6,6.0,1
United Arab Emirates,AE,Asia,Asia,Sweet Home: Season 3,sweet home,True,2024-07-21,2024-07-28,6,7.5,2
United Arab Emirates,AE,Asia,Asia,The 8 Show: Limited Series,the 8 show,True,2024-05-26,2024-06-02,4,5.0,2
United Arab Emirates,AE,Asia,Asia,The Bequeathed: Limited Series,the bequeathed,True,2024-01-28,2024-01-28,7,7.0,1
United Arab Emirates,AE,Asia,Asia,The Frog: Limited Series,the frog,True,2024-08-25,2024-09-01,5,6.0,2
United Arab Emirates,AE,Asia,Asia,The Glory: Season 1,the glory,True,2023-01-01,2023-04-16,1,4.4,10
United Arab Emirates,AE,Asia,Asia,The Good Bad Mother: Limited Series,the good bad mother,True,2023-05-14,2023-06-11,5,7.0,5
United Arab Emirates,AE,Asia,Asia,The Silent Sea: Season 1,the silent sea,True,2021-12-26,2022-01-09,4,6.333333333333333,3
United Arab Emirates,AE,Asia,Asia,Thirty-Nine: Limited Series,thirty-nine,True,2022-02-27,2022-04-03,8,8.5,2
United Arab Emirates,AE,Asia,Asia,Tomorrow: Limited Series,tomorrow,True,2022-05-01,2022-06-05,6,7.5,4
United Arab Emirates,AE,Asia,Asia,Twenty Five Twenty One: Limited Series,twenty five twenty one,True,2022-02-27,2022-04-17,4,6.375,8
United Arab Emirates,AE,Asia,Asia,Under the Queen's Umbrella: Limited Series,under the queen's umbrella,True,2022-11-27,2022-12-11,4,6.333333333333333,3
United Arab Emirates,AE,Asia,Asia,When the Phone Rings: Limited Series,when the phone rings,True,2024-11-24,2025-01-05,2,3.857142857142857,7
United Kingdom,GB,Non-Asia,Europe,All of Us Are Dead: Season 1,all of us are dead,True,2022-01-30,2022-02-27,1,4.0,5
United Kingdom,GB,Non-Asia,Europe,Hellbound: Season 1,hellbound,True,2021-11-28,2021-11-28,5,5.0,1
United Kingdom,GB,Non-Asia,Europe,Little Women,little women,True,2021-11-28,2021-11-28,7,7.0,1
United Kingdom,GB,Non-Asia,Europe,Narco-Saints: Season 1,narco-saints,True,2022-09-18,2022-09-18,8,8.0,1
United Kingdom,GB,Non-Asia,Europe,Physical: 100: Season 1,physical: 100,True,2023-01-29,2023-02-26,2,5.2,5
United Kingdom,GB,Non-Asia,Europe,Physical: 100: Season 2,physical: 100,True,2024-03-24,2024-03-31,7,8.5,2
United Kingdom,GB,Non-Asia,Europe,Squid Game: Season 1,squid game,True,2021-09-19,2025-01-12,1,4.153846153846154,13
United Kingdom,GB,Non-Asia,Europe,Squid Game: Season 2,squid game,True,2024-12-29,2025-01-26,1,2.8,5
United Kingdom,GB,Non-Asia,Europe,Squid Game: Season 3,squid game,True,2025-06-29,2025-07-27,1,2.4,5
United Kingdom,GB,Non-Asia,Europe,The Glory: Season 1,the glory,True,2023-03-12,2023-03-19,4,6.0,2
United Kingdom,GB,Non-Asia,Europe,The Silent Sea: Season 1,the silent sea,True,2022-01-02,2022-01-02,7,7.0,1
United States,US,Non-Asia,North America,All of Us Are Dead: Season 1,all of us are dead,True,2022-01-30,2022-02-27,1,4.2,5
United States,US,Non-Asia,North America,Bloodhounds: Season 1,bloodhounds,True,2023-06-18,2023-06-18,8,8.0,1
United States,US,Non-Asia,North America,Extraordinary Attorney Woo: Season 1,extraordinary attorney woo,True,2022-08-07,2022-08-21,9,9.5,2
United States,US,Non-Asia,North America,Hellbound: Season 1,hellbound,True,2021-11-21,2021-11-28,6,7.5,2
United States,US,Non-Asia,North America,Narco-Saints: Season 1,narco-saints,True,2022-09-18,2022-09-18,8,8.0,1
United States,US,Non-Asia,North America,Parasyte: The Grey: Limited Series,parasyte: the grey,True,2024-04-14,2024-04-14,5,5.0,1
United States,US,Non-Asia,North America,Physical: 100: Season 1,physical: 100,True,2023-02-05,2023-02-26,4,7.25,4
United States,US,Non-Asia,North America,Physical: 100: Season 2,physical: 100,True,2024-03-24,2024-03-31,4,5.5,2
United States,US,Non-Asia,North America,Squid Game: Season 1,squid game,True,2021-09-19,2025-07-06,1,4.066666666666666,15
United States,US,Non-Asia,North America,Squid Game: Season 2,squid game,True,2024-12-29,2025-07-06,1,4.428571428571429,7
United States,US,Non-Asia,North America,Squid Game: Season 3,squid game,True,2025-06-29,2025-07-27,1,4.0,5
United States,US,Non-Asia,North America,The Glory: Season 1,the glory,True,2023-03-12,2023-03-26,3,5.666666666666667,3
United States,US,Non-Asia,North America,The Silent Sea: Season 1,the silent sea,True,2022-01-02,2022-01-02,5,5.0,1
Uruguay,UY,Non-Asia,Latin America,All of Us Are Dead: Season 1,all of us are dead,True,2022-01-30,2022-02-20,2,4.5,4
Uruguay,UY,Non-Asia,Latin America,Bloodhounds: Season 1,bloodhounds,True,2023-06-18,2023-07-02,4,6.0,3
Uruguay,UY,Non-Asia,Latin America,Bloodhounds: Season 2,bloodhounds,True,2026-04-05,2026-04-12,6,8.0,2
Uruguay,UY,Non-Asia,Latin America,Extraordinary Attorney Woo: Season 1,extraordinary attorney woo,True,2022-08-14,2022-09-11,4,7.6,5
Uruguay,UY,Non-Asia,Latin America,Gyeongseong Creature: Season 1,gyeongseong creature,True,2023-12-31,2023-12-31,7,7.0,1
Uruguay,UY,Non-Asia,Latin America,Hellbound: Season 1,hellbound,True,2021-11-21,2021-11-28,3,4.5,2
Uruguay,UY,Non-Asia,Latin America,Hierarchy,hierarchy,True,2026-03-01,2026-03-15,3,4.0,3
Uruguay,UY,Non-Asia,Latin America,Hierarchy: Limited Series,hierarchy,True,2024-06-16,2024-06-16,6,6.0,1
Uruguay,UY,Non-Asia,Latin America,King the Land: Limited Series,king the land,True,2023-07-23,2023-07-30,7,7.5,2
Uruguay,UY,Non-Asia,Latin America,Little Women,little women,True,2023-02-26,2023-03-05,9,9.5,2
Uruguay,UY,Non-Asia,Latin America,Mask Girl: Limited Series,mask girl,True,2023-08-27,2023-08-27,8,8.0,1
Uruguay,UY,Non-Asia,Latin America,My Demon: Limited Series,my demon,True,2023-12-03,2023-12-10,9,9.0,2
Uruguay,UY,Non-Asia,Latin America,Narco-Saints: Season 1,narco-saints,True,2022-09-18,2022-09-18,5,5.0,1
Uruguay,UY,Non-Asia,Latin America,Parasyte: The Grey: Limited Series,parasyte: the grey,True,2024-04-14,2024-04-14,6,6.0,1
Uruguay,UY,Non-Asia,Latin America,Physical: 100: Season 1,physical: 100,True,2023-02-12,2023-02-26,8,9.0,3
Uruguay,UY,Non-Asia,Latin America,Physical: 100: Season 2,physical: 100,True,2024-03-24,2024-03-31,8,8.5,2
Uruguay,UY,Non-Asia,Latin America,Squid Game: Season 1,squid game,True,2021-09-19,2025-01-12,1,3.8333333333333335,12
Uruguay,UY,Non-Asia,Latin America,Squid Game: Season 2,squid game,True,2024-12-29,2025-07-06,1,4.285714285714286,7
Uruguay,UY,Non-Asia,Latin America,Squid Game: Season 3,squid game,True,2025-06-29,2025-07-20,1,3.0,4
Uruguay,UY,Non-Asia,Latin America,The 8 Show: Limited Series,the 8 show,True,2024-05-26,2024-05-26,10,10.0,1
Uruguay,UY,Non-Asia,Latin America,The Glory: Season 1,the glory,True,2023-03-12,2023-03-19,2,4.5,2
Uruguay,UY,Non-Asia,Latin America,The Silent Sea: Season 1,the silent sea,True,2022-01-02,2022-01-02,9,9.0,1
Venezuela,VE,Non-Asia,Latin America,A Time Called You: Limited Series,a time called you,True,2023-09-17,2023-09-17,7,7.0,1
Venezuela,VE,Non-Asia,Latin America,All of Us Are Dead: Season 1,all of us are dead,True,2022-01-30,2022-03-06,2,4.666666666666667,6
Venezuela,VE,Non-Asia,Latin America,Bloodhounds: Season 1,bloodhounds,True,2023-06-18,2026-04-12,3,5.0,4
Venezuela,VE,Non-Asia,Latin America,Bloodhounds: Season 2,bloodhounds,True,2026-04-05,2026-04-19,2,5.666666666666667,3
Venezuela,VE,Non-Asia,Latin America,Business Proposal: Limited Series,business proposal,True,2022-05-01,2022-05-15,7,8.0,3
Venezuela,VE,Non-Asia,Latin America,Castaway Diva: Limited Series,castaway diva,True,2023-11-12,2023-11-26,7,8.0,3
Venezuela,VE,Non-Asia,Latin America,Celebrity: Limited Series,celebrity,True,2023-07-09,2023-07-16,4,7.0,2
Venezuela,VE,Non-Asia,Latin America,Doctor Cha: Limited Series,doctor cha,True,2023-06-18,2023-07-02,8,9.0,3
Venezuela,VE,Non-Asia,Latin America,Doona!: Season 1,doona!,True,2023-10-29,2023-10-29,6,6.0,1
Venezuela,VE,Non-Asia,Latin America,Extraordinary Attorney Woo: Season 1,extraordinary attorney woo,True,2022-08-07,2022-10-16,1,5.7272727272727275,11
Venezuela,VE,Non-Asia,Latin America,Gyeongseong Creature: Season 1,gyeongseong creature,True,2023-12-31,2023-12-31,6,6.0,1
Venezuela,VE,Non-Asia,Latin America,Hellbound: Season 1,hellbound,True,2021-11-21,2021-11-28,3,6.0,2
Venezuela,VE,Non-Asia,Latin America,Hierarchy,hierarchy,True,2026-03-01,2026-03-22,1,3.5,4
Venezuela,VE,Non-Asia,Latin America,Hierarchy: Limited Series,hierarchy,True,2024-06-09,2024-06-30,3,5.25,4
Venezuela,VE,Non-Asia,Latin America,Hometown Cha-Cha-Cha: Limited Series,hometown cha-cha-cha,True,2021-11-21,2021-12-12,8,9.0,4
Venezuela,VE,Non-Asia,Latin America,King the Land: Limited Series,king the land,True,2023-07-16,2023-09-10,1,4.111111111111111,9
Venezuela,VE,Non-Asia,Latin America,Little Women: Limited Series,little women,True,2022-11-13,2022-11-13,10,10.0,1
Venezuela,VE,Non-Asia,Latin America,Love Next Door: Limited Series,love next door,True,2024-09-01,2024-10-27,4,5.888888888888889,9
Venezuela,VE,Non-Asia,Latin America,Mask Girl: Limited Series,mask girl,True,2023-08-27,2023-09-03,4,7.0,2
Venezuela,VE,Non-Asia,Latin America,Miss Night and Day: Limited Series,miss night and day,True,2024-07-21,2024-09-01,4,6.285714285714286,7
Venezuela,VE,Non-Asia,Latin America,Mr. Plankton: Limited Series,mr. plankton,True,2024-11-17,2024-11-17,7,7.0,1
Venezuela,VE,Non-Asia,Latin America,My Demon: Limited Series,my demon,True,2023-12-03,2024-02-04,2,5.3,10
Venezuela,VE,Non-Asia,Latin America,Narco-Saints: Season 1,narco-saints,True,2022-09-18,2022-09-18,5,5.0,1
Venezuela,VE,Non-Asia,Latin America,Parasyte: The Grey: Limited Series,parasyte: the grey,True,2024-04-07,2024-04-21,3,5.666666666666667,3
Venezuela,VE,Non-Asia,Latin America,Physical: 100: Season 1,physical: 100,True,2023-02-19,2023-02-19,8,8.0,1
Venezuela,VE,Non-Asia,Latin America,Physical: 100: Season 2,physical: 100,True,2024-03-24,2024-03-31,5,6.0,2
Venezuela,VE,Non-Asia,Latin America,Queen of Tears: Limited Series,queen of tears,True,2024-03-24,2024-05-26,3,4.7,10
Venezuela,VE,Non-Asia,Latin America,Remarriage & Desires: Season 1,remarriage & desires,True,2022-07-24,2022-07-24,10,10.0,1
Venezuela,VE,Non-Asia,Latin America,See You in My 19th Life: Limited Series,see you in my 19th life,True,2023-07-02,2023-07-02,9,9.0,1
Venezuela,VE,Non-Asia,Latin America,Squid Game: Season 1,squid game,True,2021-09-19,2025-07-06,1,3.533333333333333,15
Venezuela,VE,Non-Asia,Latin America,Squid Game: Season 2,squid game,True,2024-12-29,2025-07-06,1,3.25,8
Venezuela,VE,Non-Asia,Latin America,Squid Game: Season 3,squid game,True,2025-06-29,2025-07-27,1,2.8,5
Venezuela,VE,Non-Asia,Latin America,The 8 Show: Limited Series,the 8 show,True,2024-05-26,2024-05-26,4,4.0,1
Venezuela,VE,Non-Asia,Latin America,The Frog: Limited Series,the frog,True,2024-09-01,2024-09-01,7,7.0,1
Venezuela,VE,Non-Asia,Latin America,The Glory: Season 1,the glory,True,2023-03-12,2023-04-02,1,4.25,4
Venezuela,VE,Non-Asia,Latin America,When the Phone Rings: Limited Series,when the phone rings,True,2024-11-24,2025-01-12,1,4.0,8
Vietnam,VN,Asia,Asia,A Killer Paradox: Season 1,a killer paradox,True,2024-02-11,2024-03-31,1,4.125,8
Vietnam,VN,Asia,Asia,A Time Called You: Limited Series,a time called you,True,2023-09-10,2023-09-24,3,5.666666666666667,3
Vietnam,VN,Asia,Asia,Alchemy of Souls: Part 1,alchemy of souls,True,2022-06-26,2023-01-29,1,5.0,22
Vietnam,VN,Asia,Asia,Alchemy of Souls: Part 2,alchemy of souls,True,2022-12-11,2023-01-29,2,4.375,8
Vietnam,VN,Asia,Asia,All of Us Are Dead: Season 1,all of us are dead,True,2022-01-30,2022-03-20,1,3.375,8
Vietnam,VN,Asia,Asia,Behind Your Touch: Limited Series,behind your touch,True,2023-08-20,2023-10-08,5,7.5,8
Vietnam,VN,Asia,Asia,Bloodhounds: Season 1,bloodhounds,True,2023-06-11,2026-05-03,1,4.1,10
Vietnam,VN,Asia,Asia,Bloodhounds: Season 2,bloodhounds,True,2026-04-05,2026-05-10,1,2.0,6
Vietnam,VN,Asia,Asia,Business Proposal: Limited Series,business proposal,True,2022-03-06,2022-05-29,1,3.1538461538461537,13
Vietnam,VN,Asia,Asia,Café Minamdang: Limited Series,cafe minamdang,True,2022-07-17,2022-09-11,4,7.111111111111111,9
Vietnam,VN,Asia,Asia,Castaway Diva: Limited Series,castaway diva,True,2023-11-05,2023-12-10,4,5.666666666666667,6
Vietnam,VN,Asia,Asia,Celebrity: Limited Series,celebrity,True,2023-07-02,2023-07-30,1,3.0,5
Vietnam,VN,Asia,Asia,Crash Landing on You: Limited Series,crash landing on you,True,2021-07-04,2022-05-01,3,7.8125,32
Vietnam,VN,Asia,Asia,D.P.: Season 1,d.p.,True,2021-08-29,2023-08-13,2,7.0,5
Vietnam,VN,Asia,Asia,D.P.: Season 2,d.p.,True,2023-07-30,2023-08-20,2,4.25,4
Vietnam,VN,Asia,Asia,Daily Dose of Sunshine: Season 1,daily dose of sunshine,True,2023-11-12,2023-11-19,5,5.5,2
Vietnam,VN,Asia,Asia,Doctor Cha: Limited Series,doctor cha,True,2023-04-30,2023-06-18,1,2.25,8
Vietnam,VN,Asia,Asia,Doona!: Season 1,doona!,True,2023-10-22,2023-11-26,2,4.0,6
Vietnam,VN,Asia,Asia,Extraordinary Attorney Woo: Season 1,extraordinary attorney woo,True,2022-07-10,2022-10-02,1,2.8461538461538463,13
Vietnam,VN,Asia,Asia,Forecasting Love and Weather: Limited Series,forecasting love and weather,True,2022-02-20,2022-04-17,3,4.777777777777778,9
Vietnam,VN,Asia,Asia,Gyeongseong Creature: Season 1,gyeongseong creature,True,2023-12-24,2024-10-20,1,5.571428571428571,14
Vietnam,VN,Asia,Asia,Gyeongseong Creature: Season 2,gyeongseong creature,True,2024-09-29,2024-10-27,1,3.6,5
Vietnam,VN,Asia,Asia,Hellbound: Season 1,hellbound,True,2021-11-21,2024-11-03,1,3.6,5
Vietnam,VN,Asia,Asia,Hellbound: Season 2,hellbound,True,2024-10-27,2024-11-10,1,3.6666666666666665,3
Vietnam,VN,Asia,Asia,Hierarchy: Limited Series,hierarchy,True,2024-06-09,2024-07-14,1,3.5,6
Vietnam,VN,Asia,Asia,Hometown Cha-Cha-Cha: Limited Series,hometown cha-cha-cha,True,2021-09-05,2026-02-01,1,3.5,18
Vietnam,VN,Asia,Asia,Hospital Playlist: Season 1,hospital playlist,True,2021-07-04,2021-10-10,1,6.066666666666666,15
Vietnam,VN,Asia,Asia,Hospital Playlist: Season 2,hospital playlist,True,2021-07-04,2021-11-07,1,4.555555555555555,18
Vietnam,VN,Asia,Asia,Juvenile Justice: Season 1,juvenile justice,True,2022-02-27,2022-04-03,1,4.666666666666667,6
Vietnam,VN,Asia,Asia,King the Land: Limited Series,king the land,True,2023-06-18,2023-09-03,1,3.5833333333333335,12
Vietnam,VN,Asia,Asia,Kingdom,kingdom,True,2023-07-23,2023-07-23,10,10.0,1
Vietnam,VN,Asia,Asia,Little Women: Limited Series,little women,True,2022-09-11,2022-10-09,1,1.6,5
Vietnam,VN,Asia,Asia,Love Next Door: Limited Series,love next door,True,2024-08-18,2024-11-03,1,2.8333333333333335,12
Vietnam,VN,Asia,Asia,Love to Hate You: Season 1,love to hate you,True,2023-02-19,2023-03-05,5,6.333333333333333,3
Vietnam,VN,Asia,Asia,Mask Girl: Limited Series,mask girl,True,2023-08-20,2023-10-01,1,3.0,7
Vietnam,VN,Asia,Asia,Miss Night and Day: Limited Series,miss night and day,True,2024-06-23,2024-08-18,3,4.111111111111111,9
Vietnam,VN,Asia,Asia,Mr. Plankton: Limited Series,mr. plankton,True,2024-11-17,2024-12-15,2,5.4,5
Vietnam,VN,Asia,Asia,My Demon: Limited Series,my demon,True,2023-11-26,2024-02-18,1,2.3846153846153846,13
Vietnam,VN,Asia,Asia,My Liberation Notes: Limited Series,my liberation notes,True,2022-04-24,2022-06-19,1,3.2222222222222223,9
Vietnam,VN,Asia,Asia,Narco-Saints: Season 1,narco-saints,True,2022-09-11,2022-10-16,1,3.5,6
Vietnam,VN,Asia,Asia,Our Beloved Summer: Limited Series,our beloved summer,True,2021-12-12,2022-03-20,1,3.6,15
Vietnam,VN,Asia,Asia,Our Blues: Limited Series,our blues,True,2022-04-17,2022-07-10,1,3.4615384615384617,13
Vietnam,VN,Asia,Asia,Parasyte: The Grey: Limited Series,parasyte: the grey,True,2024-04-07,2024-06-16,1,5.363636363636363,11
Vietnam,VN,Asia,Asia,Physical: 100: Season 1,physical: 100,True,2023-01-29,2023-03-05,2,4.0,6
Vietnam,VN,Asia,Asia,Queen of Tears: Limited Series,queen of tears,True,2024-03-10,2024-06-30,1,3.2941176470588234,17
Vietnam,VN,Asia,Asia,Remarriage & Desires: Season 1,remarriage & desires,True,2022-07-17,2022-08-07,3,5.75,4
Vietnam,VN,Asia,Asia,Resident Playbook: Limited Series,resident playbook,True,2025-04-13,2025-06-08,1,4.555555555555555,9
Vietnam,VN,Asia,Asia,See You in My 19th Life: Limited Series,see you in my 19th life,True,2023-06-18,2023-07-30,2,4.428571428571429,7
Vietnam,VN,Asia,Asia,Single’s Inferno: Season 1,single's inferno,True,2021-12-26,2022-01-30,3,4.5,6
Vietnam,VN,Asia,Asia,Single’s Inferno: Season 2,single's inferno,True,2022-12-18,2023-01-22,2,4.333333333333333,6
Vietnam,VN,Asia,Asia,Squid Game: Season 1,squid game,True,2021-09-19,2025-07-13,1,4.555555555555555,18
Vietnam,VN,Asia,Asia,Squid Game: Season 2,squid game,True,2024-12-29,2025-07-13,1,3.75,12
Vietnam,VN,Asia,Asia,Squid Game: Season 3,squid game,True,2025-06-29,2025-08-03,1,2.0,6
Vietnam,VN,Asia,Asia,Sweet Home: Season 1,sweet home,True,2023-12-03,2024-08-11,3,6.857142857142857,7
Vietnam,VN,Asia,Asia,Sweet Home: Season 2,sweet home,True,2023-12-03,2024-08-11,2,5.5,8
Vietnam,VN,Asia,Asia,Sweet Home: Season 3,sweet home,True,2024-07-21,2024-08-25,1,3.8333333333333335,6
Vietnam,VN,Asia,Asia,The 8 Show: Limited Series,the 8 show,True,2024-05-19,2024-06-23,1,3.0,6
Vietnam,VN,Asia,Asia,The Bequeathed: Limited Series,the bequeathed,True,2024-01-21,2024-02-04,1,3.3333333333333335,3
Vietnam,VN,Asia,Asia,The Frog: Limited Series,the frog,True,2024-08-25,2024-09-29,2,4.333333333333333,6
Vietnam,VN,Asia,Asia,The Glory: Season 1,the glory,True,2023-01-01,2023-06-04,1,4.0,21
Vietnam,VN,Asia,Asia,The Good Bad Mother: Limited Series,the good bad mother,True,2023-04-30,2023-07-02,1,4.0,10
Vietnam,VN,Asia,Asia,The Silent Sea: Season 1,the silent sea,True,2021-12-26,2022-01-09,2,4.0,3
Vietnam,VN,Asia,Asia,Thirty-Nine: Limited Series,thirty-nine,True,2022-02-20,2022-04-24,1,4.1,10
Vietnam,VN,Asia,Asia,Tomorrow: Limited Series,tomorrow,True,2022-04-10,2022-05-29,4,6.0,8
Vietnam,VN,Asia,Asia,Twenty Five Twenty One: Limited Series,twenty five twenty one,True,2022-02-20,2022-05-22,2,4.214285714285714,14
Vietnam,VN,Asia,Asia,Under the Queen's Umbrella: Limited Series,under the queen's umbrella,True,2022-10-23,2022-12-25,1,3.3,10
Vietnam,VN,Asia,Asia,Vincenzo: Season 1,vincenzo,True,2021-07-04,2022-09-04,3,6.416666666666667,24
Vietnam,VN,Asia,Asia,When the Phone Rings: Limited Series,when the phone rings,True,2024-11-24,2025-01-26,1,2.4,10